file,label,severity,seed,split
crater/crater_100000.png,crater,severe,100000,test
crater/crater_100001.png,crater,moderate,100001,train
crater/crater_100002.png,crater,minor,100002,train
crater/crater_100003.png,crater,severe,100003,train
crater/crater_100004.png,crater,minor,100004,train
crater/crater_100005.png,crater,moderate,100005,train
crater/crater_100006.png,crater,severe,100006,train
crater/crater_100007.png,crater,minor,100007,train
crater/crater_100008.png,crater,severe,100008,test
crater/crater_100009.png,crater,minor,100009,test
crater/crater_100010.png,crater,moderate,100010,train
crater/crater_100011.png,crater,severe,100011,test
crater/crater_100012.png,crater,minor,100012,val
crater/crater_100013.png,crater,moderate,100013,test
crater/crater_100014.png,crater,minor,100014,train
crater/crater_100015.png,crater,moderate,100015,train
crater/crater_100016.png,crater,severe,100016,val
crater/crater_100017.png,crater,moderate,100017,train
crater/crater_100018.png,crater,minor,100018,train
crater/crater_100019.png,crater,moderate,100019,train
crater/crater_100020.png,crater,minor,100020,train
crater/crater_100021.png,crater,minor,100021,train
crater/crater_100022.png,crater,minor,100022,train
crater/crater_100023.png,crater,moderate,100023,train
crater/crater_100024.png,crater,moderate,100024,train
crater/crater_100025.png,crater,severe,100025,train
crater/crater_100026.png,crater,severe,100026,train
crater/crater_100027.png,crater,severe,100027,val
crater/crater_100028.png,crater,moderate,100028,train
crater/crater_100029.png,crater,minor,100029,val
crater/crater_100030.png,crater,severe,100030,val
crater/crater_100031.png,crater,minor,100031,train
crater/crater_100032.png,crater,severe,100032,train
crater/crater_100033.png,crater,severe,100033,train
crater/crater_100034.png,crater,moderate,100034,val
crater/crater_100035.png,crater,moderate,100035,train
crater/crater_100036.png,crater,moderate,100036,train
crater/crater_100037.png,crater,minor,100037,train
crater/crater_100038.png,crater,severe,100038,train
crater/crater_100039.png,crater,moderate,100039,train
crater/crater_100040.png,crater,moderate,100040,test
crater/crater_100041.png,crater,moderate,100041,val
crater/crater_100042.png,crater,severe,100042,train
crater/crater_100043.png,crater,minor,100043,train
crater/crater_100044.png,crater,moderate,100044,train
crater/crater_100045.png,crater,severe,100045,train
crater/crater_100046.png,crater,moderate,100046,train
crater/crater_100047.png,crater,severe,100047,train
crater/crater_100048.png,crater,severe,100048,val
crater/crater_100049.png,crater,moderate,100049,val
crater/crater_100050.png,crater,moderate,100050,train
crater/crater_100051.png,crater,severe,100051,train
crater/crater_100052.png,crater,severe,100052,train
crater/crater_100053.png,crater,minor,100053,train
crater/crater_100054.png,crater,severe,100054,val
crater/crater_100055.png,crater,severe,100055,train
crater/crater_100056.png,crater,severe,100056,val
crater/crater_100057.png,crater,moderate,100057,train
crater/crater_100058.png,crater,minor,100058,train
crater/crater_100059.png,crater,minor,100059,train
crater/crater_100060.png,crater,severe,100060,test
crater/crater_100061.png,crater,minor,100061,train
crater/crater_100062.png,crater,moderate,100062,train
crater/crater_100063.png,crater,minor,100063,test
crater/crater_100064.png,crater,minor,100064,test
crater/crater_100065.png,crater,moderate,100065,train
crater/crater_100066.png,crater,moderate,100066,train
crater/crater_100067.png,crater,minor,100067,train
crater/crater_100068.png,crater,minor,100068,train
crater/crater_100069.png,crater,moderate,100069,val
crater/crater_100070.png,crater,severe,100070,train
crater/crater_100071.png,crater,minor,100071,train
crater/crater_100072.png,crater,minor,100072,train
crater/crater_100073.png,crater,moderate,100073,train
crater/crater_100074.png,crater,minor,100074,train
crater/crater_100075.png,crater,severe,100075,train
crater/crater_100076.png,crater,minor,100076,test
crater/crater_100077.png,crater,minor,100077,train
crater/crater_100078.png,crater,severe,100078,val
crater/crater_100079.png,crater,minor,100079,train
crater/crater_100080.png,crater,minor,100080,train
crater/crater_100081.png,crater,severe,100081,test
crater/crater_100082.png,crater,moderate,100082,train
crater/crater_100083.png,crater,moderate,100083,val
crater/crater_100084.png,crater,moderate,100084,train
crater/crater_100085.png,crater,minor,100085,train
crater/crater_100086.png,crater,moderate,100086,test
crater/crater_100087.png,crater,moderate,100087,train
crater/crater_100088.png,crater,minor,100088,train
crater/crater_100089.png,crater,moderate,100089,train
crater/crater_100090.png,crater,moderate,100090,train
crater/crater_100091.png,crater,severe,100091,train
crater/crater_100092.png,crater,moderate,100092,train
crater/crater_100093.png,crater,moderate,100093,val
crater/crater_100094.png,crater,minor,100094,train
crater/crater_100095.png,crater,moderate,100095,train
crater/crater_100096.png,crater,minor,100096,train
crater/crater_100097.png,crater,severe,100097,test
crater/crater_100098.png,crater,minor,100098,train
crater/crater_100099.png,crater,moderate,100099,train
crater/crater_100100.png,crater,moderate,100100,train
crater/crater_100101.png,crater,severe,100101,val
crater/crater_100102.png,crater,moderate,100102,train
crater/crater_100103.png,crater,severe,100103,train
crater/crater_100104.png,crater,severe,100104,train
crater/crater_100105.png,crater,minor,100105,train
crater/crater_100106.png,crater,severe,100106,train
crater/crater_100107.png,crater,minor,100107,train
crater/crater_100108.png,crater,minor,100108,train
crater/crater_100109.png,crater,minor,100109,train
crater/crater_100110.png,crater,moderate,100110,train
crater/crater_100111.png,crater,severe,100111,train
crater/crater_100112.png,crater,severe,100112,val
crater/crater_100113.png,crater,severe,100113,val
crater/crater_100114.png,crater,moderate,100114,val
crater/crater_100115.png,crater,minor,100115,val
crater/crater_100116.png,crater,minor,100116,train
crater/crater_100117.png,crater,minor,100117,train
crater/crater_100118.png,crater,severe,100118,train
crater/crater_100119.png,crater,severe,100119,train
crater/crater_100120.png,crater,minor,100120,train
crater/crater_100121.png,crater,moderate,100121,train
crater/crater_100122.png,crater,minor,100122,val
crater/crater_100123.png,crater,minor,100123,train
crater/crater_100124.png,crater,severe,100124,val
crater/crater_100125.png,crater,minor,100125,val
crater/crater_100126.png,crater,minor,100126,train
crater/crater_100127.png,crater,severe,100127,train
crater/crater_100128.png,crater,severe,100128,train
crater/crater_100129.png,crater,minor,100129,train
crater/crater_100130.png,crater,minor,100130,train
crater/crater_100131.png,crater,moderate,100131,train
crater/crater_100132.png,crater,moderate,100132,train
crater/crater_100133.png,crater,moderate,100133,train
crater/crater_100134.png,crater,severe,100134,train
crater/crater_100135.png,crater,severe,100135,train
crater/crater_100136.png,crater,moderate,100136,train
crater/crater_100137.png,crater,severe,100137,train
crater/crater_100138.png,crater,minor,100138,train
crater/crater_100139.png,crater,minor,100139,val
crater/crater_100140.png,crater,moderate,100140,val
crater/crater_100141.png,crater,minor,100141,train
crater/crater_100142.png,crater,severe,100142,train
crater/crater_100143.png,crater,moderate,100143,train
crater/crater_100144.png,crater,severe,100144,train
crater/crater_100145.png,crater,moderate,100145,train
crater/crater_100146.png,crater,minor,100146,val
crater/crater_100147.png,crater,moderate,100147,train
crater/crater_100148.png,crater,moderate,100148,val
crater/crater_100149.png,crater,moderate,100149,train
crater/crater_100150.png,crater,moderate,100150,train
crater/crater_100151.png,crater,minor,100151,train
crater/crater_100152.png,crater,moderate,100152,test
crater/crater_100153.png,crater,minor,100153,val
crater/crater_100154.png,crater,moderate,100154,test
crater/crater_100155.png,crater,moderate,100155,train
crater/crater_100156.png,crater,moderate,100156,train
crater/crater_100157.png,crater,severe,100157,train
crater/crater_100158.png,crater,severe,100158,val
crater/crater_100159.png,crater,minor,100159,train
crater/crater_100160.png,crater,severe,100160,train
crater/crater_100161.png,crater,moderate,100161,train
crater/crater_100162.png,crater,severe,100162,val
crater/crater_100163.png,crater,minor,100163,train
crater/crater_100164.png,crater,moderate,100164,val
crater/crater_100165.png,crater,severe,100165,train
crater/crater_100166.png,crater,severe,100166,val
crater/crater_100167.png,crater,moderate,100167,train
crater/crater_100168.png,crater,severe,100168,train
crater/crater_100169.png,crater,minor,100169,train
crater/crater_100170.png,crater,moderate,100170,train
crater/crater_100171.png,crater,minor,100171,train
crater/crater_100172.png,crater,severe,100172,train
crater/crater_100173.png,crater,minor,100173,train
crater/crater_100174.png,crater,minor,100174,val
crater/crater_100175.png,crater,minor,100175,val
crater/crater_100176.png,crater,minor,100176,val
crater/crater_100177.png,crater,minor,100177,test
crater/crater_100178.png,crater,moderate,100178,train
crater/crater_100179.png,crater,severe,100179,test
crater/crater_100180.png,crater,minor,100180,train
crater/crater_100181.png,crater,minor,100181,train
crater/crater_100182.png,crater,severe,100182,train
crater/crater_100183.png,crater,severe,100183,test
crater/crater_100184.png,crater,minor,100184,train
crater/crater_100185.png,crater,moderate,100185,val
crater/crater_100186.png,crater,minor,100186,train
crater/crater_100187.png,crater,severe,100187,train
crater/crater_100188.png,crater,severe,100188,train
crater/crater_100189.png,crater,moderate,100189,val
crater/crater_100190.png,crater,minor,100190,train
crater/crater_100191.png,crater,moderate,100191,train
crater/crater_100192.png,crater,moderate,100192,train
crater/crater_100193.png,crater,minor,100193,train
crater/crater_100194.png,crater,severe,100194,train
crater/crater_100195.png,crater,moderate,100195,train
crater/crater_100196.png,crater,moderate,100196,train
crater/crater_100197.png,crater,moderate,100197,test
crater/crater_100198.png,crater,minor,100198,train
crater/crater_100199.png,crater,minor,100199,val
crater/crater_100200.png,crater,severe,100200,train
crater/crater_100201.png,crater,moderate,100201,train
crater/crater_100202.png,crater,minor,100202,train
crater/crater_100203.png,crater,severe,100203,train
crater/crater_100204.png,crater,minor,100204,train
crater/crater_100205.png,crater,minor,100205,train
crater/crater_100206.png,crater,severe,100206,train
crater/crater_100207.png,crater,severe,100207,train
crater/crater_100208.png,crater,minor,100208,train
crater/crater_100209.png,crater,severe,100209,train
crater/crater_100210.png,crater,minor,100210,train
crater/crater_100211.png,crater,severe,100211,train
crater/crater_100212.png,crater,severe,100212,train
crater/crater_100213.png,crater,severe,100213,train
crater/crater_100214.png,crater,severe,100214,train
crater/crater_100215.png,crater,severe,100215,train
crater/crater_100216.png,crater,minor,100216,test
crater/crater_100217.png,crater,severe,100217,train
crater/crater_100218.png,crater,severe,100218,train
crater/crater_100219.png,crater,moderate,100219,train
crater/crater_100220.png,crater,severe,100220,train
crater/crater_100221.png,crater,minor,100221,train
crater/crater_100222.png,crater,moderate,100222,test
crater/crater_100223.png,crater,moderate,100223,train
crater/crater_100224.png,crater,moderate,100224,train
crater/crater_100225.png,crater,moderate,100225,train
crater/crater_100226.png,crater,moderate,100226,test
crater/crater_100227.png,crater,minor,100227,train
crater/crater_100228.png,crater,moderate,100228,train
crater/crater_100229.png,crater,severe,100229,test
crater/crater_100230.png,crater,minor,100230,train
crater/crater_100231.png,crater,moderate,100231,train
crater/crater_100232.png,crater,moderate,100232,train
crater/crater_100233.png,crater,moderate,100233,train
crater/crater_100234.png,crater,severe,100234,train
crater/crater_100235.png,crater,moderate,100235,train
crater/crater_100236.png,crater,severe,100236,test
crater/crater_100237.png,crater,moderate,100237,train
crater/crater_100238.png,crater,moderate,100238,train
crater/crater_100239.png,crater,moderate,100239,train
crater/crater_100240.png,crater,moderate,100240,train
crater/crater_100241.png,crater,moderate,100241,train
crater/crater_100242.png,crater,minor,100242,val
crater/crater_100243.png,crater,moderate,100243,val
crater/crater_100244.png,crater,severe,100244,train
crater/crater_100245.png,crater,severe,100245,train
crater/crater_100246.png,crater,severe,100246,train
crater/crater_100247.png,crater,minor,100247,val
crater/crater_100248.png,crater,moderate,100248,val
crater/crater_100249.png,crater,severe,100249,test
crater/crater_100250.png,crater,minor,100250,val
crater/crater_100251.png,crater,severe,100251,train
crater/crater_100252.png,crater,minor,100252,train
crater/crater_100253.png,crater,minor,100253,train
crater/crater_100254.png,crater,moderate,100254,train
crater/crater_100255.png,crater,moderate,100255,train
crater/crater_100256.png,crater,minor,100256,train
crater/crater_100257.png,crater,moderate,100257,train
crater/crater_100258.png,crater,severe,100258,train
crater/crater_100259.png,crater,minor,100259,train
crater/crater_100260.png,crater,minor,100260,train
crater/crater_100261.png,crater,minor,100261,train
crater/crater_100262.png,crater,moderate,100262,val
crater/crater_100263.png,crater,minor,100263,train
crater/crater_100264.png,crater,moderate,100264,train
crater/crater_100265.png,crater,severe,100265,train
crater/crater_100266.png,crater,moderate,100266,train
crater/crater_100267.png,crater,moderate,100267,train
crater/crater_100268.png,crater,minor,100268,train
crater/crater_100269.png,crater,moderate,100269,train
crater/crater_100270.png,crater,minor,100270,test
crater/crater_100271.png,crater,moderate,100271,train
crater/crater_100272.png,crater,moderate,100272,train
crater/crater_100273.png,crater,severe,100273,train
crater/crater_100274.png,crater,moderate,100274,train
crater/crater_100275.png,crater,severe,100275,val
crater/crater_100276.png,crater,severe,100276,val
crater/crater_100277.png,crater,severe,100277,train
crater/crater_100278.png,crater,moderate,100278,train
crater/crater_100279.png,crater,moderate,100279,train
crater/crater_100280.png,crater,moderate,100280,train
crater/crater_100281.png,crater,minor,100281,val
crater/crater_100282.png,crater,moderate,100282,test
crater/crater_100283.png,crater,minor,100283,val
crater/crater_100284.png,crater,minor,100284,train
crater/crater_100285.png,crater,moderate,100285,val
crater/crater_100286.png,crater,severe,100286,train
crater/crater_100287.png,crater,moderate,100287,val
crater/crater_100288.png,crater,severe,100288,train
crater/crater_100289.png,crater,minor,100289,train
crater/crater_100290.png,crater,severe,100290,train
crater/crater_100291.png,crater,minor,100291,train
crater/crater_100292.png,crater,moderate,100292,val
crater/crater_100293.png,crater,severe,100293,test
crater/crater_100294.png,crater,minor,100294,val
crater/crater_100295.png,crater,severe,100295,val
crater/crater_100296.png,crater,severe,100296,val
crater/crater_100297.png,crater,minor,100297,val
crater/crater_100298.png,crater,moderate,100298,train
crater/crater_100299.png,crater,minor,100299,val
crater/crater_100300.png,crater,minor,100300,val
crater/crater_100301.png,crater,minor,100301,train
crater/crater_100302.png,crater,severe,100302,train
crater/crater_100303.png,crater,minor,100303,train
crater/crater_100304.png,crater,minor,100304,train
crater/crater_100305.png,crater,moderate,100305,train
crater/crater_100306.png,crater,severe,100306,train
crater/crater_100307.png,crater,minor,100307,val
crater/crater_100308.png,crater,minor,100308,train
crater/crater_100309.png,crater,minor,100309,train
crater/crater_100310.png,crater,minor,100310,train
crater/crater_100311.png,crater,minor,100311,train
crater/crater_100312.png,crater,minor,100312,train
crater/crater_100313.png,crater,moderate,100313,train
crater/crater_100314.png,crater,minor,100314,train
crater/crater_100315.png,crater,minor,100315,test
crater/crater_100316.png,crater,severe,100316,train
crater/crater_100317.png,crater,minor,100317,val
crater/crater_100318.png,crater,severe,100318,val
crater/crater_100319.png,crater,moderate,100319,train
crater/crater_100320.png,crater,severe,100320,val
crater/crater_100321.png,crater,moderate,100321,val
crater/crater_100322.png,crater,moderate,100322,train
crater/crater_100323.png,crater,moderate,100323,train
crater/crater_100324.png,crater,moderate,100324,test
crater/crater_100325.png,crater,moderate,100325,train
crater/crater_100326.png,crater,moderate,100326,train
crater/crater_100327.png,crater,moderate,100327,val
crater/crater_100328.png,crater,moderate,100328,train
crater/crater_100329.png,crater,severe,100329,train
crater/crater_100330.png,crater,minor,100330,train
crater/crater_100331.png,crater,moderate,100331,train
crater/crater_100332.png,crater,moderate,100332,val
crater/crater_100333.png,crater,severe,100333,test
crater/crater_100334.png,crater,moderate,100334,train
crater/crater_100335.png,crater,moderate,100335,train
crater/crater_100336.png,crater,minor,100336,val
crater/crater_100337.png,crater,minor,100337,test
crater/crater_100338.png,crater,moderate,100338,test
crater/crater_100339.png,crater,moderate,100339,train
crater/crater_100340.png,crater,moderate,100340,val
crater/crater_100341.png,crater,minor,100341,train
crater/crater_100342.png,crater,moderate,100342,train
crater/crater_100343.png,crater,minor,100343,val
crater/crater_100344.png,crater,minor,100344,val
crater/crater_100345.png,crater,severe,100345,test
crater/crater_100346.png,crater,moderate,100346,train
crater/crater_100347.png,crater,minor,100347,test
crater/crater_100348.png,crater,minor,100348,val
crater/crater_100349.png,crater,moderate,100349,train
crater/crater_100350.png,crater,moderate,100350,train
crater/crater_100351.png,crater,severe,100351,val
crater/crater_100352.png,crater,severe,100352,train
crater/crater_100353.png,crater,moderate,100353,train
crater/crater_100354.png,crater,moderate,100354,train
crater/crater_100355.png,crater,severe,100355,train
crater/crater_100356.png,crater,severe,100356,test
crater/crater_100357.png,crater,moderate,100357,train
crater/crater_100358.png,crater,moderate,100358,train
crater/crater_100359.png,crater,severe,100359,val
crater/crater_100360.png,crater,moderate,100360,train
crater/crater_100361.png,crater,severe,100361,train
crater/crater_100362.png,crater,minor,100362,train
crater/crater_100363.png,crater,severe,100363,train
crater/crater_100364.png,crater,minor,100364,test
crater/crater_100365.png,crater,moderate,100365,train
crater/crater_100366.png,crater,minor,100366,train
crater/crater_100367.png,crater,minor,100367,train
crater/crater_100368.png,crater,minor,100368,val
crater/crater_100369.png,crater,severe,100369,test
crater/crater_100370.png,crater,moderate,100370,train
crater/crater_100371.png,crater,severe,100371,train
crater/crater_100372.png,crater,moderate,100372,train
crater/crater_100373.png,crater,severe,100373,train
crater/crater_100374.png,crater,severe,100374,train
crater/crater_100375.png,crater,moderate,100375,train
crater/crater_100376.png,crater,severe,100376,train
crater/crater_100377.png,crater,minor,100377,test
crater/crater_100378.png,crater,moderate,100378,train
crater/crater_100379.png,crater,moderate,100379,val
crater/crater_100380.png,crater,minor,100380,test
crater/crater_100381.png,crater,severe,100381,val
crater/crater_100382.png,crater,moderate,100382,train
crater/crater_100383.png,crater,severe,100383,train
crater/crater_100384.png,crater,severe,100384,train
crater/crater_100385.png,crater,moderate,100385,train
crater/crater_100386.png,crater,moderate,100386,test
crater/crater_100387.png,crater,moderate,100387,val
crater/crater_100388.png,crater,minor,100388,train
crater/crater_100389.png,crater,moderate,100389,train
crater/crater_100390.png,crater,minor,100390,train
crater/crater_100391.png,crater,moderate,100391,train
crater/crater_100392.png,crater,minor,100392,train
crater/crater_100393.png,crater,minor,100393,train
crater/crater_100394.png,crater,minor,100394,val
crater/crater_100395.png,crater,moderate,100395,train
crater/crater_100396.png,crater,minor,100396,test
crater/crater_100397.png,crater,moderate,100397,train
crater/crater_100398.png,crater,moderate,100398,val
crater/crater_100399.png,crater,minor,100399,train
crater/crater_100400.png,crater,moderate,100400,test
crater/crater_100401.png,crater,moderate,100401,val
crater/crater_100402.png,crater,severe,100402,train
crater/crater_100403.png,crater,minor,100403,train
crater/crater_100404.png,crater,moderate,100404,train
crater/crater_100405.png,crater,minor,100405,val
crater/crater_100406.png,crater,severe,100406,val
crater/crater_100407.png,crater,severe,100407,train
crater/crater_100408.png,crater,minor,100408,val
crater/crater_100409.png,crater,moderate,100409,test
crater/crater_100410.png,crater,moderate,100410,test
crater/crater_100411.png,crater,severe,100411,train
crater/crater_100412.png,crater,moderate,100412,train
crater/crater_100413.png,crater,moderate,100413,train
crater/crater_100414.png,crater,severe,100414,val
crater/crater_100415.png,crater,severe,100415,train
crater/crater_100416.png,crater,minor,100416,test
crater/crater_100417.png,crater,moderate,100417,train
crater/crater_100418.png,crater,minor,100418,val
crater/crater_100419.png,crater,moderate,100419,train
crater/crater_100420.png,crater,minor,100420,train
crater/crater_100421.png,crater,moderate,100421,train
crater/crater_100422.png,crater,minor,100422,train
crater/crater_100423.png,crater,severe,100423,val
crater/crater_100424.png,crater,minor,100424,train
crater/crater_100425.png,crater,minor,100425,train
crater/crater_100426.png,crater,moderate,100426,val
crater/crater_100427.png,crater,minor,100427,train
crater/crater_100428.png,crater,severe,100428,train
crater/crater_100429.png,crater,severe,100429,train
crater/crater_100430.png,crater,minor,100430,train
crater/crater_100431.png,crater,severe,100431,val
crater/crater_100432.png,crater,minor,100432,train
crater/crater_100433.png,crater,moderate,100433,test
crater/crater_100434.png,crater,moderate,100434,train
crater/crater_100435.png,crater,severe,100435,val
crater/crater_100436.png,crater,minor,100436,train
crater/crater_100437.png,crater,severe,100437,train
crater/crater_100438.png,crater,severe,100438,train
crater/crater_100439.png,crater,moderate,100439,val
crater/crater_100440.png,crater,moderate,100440,test
crater/crater_100441.png,crater,severe,100441,test
crater/crater_100442.png,crater,severe,100442,val
crater/crater_100443.png,crater,severe,100443,train
crater/crater_100444.png,crater,moderate,100444,train
crater/crater_100445.png,crater,minor,100445,test
crater/crater_100446.png,crater,severe,100446,train
crater/crater_100447.png,crater,severe,100447,train
crater/crater_100448.png,crater,minor,100448,train
crater/crater_100449.png,crater,severe,100449,train
crater/crater_100450.png,crater,moderate,100450,val
crater/crater_100451.png,crater,minor,100451,train
crater/crater_100452.png,crater,minor,100452,train
crater/crater_100453.png,crater,severe,100453,test
crater/crater_100454.png,crater,moderate,100454,train
crater/crater_100455.png,crater,moderate,100455,val
crater/crater_100456.png,crater,minor,100456,train
crater/crater_100457.png,crater,severe,100457,train
crater/crater_100458.png,crater,minor,100458,train
crater/crater_100459.png,crater,severe,100459,val
crater/crater_100460.png,crater,minor,100460,train
crater/crater_100461.png,crater,moderate,100461,train
crater/crater_100462.png,crater,severe,100462,val
crater/crater_100463.png,crater,severe,100463,train
crater/crater_100464.png,crater,moderate,100464,train
crater/crater_100465.png,crater,severe,100465,train
crater/crater_100466.png,crater,moderate,100466,train
crater/crater_100467.png,crater,severe,100467,train
crater/crater_100468.png,crater,moderate,100468,train
crater/crater_100469.png,crater,moderate,100469,train
crater/crater_100470.png,crater,moderate,100470,train
crater/crater_100471.png,crater,moderate,100471,train
crater/crater_100472.png,crater,severe,100472,train
crater/crater_100473.png,crater,moderate,100473,train
crater/crater_100474.png,crater,severe,100474,train
crater/crater_100475.png,crater,severe,100475,train
crater/crater_100476.png,crater,minor,100476,train
crater/crater_100477.png,crater,moderate,100477,train
crater/crater_100478.png,crater,severe,100478,val
crater/crater_100479.png,crater,severe,100479,train
crater/crater_100480.png,crater,severe,100480,train
crater/crater_100481.png,crater,severe,100481,train
crater/crater_100482.png,crater,moderate,100482,train
crater/crater_100483.png,crater,minor,100483,train
crater/crater_100484.png,crater,minor,100484,train
crater/crater_100485.png,crater,moderate,100485,test
crater/crater_100486.png,crater,severe,100486,train
crater/crater_100487.png,crater,minor,100487,train
crater/crater_100488.png,crater,minor,100488,train
crater/crater_100489.png,crater,moderate,100489,train
crater/crater_100490.png,crater,minor,100490,train
crater/crater_100491.png,crater,severe,100491,train
crater/crater_100492.png,crater,minor,100492,val
crater/crater_100493.png,crater,minor,100493,train
crater/crater_100494.png,crater,moderate,100494,val
crater/crater_100495.png,crater,moderate,100495,test
crater/crater_100496.png,crater,moderate,100496,train
crater/crater_100497.png,crater,severe,100497,train
crater/crater_100498.png,crater,minor,100498,val
crater/crater_100499.png,crater,moderate,100499,val
crater/crater_100500.png,crater,severe,100500,val
crater/crater_100501.png,crater,moderate,100501,val
crater/crater_100502.png,crater,minor,100502,train
crater/crater_100503.png,crater,minor,100503,train
crater/crater_100504.png,crater,severe,100504,train
crater/crater_100505.png,crater,severe,100505,train
crater/crater_100506.png,crater,minor,100506,train
crater/crater_100507.png,crater,moderate,100507,train
crater/crater_100508.png,crater,severe,100508,train
crater/crater_100509.png,crater,moderate,100509,train
crater/crater_100510.png,crater,moderate,100510,test
crater/crater_100511.png,crater,moderate,100511,train
crater/crater_100512.png,crater,moderate,100512,train
crater/crater_100513.png,crater,moderate,100513,train
crater/crater_100514.png,crater,minor,100514,val
crater/crater_100515.png,crater,minor,100515,train
crater/crater_100516.png,crater,moderate,100516,train
crater/crater_100517.png,crater,minor,100517,train
crater/crater_100518.png,crater,minor,100518,train
crater/crater_100519.png,crater,moderate,100519,train
crater/crater_100520.png,crater,moderate,100520,val
crater/crater_100521.png,crater,minor,100521,train
crater/crater_100522.png,crater,minor,100522,train
crater/crater_100523.png,crater,minor,100523,train
crater/crater_100524.png,crater,minor,100524,train
crater/crater_100525.png,crater,severe,100525,train
crater/crater_100526.png,crater,minor,100526,test
crater/crater_100527.png,crater,severe,100527,train
crater/crater_100528.png,crater,minor,100528,test
crater/crater_100529.png,crater,severe,100529,train
crater/crater_100530.png,crater,moderate,100530,test
crater/crater_100531.png,crater,severe,100531,train
crater/crater_100532.png,crater,severe,100532,train
crater/crater_100533.png,crater,severe,100533,val
crater/crater_100534.png,crater,moderate,100534,train
crater/crater_100535.png,crater,minor,100535,train
crater/crater_100536.png,crater,minor,100536,val
crater/crater_100537.png,crater,moderate,100537,train
crater/crater_100538.png,crater,severe,100538,train
crater/crater_100539.png,crater,severe,100539,train
crater/crater_100540.png,crater,minor,100540,train
crater/crater_100541.png,crater,severe,100541,train
crater/crater_100542.png,crater,moderate,100542,train
crater/crater_100543.png,crater,minor,100543,test
crater/crater_100544.png,crater,severe,100544,val
crater/crater_100545.png,crater,minor,100545,val
crater/crater_100546.png,crater,severe,100546,train
crater/crater_100547.png,crater,moderate,100547,train
crater/crater_100548.png,crater,severe,100548,test
crater/crater_100549.png,crater,severe,100549,train
crater/crater_100550.png,crater,moderate,100550,train
crater/crater_100551.png,crater,moderate,100551,train
crater/crater_100552.png,crater,minor,100552,train
crater/crater_100553.png,crater,severe,100553,val
crater/crater_100554.png,crater,severe,100554,test
crater/crater_100555.png,crater,minor,100555,train
crater/crater_100556.png,crater,moderate,100556,val
crater/crater_100557.png,crater,minor,100557,train
crater/crater_100558.png,crater,severe,100558,train
crater/crater_100559.png,crater,severe,100559,test
crater/crater_100560.png,crater,minor,100560,train
crater/crater_100561.png,crater,severe,100561,train
crater/crater_100562.png,crater,minor,100562,train
crater/crater_100563.png,crater,moderate,100563,test
crater/crater_100564.png,crater,moderate,100564,train
crater/crater_100565.png,crater,severe,100565,train
crater/crater_100566.png,crater,moderate,100566,train
crater/crater_100567.png,crater,minor,100567,val
crater/crater_100568.png,crater,moderate,100568,train
crater/crater_100569.png,crater,minor,100569,val
crater/crater_100570.png,crater,severe,100570,train
crater/crater_100571.png,crater,minor,100571,train
crater/crater_100572.png,crater,severe,100572,val
crater/crater_100573.png,crater,severe,100573,train
crater/crater_100574.png,crater,severe,100574,test
crater/crater_100575.png,crater,severe,100575,train
crater/crater_100576.png,crater,severe,100576,test
crater/crater_100577.png,crater,moderate,100577,train
crater/crater_100578.png,crater,severe,100578,train
crater/crater_100579.png,crater,minor,100579,train
crater/crater_100580.png,crater,moderate,100580,train
crater/crater_100581.png,crater,moderate,100581,train
crater/crater_100582.png,crater,severe,100582,val
crater/crater_100583.png,crater,moderate,100583,train
crater/crater_100584.png,crater,moderate,100584,train
crater/crater_100585.png,crater,minor,100585,train
crater/crater_100586.png,crater,moderate,100586,train
crater/crater_100587.png,crater,moderate,100587,val
crater/crater_100588.png,crater,severe,100588,test
crater/crater_100589.png,crater,moderate,100589,train
crater/crater_100590.png,crater,severe,100590,train
crater/crater_100591.png,crater,severe,100591,train
crater/crater_100592.png,crater,minor,100592,train
crater/crater_100593.png,crater,severe,100593,train
crater/crater_100594.png,crater,minor,100594,train
crater/crater_100595.png,crater,moderate,100595,test
crater/crater_100596.png,crater,minor,100596,train
crater/crater_100597.png,crater,minor,100597,train
crater/crater_100598.png,crater,moderate,100598,test
crater/crater_100599.png,crater,minor,100599,train
crater/crater_100600.png,crater,minor,100600,train
crater/crater_100601.png,crater,minor,100601,val
crater/crater_100602.png,crater,moderate,100602,train
crater/crater_100603.png,crater,severe,100603,train
crater/crater_100604.png,crater,severe,100604,train
crater/crater_100605.png,crater,moderate,100605,val
crater/crater_100606.png,crater,severe,100606,train
crater/crater_100607.png,crater,minor,100607,test
crater/crater_100608.png,crater,minor,100608,val
crater/crater_100609.png,crater,moderate,100609,train
crater/crater_100610.png,crater,severe,100610,train
crater/crater_100611.png,crater,moderate,100611,train
crater/crater_100612.png,crater,severe,100612,val
crater/crater_100613.png,crater,severe,100613,test
crater/crater_100614.png,crater,moderate,100614,val
crater/crater_100615.png,crater,severe,100615,train
crater/crater_100616.png,crater,moderate,100616,train
crater/crater_100617.png,crater,minor,100617,test
crater/crater_100618.png,crater,moderate,100618,val
crater/crater_100619.png,crater,severe,100619,train
crater/crater_100620.png,crater,severe,100620,val
crater/crater_100621.png,crater,minor,100621,val
crater/crater_100622.png,crater,severe,100622,train
crater/crater_100623.png,crater,moderate,100623,train
crater/crater_100624.png,crater,moderate,100624,train
crater/crater_100625.png,crater,moderate,100625,train
crater/crater_100626.png,crater,minor,100626,val
crater/crater_100627.png,crater,minor,100627,train
crater/crater_100628.png,crater,minor,100628,train
crater/crater_100629.png,crater,severe,100629,train
crater/crater_100630.png,crater,minor,100630,train
crater/crater_100631.png,crater,severe,100631,train
crater/crater_100632.png,crater,severe,100632,train
crater/crater_100633.png,crater,moderate,100633,train
crater/crater_100634.png,crater,severe,100634,val
crater/crater_100635.png,crater,severe,100635,train
crater/crater_100636.png,crater,severe,100636,train
crater/crater_100637.png,crater,moderate,100637,train
crater/crater_100638.png,crater,minor,100638,train
crater/crater_100639.png,crater,moderate,100639,train
crater/crater_100640.png,crater,minor,100640,val
crater/crater_100641.png,crater,minor,100641,val
crater/crater_100642.png,crater,moderate,100642,train
crater/crater_100643.png,crater,severe,100643,train
crater/crater_100644.png,crater,severe,100644,test
crater/crater_100645.png,crater,minor,100645,train
crater/crater_100646.png,crater,minor,100646,train
crater/crater_100647.png,crater,severe,100647,val
crater/crater_100648.png,crater,moderate,100648,train
crater/crater_100649.png,crater,severe,100649,train
crater/crater_100650.png,crater,severe,100650,train
crater/crater_100651.png,crater,minor,100651,train
crater/crater_100652.png,crater,minor,100652,train
crater/crater_100653.png,crater,moderate,100653,train
crater/crater_100654.png,crater,severe,100654,train
crater/crater_100655.png,crater,minor,100655,train
crater/crater_100656.png,crater,severe,100656,train
crater/crater_100657.png,crater,minor,100657,train
crater/crater_100658.png,crater,severe,100658,train
crater/crater_100659.png,crater,minor,100659,train
crater/crater_100660.png,crater,severe,100660,val
crater/crater_100661.png,crater,moderate,100661,train
crater/crater_100662.png,crater,moderate,100662,train
crater/crater_100663.png,crater,severe,100663,train
crater/crater_100664.png,crater,moderate,100664,val
crater/crater_100665.png,crater,minor,100665,test
crater/crater_100666.png,crater,minor,100666,train
crater/crater_100667.png,crater,minor,100667,train
crater/crater_100668.png,crater,minor,100668,train
crater/crater_100669.png,crater,moderate,100669,val
crater/crater_100670.png,crater,severe,100670,val
crater/crater_100671.png,crater,minor,100671,train
crater/crater_100672.png,crater,moderate,100672,train
crater/crater_100673.png,crater,moderate,100673,val
crater/crater_100674.png,crater,severe,100674,train
crater/crater_100675.png,crater,severe,100675,train
crater/crater_100676.png,crater,severe,100676,train
crater/crater_100677.png,crater,minor,100677,train
crater/crater_100678.png,crater,minor,100678,train
crater/crater_100679.png,crater,moderate,100679,train
crater/crater_100680.png,crater,minor,100680,train
crater/crater_100681.png,crater,minor,100681,test
crater/crater_100682.png,crater,severe,100682,train
crater/crater_100683.png,crater,severe,100683,val
crater/crater_100684.png,crater,severe,100684,train
crater/crater_100685.png,crater,minor,100685,train
crater/crater_100686.png,crater,minor,100686,train
crater/crater_100687.png,crater,moderate,100687,val
crater/crater_100688.png,crater,moderate,100688,train
crater/crater_100689.png,crater,moderate,100689,val
crater/crater_100690.png,crater,severe,100690,train
crater/crater_100691.png,crater,moderate,100691,train
crater/crater_100692.png,crater,moderate,100692,train
crater/crater_100693.png,crater,severe,100693,val
crater/crater_100694.png,crater,minor,100694,train
crater/crater_100695.png,crater,minor,100695,train
crater/crater_100696.png,crater,moderate,100696,test
crater/crater_100697.png,crater,severe,100697,train
crater/crater_100698.png,crater,severe,100698,val
crater/crater_100699.png,crater,minor,100699,train
crater/crater_100700.png,crater,minor,100700,train
crater/crater_100701.png,crater,moderate,100701,test
crater/crater_100702.png,crater,severe,100702,train
crater/crater_100703.png,crater,moderate,100703,train
crater/crater_100704.png,crater,minor,100704,train
crater/crater_100705.png,crater,severe,100705,val
crater/crater_100706.png,crater,moderate,100706,train
crater/crater_100707.png,crater,moderate,100707,train
crater/crater_100708.png,crater,minor,100708,train
crater/crater_100709.png,crater,minor,100709,train
crater/crater_100710.png,crater,moderate,100710,train
crater/crater_100711.png,crater,severe,100711,train
crater/crater_100712.png,crater,moderate,100712,train
crater/crater_100713.png,crater,moderate,100713,train
crater/crater_100714.png,crater,severe,100714,train
crater/crater_100715.png,crater,moderate,100715,train
crater/crater_100716.png,crater,minor,100716,test
crater/crater_100717.png,crater,severe,100717,train
crater/crater_100718.png,crater,moderate,100718,train
crater/crater_100719.png,crater,moderate,100719,test
crater/crater_100720.png,crater,severe,100720,train
crater/crater_100721.png,crater,moderate,100721,train
crater/crater_100722.png,crater,moderate,100722,train
crater/crater_100723.png,crater,minor,100723,test
crater/crater_100724.png,crater,moderate,100724,test
crater/crater_100725.png,crater,minor,100725,train
crater/crater_100726.png,crater,severe,100726,train
crater/crater_100727.png,crater,severe,100727,train
crater/crater_100728.png,crater,minor,100728,val
crater/crater_100729.png,crater,severe,100729,train
crater/crater_100730.png,crater,moderate,100730,train
crater/crater_100731.png,crater,minor,100731,val
crater/crater_100732.png,crater,minor,100732,val
crater/crater_100733.png,crater,minor,100733,val
crater/crater_100734.png,crater,moderate,100734,train
crater/crater_100735.png,crater,severe,100735,train
crater/crater_100736.png,crater,severe,100736,val
crater/crater_100737.png,crater,severe,100737,train
crater/crater_100738.png,crater,minor,100738,train
crater/crater_100739.png,crater,moderate,100739,train
crater/crater_100740.png,crater,severe,100740,val
crater/crater_100741.png,crater,minor,100741,train
crater/crater_100742.png,crater,moderate,100742,train
crater/crater_100743.png,crater,minor,100743,train
crater/crater_100744.png,crater,severe,100744,val
crater/crater_100745.png,crater,severe,100745,val
crater/crater_100746.png,crater,minor,100746,train
crater/crater_100747.png,crater,moderate,100747,train
crater/crater_100748.png,crater,moderate,100748,test
crater/crater_100749.png,crater,moderate,100749,val
crater/crater_100750.png,crater,severe,100750,train
crater/crater_100751.png,crater,severe,100751,train
crater/crater_100752.png,crater,minor,100752,val
crater/crater_100753.png,crater,minor,100753,train
crater/crater_100754.png,crater,minor,100754,test
crater/crater_100755.png,crater,moderate,100755,train
crater/crater_100756.png,crater,severe,100756,train
crater/crater_100757.png,crater,moderate,100757,test
crater/crater_100758.png,crater,minor,100758,val
crater/crater_100759.png,crater,severe,100759,train
crater/crater_100760.png,crater,minor,100760,train
crater/crater_100761.png,crater,severe,100761,val
crater/crater_100762.png,crater,severe,100762,train
crater/crater_100763.png,crater,severe,100763,train
crater/crater_100764.png,crater,severe,100764,train
crater/crater_100765.png,crater,severe,100765,train
crater/crater_100766.png,crater,moderate,100766,train
crater/crater_100767.png,crater,severe,100767,train
crater/crater_100768.png,crater,moderate,100768,train
crater/crater_100769.png,crater,minor,100769,train
crater/crater_100770.png,crater,moderate,100770,train
crater/crater_100771.png,crater,severe,100771,train
crater/crater_100772.png,crater,minor,100772,val
crater/crater_100773.png,crater,severe,100773,train
crater/crater_100774.png,crater,severe,100774,train
crater/crater_100775.png,crater,moderate,100775,val
crater/crater_100776.png,crater,severe,100776,train
crater/crater_100777.png,crater,moderate,100777,train
crater/crater_100778.png,crater,minor,100778,val
crater/crater_100779.png,crater,minor,100779,train
crater/crater_100780.png,crater,moderate,100780,val
crater/crater_100781.png,crater,severe,100781,train
crater/crater_100782.png,crater,moderate,100782,val
crater/crater_100783.png,crater,moderate,100783,train
crater/crater_100784.png,crater,moderate,100784,val
crater/crater_100785.png,crater,moderate,100785,train
crater/crater_100786.png,crater,minor,100786,val
crater/crater_100787.png,crater,minor,100787,val
crater/crater_100788.png,crater,moderate,100788,train
crater/crater_100789.png,crater,severe,100789,train
crater/crater_100790.png,crater,minor,100790,train
crater/crater_100791.png,crater,severe,100791,train
crater/crater_100792.png,crater,moderate,100792,val
crater/crater_100793.png,crater,moderate,100793,train
crater/crater_100794.png,crater,severe,100794,train
crater/crater_100795.png,crater,minor,100795,train
crater/crater_100796.png,crater,moderate,100796,train
crater/crater_100797.png,crater,severe,100797,val
crater/crater_100798.png,crater,minor,100798,train
crater/crater_100799.png,crater,severe,100799,train
crater/crater_100800.png,crater,minor,100800,train
crater/crater_100801.png,crater,severe,100801,train
crater/crater_100802.png,crater,moderate,100802,train
crater/crater_100803.png,crater,minor,100803,train
crater/crater_100804.png,crater,moderate,100804,test
crater/crater_100805.png,crater,minor,100805,train
crater/crater_100806.png,crater,minor,100806,train
crater/crater_100807.png,crater,moderate,100807,val
crater/crater_100808.png,crater,severe,100808,train
crater/crater_100809.png,crater,moderate,100809,train
crater/crater_100810.png,crater,moderate,100810,train
crater/crater_100811.png,crater,minor,100811,train
crater/crater_100812.png,crater,moderate,100812,train
crater/crater_100813.png,crater,minor,100813,train
crater/crater_100814.png,crater,minor,100814,train
crater/crater_100815.png,crater,moderate,100815,train
crater/crater_100816.png,crater,severe,100816,train
crater/crater_100817.png,crater,severe,100817,val
crater/crater_100818.png,crater,severe,100818,val
crater/crater_100819.png,crater,moderate,100819,train
crater/crater_100820.png,crater,minor,100820,train
crater/crater_100821.png,crater,severe,100821,train
crater/crater_100822.png,crater,moderate,100822,train
crater/crater_100823.png,crater,minor,100823,train
crater/crater_100824.png,crater,minor,100824,train
crater/crater_100825.png,crater,moderate,100825,train
crater/crater_100826.png,crater,moderate,100826,val
crater/crater_100827.png,crater,minor,100827,test
crater/crater_100828.png,crater,moderate,100828,train
crater/crater_100829.png,crater,moderate,100829,val
crater/crater_100830.png,crater,minor,100830,train
crater/crater_100831.png,crater,moderate,100831,train
crater/crater_100832.png,crater,moderate,100832,train
crater/crater_100833.png,crater,severe,100833,train
crater/crater_100834.png,crater,minor,100834,train
crater/crater_100835.png,crater,moderate,100835,val
crater/crater_100836.png,crater,moderate,100836,train
crater/crater_100837.png,crater,severe,100837,train
crater/crater_100838.png,crater,minor,100838,train
crater/crater_100839.png,crater,severe,100839,train
crater/crater_100840.png,crater,minor,100840,train
crater/crater_100841.png,crater,minor,100841,train
crater/crater_100842.png,crater,moderate,100842,train
crater/crater_100843.png,crater,minor,100843,train
crater/crater_100844.png,crater,minor,100844,train
crater/crater_100845.png,crater,minor,100845,train
crater/crater_100846.png,crater,severe,100846,train
crater/crater_100847.png,crater,severe,100847,train
crater/crater_100848.png,crater,minor,100848,test
crater/crater_100849.png,crater,moderate,100849,train
crater/crater_100850.png,crater,minor,100850,train
crater/crater_100851.png,crater,severe,100851,val
crater/crater_100852.png,crater,moderate,100852,train
crater/crater_100853.png,crater,minor,100853,train
crater/crater_100854.png,crater,severe,100854,train
crater/crater_100855.png,crater,minor,100855,test
crater/crater_100856.png,crater,severe,100856,train
crater/crater_100857.png,crater,minor,100857,train
crater/crater_100858.png,crater,minor,100858,train
crater/crater_100859.png,crater,moderate,100859,train
crater/crater_100860.png,crater,moderate,100860,train
crater/crater_100861.png,crater,moderate,100861,val
crater/crater_100862.png,crater,severe,100862,test
crater/crater_100863.png,crater,minor,100863,train
crater/crater_100864.png,crater,minor,100864,val
crater/crater_100865.png,crater,minor,100865,train
crater/crater_100866.png,crater,severe,100866,train
crater/crater_100867.png,crater,minor,100867,train
crater/crater_100868.png,crater,minor,100868,val
crater/crater_100869.png,crater,severe,100869,val
crater/crater_100870.png,crater,severe,100870,test
crater/crater_100871.png,crater,moderate,100871,test
crater/crater_100872.png,crater,severe,100872,train
crater/crater_100873.png,crater,severe,100873,val
crater/crater_100874.png,crater,minor,100874,train
crater/crater_100875.png,crater,severe,100875,train
crater/crater_100876.png,crater,minor,100876,val
crater/crater_100877.png,crater,minor,100877,val
crater/crater_100878.png,crater,severe,100878,train
crater/crater_100879.png,crater,minor,100879,train
crater/crater_100880.png,crater,moderate,100880,train
crater/crater_100881.png,crater,minor,100881,train
crater/crater_100882.png,crater,moderate,100882,train
crater/crater_100883.png,crater,moderate,100883,val
crater/crater_100884.png,crater,severe,100884,train
crater/crater_100885.png,crater,severe,100885,train
crater/crater_100886.png,crater,moderate,100886,train
crater/crater_100887.png,crater,moderate,100887,train
crater/crater_100888.png,crater,minor,100888,train
crater/crater_100889.png,crater,moderate,100889,train
crater/crater_100890.png,crater,severe,100890,train
crater/crater_100891.png,crater,minor,100891,train
crater/crater_100892.png,crater,moderate,100892,val
crater/crater_100893.png,crater,moderate,100893,train
crater/crater_100894.png,crater,severe,100894,train
crater/crater_100895.png,crater,minor,100895,test
crater/crater_100896.png,crater,minor,100896,val
crater/crater_100897.png,crater,severe,100897,train
crater/crater_100898.png,crater,minor,100898,train
crater/crater_100899.png,crater,moderate,100899,train
crater/crater_100900.png,crater,minor,100900,train
crater/crater_100901.png,crater,severe,100901,train
crater/crater_100902.png,crater,moderate,100902,val
crater/crater_100903.png,crater,moderate,100903,train
crater/crater_100904.png,crater,minor,100904,train
crater/crater_100905.png,crater,severe,100905,train
crater/crater_100906.png,crater,moderate,100906,train
crater/crater_100907.png,crater,minor,100907,val
crater/crater_100908.png,crater,moderate,100908,val
crater/crater_100909.png,crater,moderate,100909,train
crater/crater_100910.png,crater,minor,100910,train
crater/crater_100911.png,crater,moderate,100911,train
crater/crater_100912.png,crater,minor,100912,train
crater/crater_100913.png,crater,minor,100913,train
crater/crater_100914.png,crater,moderate,100914,train
crater/crater_100915.png,crater,moderate,100915,train
crater/crater_100916.png,crater,minor,100916,train
crater/crater_100917.png,crater,minor,100917,train
crater/crater_100918.png,crater,minor,100918,train
crater/crater_100919.png,crater,moderate,100919,test
crater/crater_100920.png,crater,minor,100920,train
crater/crater_100921.png,crater,severe,100921,train
crater/crater_100922.png,crater,minor,100922,val
crater/crater_100923.png,crater,minor,100923,val
crater/crater_100924.png,crater,moderate,100924,val
crater/crater_100925.png,crater,minor,100925,train
crater/crater_100926.png,crater,severe,100926,test
crater/crater_100927.png,crater,severe,100927,train
crater/crater_100928.png,crater,severe,100928,train
crater/crater_100929.png,crater,severe,100929,train
crater/crater_100930.png,crater,minor,100930,train
crater/crater_100931.png,crater,severe,100931,train
crater/crater_100932.png,crater,minor,100932,test
crater/crater_100933.png,crater,moderate,100933,val
crater/crater_100934.png,crater,severe,100934,train
crater/crater_100935.png,crater,minor,100935,train
crater/crater_100936.png,crater,moderate,100936,train
crater/crater_100937.png,crater,minor,100937,train
crater/crater_100938.png,crater,moderate,100938,train
crater/crater_100939.png,crater,minor,100939,train
crater/crater_100940.png,crater,moderate,100940,val
crater/crater_100941.png,crater,severe,100941,train
crater/crater_100942.png,crater,minor,100942,train
crater/crater_100943.png,crater,moderate,100943,train
crater/crater_100944.png,crater,severe,100944,train
crater/crater_100945.png,crater,severe,100945,test
crater/crater_100946.png,crater,severe,100946,train
crater/crater_100947.png,crater,minor,100947,train
crater/crater_100948.png,crater,minor,100948,train
crater/crater_100949.png,crater,minor,100949,train
crater/crater_100950.png,crater,severe,100950,test
crater/crater_100951.png,crater,minor,100951,test
crater/crater_100952.png,crater,moderate,100952,val
crater/crater_100953.png,crater,minor,100953,train
crater/crater_100954.png,crater,severe,100954,val
crater/crater_100955.png,crater,moderate,100955,train
crater/crater_100956.png,crater,minor,100956,train
crater/crater_100957.png,crater,moderate,100957,val
crater/crater_100958.png,crater,minor,100958,val
crater/crater_100959.png,crater,severe,100959,train
crater/crater_100960.png,crater,severe,100960,val
crater/crater_100961.png,crater,minor,100961,val
crater/crater_100962.png,crater,severe,100962,val
crater/crater_100963.png,crater,moderate,100963,train
crater/crater_100964.png,crater,minor,100964,train
crater/crater_100965.png,crater,moderate,100965,test
crater/crater_100966.png,crater,severe,100966,train
crater/crater_100967.png,crater,minor,100967,val
crater/crater_100968.png,crater,severe,100968,train
crater/crater_100969.png,crater,severe,100969,train
crater/crater_100970.png,crater,severe,100970,train
crater/crater_100971.png,crater,severe,100971,train
crater/crater_100972.png,crater,minor,100972,train
crater/crater_100973.png,crater,severe,100973,train
crater/crater_100974.png,crater,moderate,100974,val
crater/crater_100975.png,crater,moderate,100975,val
crater/crater_100976.png,crater,severe,100976,train
crater/crater_100977.png,crater,minor,100977,train
crater/crater_100978.png,crater,minor,100978,train
crater/crater_100979.png,crater,severe,100979,train
crater/crater_100980.png,crater,minor,100980,test
crater/crater_100981.png,crater,moderate,100981,train
crater/crater_100982.png,crater,severe,100982,train
crater/crater_100983.png,crater,moderate,100983,train
crater/crater_100984.png,crater,moderate,100984,train
crater/crater_100985.png,crater,minor,100985,train
crater/crater_100986.png,crater,severe,100986,train
crater/crater_100987.png,crater,minor,100987,test
crater/crater_100988.png,crater,moderate,100988,val
crater/crater_100989.png,crater,severe,100989,train
crater/crater_100990.png,crater,severe,100990,train
crater/crater_100991.png,crater,severe,100991,train
crater/crater_100992.png,crater,minor,100992,train
crater/crater_100993.png,crater,minor,100993,val
crater/crater_100994.png,crater,severe,100994,val
crater/crater_100995.png,crater,severe,100995,val
crater/crater_100996.png,crater,severe,100996,test
crater/crater_100997.png,crater,moderate,100997,val
crater/crater_100998.png,crater,moderate,100998,train
crater/crater_100999.png,crater,severe,100999,train
perforation/perforation_200000.png,perforation,moderate,200000,train
perforation/perforation_200001.png,perforation,minor,200001,train
perforation/perforation_200002.png,perforation,minor,200002,train
perforation/perforation_200003.png,perforation,severe,200003,test
perforation/perforation_200004.png,perforation,moderate,200004,val
perforation/perforation_200005.png,perforation,severe,200005,train
perforation/perforation_200006.png,perforation,minor,200006,train
perforation/perforation_200007.png,perforation,minor,200007,train
perforation/perforation_200008.png,perforation,minor,200008,val
perforation/perforation_200009.png,perforation,severe,200009,train
perforation/perforation_200010.png,perforation,severe,200010,train
perforation/perforation_200011.png,perforation,minor,200011,val
perforation/perforation_200012.png,perforation,minor,200012,train
perforation/perforation_200013.png,perforation,severe,200013,train
perforation/perforation_200014.png,perforation,minor,200014,train
perforation/perforation_200015.png,perforation,severe,200015,test
perforation/perforation_200016.png,perforation,minor,200016,train
perforation/perforation_200017.png,perforation,severe,200017,train
perforation/perforation_200018.png,perforation,moderate,200018,test
perforation/perforation_200019.png,perforation,moderate,200019,test
perforation/perforation_200020.png,perforation,severe,200020,train
perforation/perforation_200021.png,perforation,minor,200021,train
perforation/perforation_200022.png,perforation,moderate,200022,val
perforation/perforation_200023.png,perforation,minor,200023,test
perforation/perforation_200024.png,perforation,moderate,200024,test
perforation/perforation_200025.png,perforation,moderate,200025,val
perforation/perforation_200026.png,perforation,moderate,200026,train
perforation/perforation_200027.png,perforation,minor,200027,train
perforation/perforation_200028.png,perforation,moderate,200028,train
perforation/perforation_200029.png,perforation,moderate,200029,val
perforation/perforation_200030.png,perforation,minor,200030,train
perforation/perforation_200031.png,perforation,severe,200031,train
perforation/perforation_200032.png,perforation,minor,200032,val
perforation/perforation_200033.png,perforation,minor,200033,train
perforation/perforation_200034.png,perforation,moderate,200034,test
perforation/perforation_200035.png,perforation,minor,200035,test
perforation/perforation_200036.png,perforation,moderate,200036,train
perforation/perforation_200037.png,perforation,minor,200037,train
perforation/perforation_200038.png,perforation,moderate,200038,train
perforation/perforation_200039.png,perforation,severe,200039,train
perforation/perforation_200040.png,perforation,severe,200040,train
perforation/perforation_200041.png,perforation,moderate,200041,train
perforation/perforation_200042.png,perforation,severe,200042,train
perforation/perforation_200043.png,perforation,severe,200043,train
perforation/perforation_200044.png,perforation,moderate,200044,val
perforation/perforation_200045.png,perforation,moderate,200045,val
perforation/perforation_200046.png,perforation,minor,200046,train
perforation/perforation_200047.png,perforation,minor,200047,train
perforation/perforation_200048.png,perforation,severe,200048,train
perforation/perforation_200049.png,perforation,moderate,200049,train
perforation/perforation_200050.png,perforation,severe,200050,val
perforation/perforation_200051.png,perforation,minor,200051,train
perforation/perforation_200052.png,perforation,minor,200052,val
perforation/perforation_200053.png,perforation,minor,200053,train
perforation/perforation_200054.png,perforation,severe,200054,train
perforation/perforation_200055.png,perforation,severe,200055,val
perforation/perforation_200056.png,perforation,minor,200056,train
perforation/perforation_200057.png,perforation,minor,200057,train
perforation/perforation_200058.png,perforation,minor,200058,val
perforation/perforation_200059.png,perforation,moderate,200059,train
perforation/perforation_200060.png,perforation,minor,200060,train
perforation/perforation_200061.png,perforation,severe,200061,train
perforation/perforation_200062.png,perforation,minor,200062,train
perforation/perforation_200063.png,perforation,minor,200063,train
perforation/perforation_200064.png,perforation,moderate,200064,train
perforation/perforation_200065.png,perforation,moderate,200065,train
perforation/perforation_200066.png,perforation,moderate,200066,train
perforation/perforation_200067.png,perforation,moderate,200067,val
perforation/perforation_200068.png,perforation,severe,200068,test
perforation/perforation_200069.png,perforation,severe,200069,train
perforation/perforation_200070.png,perforation,moderate,200070,train
perforation/perforation_200071.png,perforation,minor,200071,train
perforation/perforation_200072.png,perforation,moderate,200072,train
perforation/perforation_200073.png,perforation,moderate,200073,train
perforation/perforation_200074.png,perforation,minor,200074,train
perforation/perforation_200075.png,perforation,minor,200075,train
perforation/perforation_200076.png,perforation,severe,200076,val
perforation/perforation_200077.png,perforation,minor,200077,train
perforation/perforation_200078.png,perforation,severe,200078,train
perforation/perforation_200079.png,perforation,minor,200079,val
perforation/perforation_200080.png,perforation,minor,200080,train
perforation/perforation_200081.png,perforation,minor,200081,train
perforation/perforation_200082.png,perforation,minor,200082,train
perforation/perforation_200083.png,perforation,minor,200083,val
perforation/perforation_200084.png,perforation,minor,200084,test
perforation/perforation_200085.png,perforation,minor,200085,train
perforation/perforation_200086.png,perforation,moderate,200086,train
perforation/perforation_200087.png,perforation,moderate,200087,train
perforation/perforation_200088.png,perforation,minor,200088,val
perforation/perforation_200089.png,perforation,severe,200089,val
perforation/perforation_200090.png,perforation,minor,200090,train
perforation/perforation_200091.png,perforation,severe,200091,train
perforation/perforation_200092.png,perforation,severe,200092,train
perforation/perforation_200093.png,perforation,severe,200093,val
perforation/perforation_200094.png,perforation,minor,200094,train
perforation/perforation_200095.png,perforation,minor,200095,train
perforation/perforation_200096.png,perforation,moderate,200096,train
perforation/perforation_200097.png,perforation,moderate,200097,train
perforation/perforation_200098.png,perforation,severe,200098,test
perforation/perforation_200099.png,perforation,moderate,200099,train
perforation/perforation_200100.png,perforation,severe,200100,val
perforation/perforation_200101.png,perforation,severe,200101,train
perforation/perforation_200102.png,perforation,moderate,200102,val
perforation/perforation_200103.png,perforation,minor,200103,train
perforation/perforation_200104.png,perforation,moderate,200104,test
perforation/perforation_200105.png,perforation,minor,200105,train
perforation/perforation_200106.png,perforation,moderate,200106,train
perforation/perforation_200107.png,perforation,minor,200107,train
perforation/perforation_200108.png,perforation,moderate,200108,train
perforation/perforation_200109.png,perforation,moderate,200109,val
perforation/perforation_200110.png,perforation,moderate,200110,val
perforation/perforation_200111.png,perforation,severe,200111,train
perforation/perforation_200112.png,perforation,minor,200112,train
perforation/perforation_200113.png,perforation,moderate,200113,train
perforation/perforation_200114.png,perforation,moderate,200114,train
perforation/perforation_200115.png,perforation,minor,200115,val
perforation/perforation_200116.png,perforation,moderate,200116,train
perforation/perforation_200117.png,perforation,severe,200117,train
perforation/perforation_200118.png,perforation,severe,200118,val
perforation/perforation_200119.png,perforation,severe,200119,train
perforation/perforation_200120.png,perforation,moderate,200120,train
perforation/perforation_200121.png,perforation,moderate,200121,train
perforation/perforation_200122.png,perforation,moderate,200122,train
perforation/perforation_200123.png,perforation,severe,200123,train
perforation/perforation_200124.png,perforation,severe,200124,train
perforation/perforation_200125.png,perforation,severe,200125,val
perforation/perforation_200126.png,perforation,moderate,200126,val
perforation/perforation_200127.png,perforation,minor,200127,train
perforation/perforation_200128.png,perforation,severe,200128,train
perforation/perforation_200129.png,perforation,minor,200129,train
perforation/perforation_200130.png,perforation,minor,200130,val
perforation/perforation_200131.png,perforation,minor,200131,train
perforation/perforation_200132.png,perforation,severe,200132,train
perforation/perforation_200133.png,perforation,severe,200133,train
perforation/perforation_200134.png,perforation,severe,200134,train
perforation/perforation_200135.png,perforation,severe,200135,train
perforation/perforation_200136.png,perforation,moderate,200136,train
perforation/perforation_200137.png,perforation,severe,200137,test
perforation/perforation_200138.png,perforation,moderate,200138,train
perforation/perforation_200139.png,perforation,severe,200139,train
perforation/perforation_200140.png,perforation,severe,200140,train
perforation/perforation_200141.png,perforation,severe,200141,train
perforation/perforation_200142.png,perforation,severe,200142,train
perforation/perforation_200143.png,perforation,minor,200143,train
perforation/perforation_200144.png,perforation,severe,200144,train
perforation/perforation_200145.png,perforation,severe,200145,test
perforation/perforation_200146.png,perforation,severe,200146,val
perforation/perforation_200147.png,perforation,moderate,200147,train
perforation/perforation_200148.png,perforation,minor,200148,train
perforation/perforation_200149.png,perforation,severe,200149,val
perforation/perforation_200150.png,perforation,moderate,200150,train
perforation/perforation_200151.png,perforation,minor,200151,train
perforation/perforation_200152.png,perforation,minor,200152,val
perforation/perforation_200153.png,perforation,moderate,200153,val
perforation/perforation_200154.png,perforation,minor,200154,test
perforation/perforation_200155.png,perforation,moderate,200155,train
perforation/perforation_200156.png,perforation,severe,200156,train
perforation/perforation_200157.png,perforation,minor,200157,val
perforation/perforation_200158.png,perforation,moderate,200158,train
perforation/perforation_200159.png,perforation,severe,200159,val
perforation/perforation_200160.png,perforation,severe,200160,train
perforation/perforation_200161.png,perforation,minor,200161,train
perforation/perforation_200162.png,perforation,moderate,200162,train
perforation/perforation_200163.png,perforation,moderate,200163,train
perforation/perforation_200164.png,perforation,moderate,200164,train
perforation/perforation_200165.png,perforation,moderate,200165,train
perforation/perforation_200166.png,perforation,minor,200166,train
perforation/perforation_200167.png,perforation,minor,200167,test
perforation/perforation_200168.png,perforation,severe,200168,train
perforation/perforation_200169.png,perforation,severe,200169,val
perforation/perforation_200170.png,perforation,minor,200170,train
perforation/perforation_200171.png,perforation,moderate,200171,test
perforation/perforation_200172.png,perforation,severe,200172,test
perforation/perforation_200173.png,perforation,moderate,200173,train
perforation/perforation_200174.png,perforation,moderate,200174,train
perforation/perforation_200175.png,perforation,severe,200175,val
perforation/perforation_200176.png,perforation,moderate,200176,train
perforation/perforation_200177.png,perforation,moderate,200177,test
perforation/perforation_200178.png,perforation,minor,200178,val
perforation/perforation_200179.png,perforation,moderate,200179,train
perforation/perforation_200180.png,perforation,severe,200180,train
perforation/perforation_200181.png,perforation,severe,200181,val
perforation/perforation_200182.png,perforation,minor,200182,val
perforation/perforation_200183.png,perforation,moderate,200183,train
perforation/perforation_200184.png,perforation,severe,200184,train
perforation/perforation_200185.png,perforation,minor,200185,test
perforation/perforation_200186.png,perforation,minor,200186,train
perforation/perforation_200187.png,perforation,severe,200187,train
perforation/perforation_200188.png,perforation,minor,200188,train
perforation/perforation_200189.png,perforation,severe,200189,test
perforation/perforation_200190.png,perforation,minor,200190,val
perforation/perforation_200191.png,perforation,severe,200191,test
perforation/perforation_200192.png,perforation,minor,200192,train
perforation/perforation_200193.png,perforation,moderate,200193,train
perforation/perforation_200194.png,perforation,severe,200194,val
perforation/perforation_200195.png,perforation,minor,200195,val
perforation/perforation_200196.png,perforation,severe,200196,train
perforation/perforation_200197.png,perforation,severe,200197,train
perforation/perforation_200198.png,perforation,minor,200198,train
perforation/perforation_200199.png,perforation,moderate,200199,train
perforation/perforation_200200.png,perforation,moderate,200200,train
perforation/perforation_200201.png,perforation,moderate,200201,test
perforation/perforation_200202.png,perforation,severe,200202,train
perforation/perforation_200203.png,perforation,moderate,200203,val
perforation/perforation_200204.png,perforation,moderate,200204,train
perforation/perforation_200205.png,perforation,minor,200205,train
perforation/perforation_200206.png,perforation,minor,200206,train
perforation/perforation_200207.png,perforation,moderate,200207,test
perforation/perforation_200208.png,perforation,moderate,200208,train
perforation/perforation_200209.png,perforation,moderate,200209,train
perforation/perforation_200210.png,perforation,moderate,200210,val
perforation/perforation_200211.png,perforation,moderate,200211,train
perforation/perforation_200212.png,perforation,severe,200212,train
perforation/perforation_200213.png,perforation,minor,200213,train
perforation/perforation_200214.png,perforation,severe,200214,test
perforation/perforation_200215.png,perforation,severe,200215,train
perforation/perforation_200216.png,perforation,moderate,200216,train
perforation/perforation_200217.png,perforation,minor,200217,train
perforation/perforation_200218.png,perforation,severe,200218,train
perforation/perforation_200219.png,perforation,moderate,200219,train
perforation/perforation_200220.png,perforation,severe,200220,train
perforation/perforation_200221.png,perforation,moderate,200221,train
perforation/perforation_200222.png,perforation,severe,200222,train
perforation/perforation_200223.png,perforation,minor,200223,train
perforation/perforation_200224.png,perforation,moderate,200224,train
perforation/perforation_200225.png,perforation,moderate,200225,train
perforation/perforation_200226.png,perforation,minor,200226,train
perforation/perforation_200227.png,perforation,moderate,200227,train
perforation/perforation_200228.png,perforation,moderate,200228,train
perforation/perforation_200229.png,perforation,severe,200229,train
perforation/perforation_200230.png,perforation,severe,200230,train
perforation/perforation_200231.png,perforation,minor,200231,train
perforation/perforation_200232.png,perforation,moderate,200232,train
perforation/perforation_200233.png,perforation,minor,200233,train
perforation/perforation_200234.png,perforation,minor,200234,test
perforation/perforation_200235.png,perforation,severe,200235,train
perforation/perforation_200236.png,perforation,minor,200236,train
perforation/perforation_200237.png,perforation,minor,200237,train
perforation/perforation_200238.png,perforation,minor,200238,train
perforation/perforation_200239.png,perforation,moderate,200239,test
perforation/perforation_200240.png,perforation,minor,200240,val
perforation/perforation_200241.png,perforation,minor,200241,train
perforation/perforation_200242.png,perforation,minor,200242,train
perforation/perforation_200243.png,perforation,minor,200243,train
perforation/perforation_200244.png,perforation,minor,200244,train
perforation/perforation_200245.png,perforation,minor,200245,val
perforation/perforation_200246.png,perforation,minor,200246,train
perforation/perforation_200247.png,perforation,severe,200247,val
perforation/perforation_200248.png,perforation,severe,200248,train
perforation/perforation_200249.png,perforation,severe,200249,val
perforation/perforation_200250.png,perforation,severe,200250,train
perforation/perforation_200251.png,perforation,minor,200251,train
perforation/perforation_200252.png,perforation,minor,200252,test
perforation/perforation_200253.png,perforation,minor,200253,train
perforation/perforation_200254.png,perforation,moderate,200254,train
perforation/perforation_200255.png,perforation,moderate,200255,train
perforation/perforation_200256.png,perforation,severe,200256,train
perforation/perforation_200257.png,perforation,severe,200257,val
perforation/perforation_200258.png,perforation,minor,200258,val
perforation/perforation_200259.png,perforation,severe,200259,test
perforation/perforation_200260.png,perforation,moderate,200260,train
perforation/perforation_200261.png,perforation,minor,200261,train
perforation/perforation_200262.png,perforation,minor,200262,train
perforation/perforation_200263.png,perforation,severe,200263,train
perforation/perforation_200264.png,perforation,minor,200264,test
perforation/perforation_200265.png,perforation,minor,200265,train
perforation/perforation_200266.png,perforation,severe,200266,train
perforation/perforation_200267.png,perforation,severe,200267,train
perforation/perforation_200268.png,perforation,severe,200268,train
perforation/perforation_200269.png,perforation,severe,200269,train
perforation/perforation_200270.png,perforation,minor,200270,train
perforation/perforation_200271.png,perforation,severe,200271,train
perforation/perforation_200272.png,perforation,minor,200272,test
perforation/perforation_200273.png,perforation,minor,200273,train
perforation/perforation_200274.png,perforation,moderate,200274,train
perforation/perforation_200275.png,perforation,moderate,200275,train
perforation/perforation_200276.png,perforation,moderate,200276,train
perforation/perforation_200277.png,perforation,moderate,200277,train
perforation/perforation_200278.png,perforation,minor,200278,train
perforation/perforation_200279.png,perforation,moderate,200279,test
perforation/perforation_200280.png,perforation,moderate,200280,train
perforation/perforation_200281.png,perforation,severe,200281,test
perforation/perforation_200282.png,perforation,minor,200282,val
perforation/perforation_200283.png,perforation,moderate,200283,val
perforation/perforation_200284.png,perforation,minor,200284,val
perforation/perforation_200285.png,perforation,moderate,200285,train
perforation/perforation_200286.png,perforation,severe,200286,train
perforation/perforation_200287.png,perforation,severe,200287,val
perforation/perforation_200288.png,perforation,moderate,200288,test
perforation/perforation_200289.png,perforation,moderate,200289,train
perforation/perforation_200290.png,perforation,moderate,200290,val
perforation/perforation_200291.png,perforation,severe,200291,val
perforation/perforation_200292.png,perforation,minor,200292,train
perforation/perforation_200293.png,perforation,minor,200293,train
perforation/perforation_200294.png,perforation,severe,200294,train
perforation/perforation_200295.png,perforation,moderate,200295,val
perforation/perforation_200296.png,perforation,severe,200296,train
perforation/perforation_200297.png,perforation,minor,200297,train
perforation/perforation_200298.png,perforation,severe,200298,train
perforation/perforation_200299.png,perforation,minor,200299,val
perforation/perforation_200300.png,perforation,minor,200300,test
perforation/perforation_200301.png,perforation,minor,200301,train
perforation/perforation_200302.png,perforation,severe,200302,val
perforation/perforation_200303.png,perforation,minor,200303,train
perforation/perforation_200304.png,perforation,severe,200304,train
perforation/perforation_200305.png,perforation,moderate,200305,train
perforation/perforation_200306.png,perforation,severe,200306,train
perforation/perforation_200307.png,perforation,severe,200307,train
perforation/perforation_200308.png,perforation,moderate,200308,train
perforation/perforation_200309.png,perforation,minor,200309,train
perforation/perforation_200310.png,perforation,minor,200310,val
perforation/perforation_200311.png,perforation,moderate,200311,train
perforation/perforation_200312.png,perforation,minor,200312,val
perforation/perforation_200313.png,perforation,minor,200313,train
perforation/perforation_200314.png,perforation,minor,200314,val
perforation/perforation_200315.png,perforation,minor,200315,train
perforation/perforation_200316.png,perforation,moderate,200316,test
perforation/perforation_200317.png,perforation,moderate,200317,train
perforation/perforation_200318.png,perforation,minor,200318,val
perforation/perforation_200319.png,perforation,severe,200319,train
perforation/perforation_200320.png,perforation,severe,200320,val
perforation/perforation_200321.png,perforation,moderate,200321,train
perforation/perforation_200322.png,perforation,minor,200322,train
perforation/perforation_200323.png,perforation,minor,200323,train
perforation/perforation_200324.png,perforation,minor,200324,train
perforation/perforation_200325.png,perforation,minor,200325,train
perforation/perforation_200326.png,perforation,minor,200326,train
perforation/perforation_200327.png,perforation,severe,200327,train
perforation/perforation_200328.png,perforation,severe,200328,test
perforation/perforation_200329.png,perforation,severe,200329,val
perforation/perforation_200330.png,perforation,severe,200330,train
perforation/perforation_200331.png,perforation,minor,200331,train
perforation/perforation_200332.png,perforation,severe,200332,val
perforation/perforation_200333.png,perforation,severe,200333,train
perforation/perforation_200334.png,perforation,severe,200334,val
perforation/perforation_200335.png,perforation,severe,200335,val
perforation/perforation_200336.png,perforation,moderate,200336,train
perforation/perforation_200337.png,perforation,severe,200337,train
perforation/perforation_200338.png,perforation,moderate,200338,train
perforation/perforation_200339.png,perforation,severe,200339,train
perforation/perforation_200340.png,perforation,minor,200340,val
perforation/perforation_200341.png,perforation,minor,200341,train
perforation/perforation_200342.png,perforation,severe,200342,train
perforation/perforation_200343.png,perforation,minor,200343,train
perforation/perforation_200344.png,perforation,minor,200344,train
perforation/perforation_200345.png,perforation,minor,200345,val
perforation/perforation_200346.png,perforation,minor,200346,train
perforation/perforation_200347.png,perforation,minor,200347,train
perforation/perforation_200348.png,perforation,severe,200348,train
perforation/perforation_200349.png,perforation,severe,200349,train
perforation/perforation_200350.png,perforation,severe,200350,test
perforation/perforation_200351.png,perforation,minor,200351,test
perforation/perforation_200352.png,perforation,moderate,200352,train
perforation/perforation_200353.png,perforation,minor,200353,train
perforation/perforation_200354.png,perforation,moderate,200354,train
perforation/perforation_200355.png,perforation,minor,200355,train
perforation/perforation_200356.png,perforation,severe,200356,train
perforation/perforation_200357.png,perforation,minor,200357,train
perforation/perforation_200358.png,perforation,severe,200358,train
perforation/perforation_200359.png,perforation,severe,200359,train
perforation/perforation_200360.png,perforation,severe,200360,val
perforation/perforation_200361.png,perforation,minor,200361,train
perforation/perforation_200362.png,perforation,minor,200362,train
perforation/perforation_200363.png,perforation,moderate,200363,val
perforation/perforation_200364.png,perforation,severe,200364,train
perforation/perforation_200365.png,perforation,severe,200365,train
perforation/perforation_200366.png,perforation,moderate,200366,test
perforation/perforation_200367.png,perforation,severe,200367,val
perforation/perforation_200368.png,perforation,minor,200368,test
perforation/perforation_200369.png,perforation,minor,200369,val
perforation/perforation_200370.png,perforation,moderate,200370,val
perforation/perforation_200371.png,perforation,severe,200371,train
perforation/perforation_200372.png,perforation,moderate,200372,train
perforation/perforation_200373.png,perforation,severe,200373,train
perforation/perforation_200374.png,perforation,minor,200374,val
perforation/perforation_200375.png,perforation,severe,200375,train
perforation/perforation_200376.png,perforation,moderate,200376,train
perforation/perforation_200377.png,perforation,severe,200377,train
perforation/perforation_200378.png,perforation,minor,200378,train
perforation/perforation_200379.png,perforation,moderate,200379,train
perforation/perforation_200380.png,perforation,moderate,200380,val
perforation/perforation_200381.png,perforation,severe,200381,test
perforation/perforation_200382.png,perforation,minor,200382,train
perforation/perforation_200383.png,perforation,severe,200383,val
perforation/perforation_200384.png,perforation,moderate,200384,train
perforation/perforation_200385.png,perforation,minor,200385,train
perforation/perforation_200386.png,perforation,minor,200386,train
perforation/perforation_200387.png,perforation,minor,200387,train
perforation/perforation_200388.png,perforation,moderate,200388,train
perforation/perforation_200389.png,perforation,minor,200389,train
perforation/perforation_200390.png,perforation,minor,200390,train
perforation/perforation_200391.png,perforation,severe,200391,train
perforation/perforation_200392.png,perforation,severe,200392,train
perforation/perforation_200393.png,perforation,moderate,200393,val
perforation/perforation_200394.png,perforation,moderate,200394,train
perforation/perforation_200395.png,perforation,moderate,200395,val
perforation/perforation_200396.png,perforation,minor,200396,train
perforation/perforation_200397.png,perforation,severe,200397,train
perforation/perforation_200398.png,perforation,minor,200398,train
perforation/perforation_200399.png,perforation,moderate,200399,train
perforation/perforation_200400.png,perforation,moderate,200400,train
perforation/perforation_200401.png,perforation,moderate,200401,train
perforation/perforation_200402.png,perforation,minor,200402,train
perforation/perforation_200403.png,perforation,moderate,200403,train
perforation/perforation_200404.png,perforation,minor,200404,val
perforation/perforation_200405.png,perforation,moderate,200405,train
perforation/perforation_200406.png,perforation,minor,200406,val
perforation/perforation_200407.png,perforation,moderate,200407,train
perforation/perforation_200408.png,perforation,moderate,200408,train
perforation/perforation_200409.png,perforation,minor,200409,train
perforation/perforation_200410.png,perforation,severe,200410,train
perforation/perforation_200411.png,perforation,minor,200411,train
perforation/perforation_200412.png,perforation,minor,200412,train
perforation/perforation_200413.png,perforation,moderate,200413,train
perforation/perforation_200414.png,perforation,minor,200414,train
perforation/perforation_200415.png,perforation,moderate,200415,val
perforation/perforation_200416.png,perforation,moderate,200416,test
perforation/perforation_200417.png,perforation,minor,200417,train
perforation/perforation_200418.png,perforation,moderate,200418,val
perforation/perforation_200419.png,perforation,minor,200419,train
perforation/perforation_200420.png,perforation,moderate,200420,train
perforation/perforation_200421.png,perforation,minor,200421,test
perforation/perforation_200422.png,perforation,minor,200422,train
perforation/perforation_200423.png,perforation,minor,200423,val
perforation/perforation_200424.png,perforation,minor,200424,train
perforation/perforation_200425.png,perforation,moderate,200425,train
perforation/perforation_200426.png,perforation,moderate,200426,train
perforation/perforation_200427.png,perforation,minor,200427,train
perforation/perforation_200428.png,perforation,severe,200428,val
perforation/perforation_200429.png,perforation,severe,200429,val
perforation/perforation_200430.png,perforation,minor,200430,val
perforation/perforation_200431.png,perforation,moderate,200431,train
perforation/perforation_200432.png,perforation,minor,200432,train
perforation/perforation_200433.png,perforation,moderate,200433,train
perforation/perforation_200434.png,perforation,moderate,200434,val
perforation/perforation_200435.png,perforation,moderate,200435,test
perforation/perforation_200436.png,perforation,moderate,200436,train
perforation/perforation_200437.png,perforation,minor,200437,test
perforation/perforation_200438.png,perforation,moderate,200438,val
perforation/perforation_200439.png,perforation,severe,200439,train
perforation/perforation_200440.png,perforation,severe,200440,train
perforation/perforation_200441.png,perforation,severe,200441,train
perforation/perforation_200442.png,perforation,minor,200442,train
perforation/perforation_200443.png,perforation,severe,200443,train
perforation/perforation_200444.png,perforation,severe,200444,test
perforation/perforation_200445.png,perforation,severe,200445,test
perforation/perforation_200446.png,perforation,severe,200446,val
perforation/perforation_200447.png,perforation,moderate,200447,train
perforation/perforation_200448.png,perforation,minor,200448,train
perforation/perforation_200449.png,perforation,minor,200449,val
perforation/perforation_200450.png,perforation,severe,200450,train
perforation/perforation_200451.png,perforation,moderate,200451,train
perforation/perforation_200452.png,perforation,moderate,200452,train
perforation/perforation_200453.png,perforation,severe,200453,train
perforation/perforation_200454.png,perforation,moderate,200454,train
perforation/perforation_200455.png,perforation,minor,200455,train
perforation/perforation_200456.png,perforation,severe,200456,train
perforation/perforation_200457.png,perforation,moderate,200457,train
perforation/perforation_200458.png,perforation,severe,200458,train
perforation/perforation_200459.png,perforation,severe,200459,train
perforation/perforation_200460.png,perforation,moderate,200460,train
perforation/perforation_200461.png,perforation,minor,200461,train
perforation/perforation_200462.png,perforation,minor,200462,val
perforation/perforation_200463.png,perforation,severe,200463,train
perforation/perforation_200464.png,perforation,minor,200464,train
perforation/perforation_200465.png,perforation,moderate,200465,train
perforation/perforation_200466.png,perforation,minor,200466,train
perforation/perforation_200467.png,perforation,minor,200467,val
perforation/perforation_200468.png,perforation,moderate,200468,train
perforation/perforation_200469.png,perforation,severe,200469,train
perforation/perforation_200470.png,perforation,minor,200470,train
perforation/perforation_200471.png,perforation,minor,200471,train
perforation/perforation_200472.png,perforation,severe,200472,test
perforation/perforation_200473.png,perforation,severe,200473,train
perforation/perforation_200474.png,perforation,minor,200474,train
perforation/perforation_200475.png,perforation,moderate,200475,train
perforation/perforation_200476.png,perforation,moderate,200476,train
perforation/perforation_200477.png,perforation,minor,200477,train
perforation/perforation_200478.png,perforation,moderate,200478,val
perforation/perforation_200479.png,perforation,minor,200479,train
perforation/perforation_200480.png,perforation,moderate,200480,train
perforation/perforation_200481.png,perforation,severe,200481,train
perforation/perforation_200482.png,perforation,moderate,200482,test
perforation/perforation_200483.png,perforation,moderate,200483,train
perforation/perforation_200484.png,perforation,severe,200484,train
perforation/perforation_200485.png,perforation,minor,200485,train
perforation/perforation_200486.png,perforation,minor,200486,train
perforation/perforation_200487.png,perforation,severe,200487,val
perforation/perforation_200488.png,perforation,minor,200488,test
perforation/perforation_200489.png,perforation,minor,200489,test
perforation/perforation_200490.png,perforation,severe,200490,train
perforation/perforation_200491.png,perforation,minor,200491,val
perforation/perforation_200492.png,perforation,minor,200492,train
perforation/perforation_200493.png,perforation,moderate,200493,train
perforation/perforation_200494.png,perforation,moderate,200494,train
perforation/perforation_200495.png,perforation,severe,200495,val
perforation/perforation_200496.png,perforation,minor,200496,train
perforation/perforation_200497.png,perforation,severe,200497,train
perforation/perforation_200498.png,perforation,minor,200498,val
perforation/perforation_200499.png,perforation,minor,200499,val
perforation/perforation_200500.png,perforation,minor,200500,train
perforation/perforation_200501.png,perforation,minor,200501,train
perforation/perforation_200502.png,perforation,severe,200502,train
perforation/perforation_200503.png,perforation,severe,200503,train
perforation/perforation_200504.png,perforation,moderate,200504,train
perforation/perforation_200505.png,perforation,moderate,200505,train
perforation/perforation_200506.png,perforation,severe,200506,train
perforation/perforation_200507.png,perforation,minor,200507,train
perforation/perforation_200508.png,perforation,minor,200508,train
perforation/perforation_200509.png,perforation,moderate,200509,train
perforation/perforation_200510.png,perforation,severe,200510,val
perforation/perforation_200511.png,perforation,moderate,200511,train
perforation/perforation_200512.png,perforation,minor,200512,train
perforation/perforation_200513.png,perforation,minor,200513,train
perforation/perforation_200514.png,perforation,moderate,200514,train
perforation/perforation_200515.png,perforation,minor,200515,test
perforation/perforation_200516.png,perforation,minor,200516,train
perforation/perforation_200517.png,perforation,moderate,200517,train
perforation/perforation_200518.png,perforation,severe,200518,train
perforation/perforation_200519.png,perforation,moderate,200519,train
perforation/perforation_200520.png,perforation,moderate,200520,train
perforation/perforation_200521.png,perforation,moderate,200521,train
perforation/perforation_200522.png,perforation,minor,200522,val
perforation/perforation_200523.png,perforation,moderate,200523,test
perforation/perforation_200524.png,perforation,moderate,200524,train
perforation/perforation_200525.png,perforation,moderate,200525,val
perforation/perforation_200526.png,perforation,moderate,200526,val
perforation/perforation_200527.png,perforation,moderate,200527,train
perforation/perforation_200528.png,perforation,moderate,200528,train
perforation/perforation_200529.png,perforation,severe,200529,train
perforation/perforation_200530.png,perforation,minor,200530,train
perforation/perforation_200531.png,perforation,moderate,200531,train
perforation/perforation_200532.png,perforation,moderate,200532,train
perforation/perforation_200533.png,perforation,moderate,200533,train
perforation/perforation_200534.png,perforation,minor,200534,train
perforation/perforation_200535.png,perforation,moderate,200535,train
perforation/perforation_200536.png,perforation,severe,200536,test
perforation/perforation_200537.png,perforation,severe,200537,train
perforation/perforation_200538.png,perforation,minor,200538,val
perforation/perforation_200539.png,perforation,moderate,200539,val
perforation/perforation_200540.png,perforation,severe,200540,val
perforation/perforation_200541.png,perforation,minor,200541,train
perforation/perforation_200542.png,perforation,moderate,200542,test
perforation/perforation_200543.png,perforation,moderate,200543,train
perforation/perforation_200544.png,perforation,minor,200544,train
perforation/perforation_200545.png,perforation,minor,200545,train
perforation/perforation_200546.png,perforation,severe,200546,test
perforation/perforation_200547.png,perforation,minor,200547,train
perforation/perforation_200548.png,perforation,minor,200548,train
perforation/perforation_200549.png,perforation,minor,200549,test
perforation/perforation_200550.png,perforation,severe,200550,test
perforation/perforation_200551.png,perforation,severe,200551,train
perforation/perforation_200552.png,perforation,minor,200552,test
perforation/perforation_200553.png,perforation,moderate,200553,train
perforation/perforation_200554.png,perforation,minor,200554,test
perforation/perforation_200555.png,perforation,severe,200555,train
perforation/perforation_200556.png,perforation,moderate,200556,val
perforation/perforation_200557.png,perforation,severe,200557,val
perforation/perforation_200558.png,perforation,moderate,200558,train
perforation/perforation_200559.png,perforation,severe,200559,train
perforation/perforation_200560.png,perforation,moderate,200560,train
perforation/perforation_200561.png,perforation,minor,200561,train
perforation/perforation_200562.png,perforation,severe,200562,train
perforation/perforation_200563.png,perforation,moderate,200563,train
perforation/perforation_200564.png,perforation,minor,200564,train
perforation/perforation_200565.png,perforation,minor,200565,train
perforation/perforation_200566.png,perforation,minor,200566,test
perforation/perforation_200567.png,perforation,moderate,200567,train
perforation/perforation_200568.png,perforation,severe,200568,train
perforation/perforation_200569.png,perforation,severe,200569,test
perforation/perforation_200570.png,perforation,severe,200570,train
perforation/perforation_200571.png,perforation,minor,200571,train
perforation/perforation_200572.png,perforation,minor,200572,train
perforation/perforation_200573.png,perforation,moderate,200573,train
perforation/perforation_200574.png,perforation,severe,200574,train
perforation/perforation_200575.png,perforation,severe,200575,train
perforation/perforation_200576.png,perforation,severe,200576,train
perforation/perforation_200577.png,perforation,minor,200577,train
perforation/perforation_200578.png,perforation,minor,200578,train
perforation/perforation_200579.png,perforation,severe,200579,val
perforation/perforation_200580.png,perforation,minor,200580,val
perforation/perforation_200581.png,perforation,minor,200581,train
perforation/perforation_200582.png,perforation,minor,200582,val
perforation/perforation_200583.png,perforation,severe,200583,train
perforation/perforation_200584.png,perforation,minor,200584,train
perforation/perforation_200585.png,perforation,minor,200585,train
perforation/perforation_200586.png,perforation,minor,200586,val
perforation/perforation_200587.png,perforation,minor,200587,train
perforation/perforation_200588.png,perforation,moderate,200588,val
perforation/perforation_200589.png,perforation,severe,200589,train
perforation/perforation_200590.png,perforation,severe,200590,test
perforation/perforation_200591.png,perforation,severe,200591,train
perforation/perforation_200592.png,perforation,severe,200592,train
perforation/perforation_200593.png,perforation,moderate,200593,train
perforation/perforation_200594.png,perforation,severe,200594,train
perforation/perforation_200595.png,perforation,moderate,200595,train
perforation/perforation_200596.png,perforation,severe,200596,train
perforation/perforation_200597.png,perforation,moderate,200597,val
perforation/perforation_200598.png,perforation,moderate,200598,test
perforation/perforation_200599.png,perforation,severe,200599,train
perforation/perforation_200600.png,perforation,moderate,200600,train
perforation/perforation_200601.png,perforation,minor,200601,train
perforation/perforation_200602.png,perforation,severe,200602,train
perforation/perforation_200603.png,perforation,moderate,200603,val
perforation/perforation_200604.png,perforation,moderate,200604,train
perforation/perforation_200605.png,perforation,severe,200605,train
perforation/perforation_200606.png,perforation,minor,200606,train
perforation/perforation_200607.png,perforation,severe,200607,val
perforation/perforation_200608.png,perforation,severe,200608,train
perforation/perforation_200609.png,perforation,severe,200609,test
perforation/perforation_200610.png,perforation,minor,200610,train
perforation/perforation_200611.png,perforation,moderate,200611,train
perforation/perforation_200612.png,perforation,severe,200612,val
perforation/perforation_200613.png,perforation,severe,200613,train
perforation/perforation_200614.png,perforation,severe,200614,test
perforation/perforation_200615.png,perforation,moderate,200615,val
perforation/perforation_200616.png,perforation,minor,200616,val
perforation/perforation_200617.png,perforation,minor,200617,train
perforation/perforation_200618.png,perforation,severe,200618,train
perforation/perforation_200619.png,perforation,severe,200619,train
perforation/perforation_200620.png,perforation,severe,200620,train
perforation/perforation_200621.png,perforation,moderate,200621,train
perforation/perforation_200622.png,perforation,minor,200622,train
perforation/perforation_200623.png,perforation,severe,200623,train
perforation/perforation_200624.png,perforation,moderate,200624,train
perforation/perforation_200625.png,perforation,minor,200625,train
perforation/perforation_200626.png,perforation,moderate,200626,train
perforation/perforation_200627.png,perforation,severe,200627,train
perforation/perforation_200628.png,perforation,moderate,200628,train
perforation/perforation_200629.png,perforation,minor,200629,train
perforation/perforation_200630.png,perforation,severe,200630,val
perforation/perforation_200631.png,perforation,severe,200631,val
perforation/perforation_200632.png,perforation,severe,200632,val
perforation/perforation_200633.png,perforation,moderate,200633,test
perforation/perforation_200634.png,perforation,moderate,200634,val
perforation/perforation_200635.png,perforation,moderate,200635,train
perforation/perforation_200636.png,perforation,severe,200636,train
perforation/perforation_200637.png,perforation,moderate,200637,train
perforation/perforation_200638.png,perforation,severe,200638,train
perforation/perforation_200639.png,perforation,minor,200639,train
perforation/perforation_200640.png,perforation,severe,200640,train
perforation/perforation_200641.png,perforation,moderate,200641,val
perforation/perforation_200642.png,perforation,moderate,200642,test
perforation/perforation_200643.png,perforation,moderate,200643,val
perforation/perforation_200644.png,perforation,minor,200644,val
perforation/perforation_200645.png,perforation,minor,200645,train
perforation/perforation_200646.png,perforation,moderate,200646,test
perforation/perforation_200647.png,perforation,moderate,200647,train
perforation/perforation_200648.png,perforation,severe,200648,train
perforation/perforation_200649.png,perforation,severe,200649,train
perforation/perforation_200650.png,perforation,moderate,200650,train
perforation/perforation_200651.png,perforation,severe,200651,train
perforation/perforation_200652.png,perforation,moderate,200652,train
perforation/perforation_200653.png,perforation,minor,200653,train
perforation/perforation_200654.png,perforation,severe,200654,train
perforation/perforation_200655.png,perforation,moderate,200655,train
perforation/perforation_200656.png,perforation,severe,200656,train
perforation/perforation_200657.png,perforation,moderate,200657,val
perforation/perforation_200658.png,perforation,minor,200658,test
perforation/perforation_200659.png,perforation,minor,200659,train
perforation/perforation_200660.png,perforation,severe,200660,val
perforation/perforation_200661.png,perforation,severe,200661,train
perforation/perforation_200662.png,perforation,severe,200662,val
perforation/perforation_200663.png,perforation,minor,200663,train
perforation/perforation_200664.png,perforation,severe,200664,train
perforation/perforation_200665.png,perforation,severe,200665,train
perforation/perforation_200666.png,perforation,minor,200666,val
perforation/perforation_200667.png,perforation,severe,200667,train
perforation/perforation_200668.png,perforation,moderate,200668,val
perforation/perforation_200669.png,perforation,severe,200669,train
perforation/perforation_200670.png,perforation,severe,200670,train
perforation/perforation_200671.png,perforation,minor,200671,test
perforation/perforation_200672.png,perforation,severe,200672,train
perforation/perforation_200673.png,perforation,moderate,200673,val
perforation/perforation_200674.png,perforation,moderate,200674,val
perforation/perforation_200675.png,perforation,minor,200675,train
perforation/perforation_200676.png,perforation,minor,200676,train
perforation/perforation_200677.png,perforation,severe,200677,val
perforation/perforation_200678.png,perforation,severe,200678,train
perforation/perforation_200679.png,perforation,moderate,200679,train
perforation/perforation_200680.png,perforation,severe,200680,train
perforation/perforation_200681.png,perforation,minor,200681,train
perforation/perforation_200682.png,perforation,moderate,200682,train
perforation/perforation_200683.png,perforation,moderate,200683,val
perforation/perforation_200684.png,perforation,severe,200684,train
perforation/perforation_200685.png,perforation,moderate,200685,train
perforation/perforation_200686.png,perforation,severe,200686,train
perforation/perforation_200687.png,perforation,moderate,200687,val
perforation/perforation_200688.png,perforation,moderate,200688,train
perforation/perforation_200689.png,perforation,moderate,200689,train
perforation/perforation_200690.png,perforation,moderate,200690,train
perforation/perforation_200691.png,perforation,minor,200691,val
perforation/perforation_200692.png,perforation,minor,200692,train
perforation/perforation_200693.png,perforation,moderate,200693,train
perforation/perforation_200694.png,perforation,minor,200694,train
perforation/perforation_200695.png,perforation,minor,200695,train
perforation/perforation_200696.png,perforation,minor,200696,train
perforation/perforation_200697.png,perforation,severe,200697,train
perforation/perforation_200698.png,perforation,moderate,200698,train
perforation/perforation_200699.png,perforation,minor,200699,train
perforation/perforation_200700.png,perforation,minor,200700,train
perforation/perforation_200701.png,perforation,severe,200701,train
perforation/perforation_200702.png,perforation,minor,200702,train
perforation/perforation_200703.png,perforation,severe,200703,val
perforation/perforation_200704.png,perforation,minor,200704,val
perforation/perforation_200705.png,perforation,minor,200705,train
perforation/perforation_200706.png,perforation,severe,200706,train
perforation/perforation_200707.png,perforation,moderate,200707,train
perforation/perforation_200708.png,perforation,moderate,200708,train
perforation/perforation_200709.png,perforation,minor,200709,val
perforation/perforation_200710.png,perforation,severe,200710,train
perforation/perforation_200711.png,perforation,severe,200711,train
perforation/perforation_200712.png,perforation,severe,200712,val
perforation/perforation_200713.png,perforation,severe,200713,val
perforation/perforation_200714.png,perforation,moderate,200714,train
perforation/perforation_200715.png,perforation,minor,200715,train
perforation/perforation_200716.png,perforation,severe,200716,val
perforation/perforation_200717.png,perforation,severe,200717,train
perforation/perforation_200718.png,perforation,moderate,200718,train
perforation/perforation_200719.png,perforation,severe,200719,test
perforation/perforation_200720.png,perforation,severe,200720,train
perforation/perforation_200721.png,perforation,moderate,200721,train
perforation/perforation_200722.png,perforation,moderate,200722,train
perforation/perforation_200723.png,perforation,severe,200723,train
perforation/perforation_200724.png,perforation,minor,200724,test
perforation/perforation_200725.png,perforation,severe,200725,train
perforation/perforation_200726.png,perforation,severe,200726,train
perforation/perforation_200727.png,perforation,minor,200727,train
perforation/perforation_200728.png,perforation,moderate,200728,train
perforation/perforation_200729.png,perforation,severe,200729,train
perforation/perforation_200730.png,perforation,moderate,200730,val
perforation/perforation_200731.png,perforation,severe,200731,train
perforation/perforation_200732.png,perforation,moderate,200732,val
perforation/perforation_200733.png,perforation,minor,200733,val
perforation/perforation_200734.png,perforation,moderate,200734,val
perforation/perforation_200735.png,perforation,moderate,200735,train
perforation/perforation_200736.png,perforation,minor,200736,val
perforation/perforation_200737.png,perforation,moderate,200737,train
perforation/perforation_200738.png,perforation,severe,200738,train
perforation/perforation_200739.png,perforation,moderate,200739,train
perforation/perforation_200740.png,perforation,moderate,200740,train
perforation/perforation_200741.png,perforation,severe,200741,train
perforation/perforation_200742.png,perforation,minor,200742,train
perforation/perforation_200743.png,perforation,severe,200743,train
perforation/perforation_200744.png,perforation,moderate,200744,test
perforation/perforation_200745.png,perforation,moderate,200745,train
perforation/perforation_200746.png,perforation,severe,200746,train
perforation/perforation_200747.png,perforation,minor,200747,test
perforation/perforation_200748.png,perforation,severe,200748,train
perforation/perforation_200749.png,perforation,moderate,200749,train
perforation/perforation_200750.png,perforation,severe,200750,train
perforation/perforation_200751.png,perforation,severe,200751,train
perforation/perforation_200752.png,perforation,minor,200752,train
perforation/perforation_200753.png,perforation,severe,200753,train
perforation/perforation_200754.png,perforation,severe,200754,train
perforation/perforation_200755.png,perforation,moderate,200755,train
perforation/perforation_200756.png,perforation,severe,200756,train
perforation/perforation_200757.png,perforation,moderate,200757,train
perforation/perforation_200758.png,perforation,minor,200758,train
perforation/perforation_200759.png,perforation,minor,200759,test
perforation/perforation_200760.png,perforation,moderate,200760,train
perforation/perforation_200761.png,perforation,severe,200761,train
perforation/perforation_200762.png,perforation,moderate,200762,test
perforation/perforation_200763.png,perforation,moderate,200763,train
perforation/perforation_200764.png,perforation,severe,200764,train
perforation/perforation_200765.png,perforation,severe,200765,train
perforation/perforation_200766.png,perforation,moderate,200766,train
perforation/perforation_200767.png,perforation,severe,200767,train
perforation/perforation_200768.png,perforation,moderate,200768,train
perforation/perforation_200769.png,perforation,minor,200769,train
perforation/perforation_200770.png,perforation,minor,200770,train
perforation/perforation_200771.png,perforation,moderate,200771,train
perforation/perforation_200772.png,perforation,moderate,200772,val
perforation/perforation_200773.png,perforation,severe,200773,val
perforation/perforation_200774.png,perforation,severe,200774,train
perforation/perforation_200775.png,perforation,minor,200775,val
perforation/perforation_200776.png,perforation,severe,200776,train
perforation/perforation_200777.png,perforation,severe,200777,test
perforation/perforation_200778.png,perforation,severe,200778,val
perforation/perforation_200779.png,perforation,severe,200779,train
perforation/perforation_200780.png,perforation,minor,200780,train
perforation/perforation_200781.png,perforation,minor,200781,train
perforation/perforation_200782.png,perforation,severe,200782,train
perforation/perforation_200783.png,perforation,severe,200783,train
perforation/perforation_200784.png,perforation,severe,200784,train
perforation/perforation_200785.png,perforation,moderate,200785,train
perforation/perforation_200786.png,perforation,moderate,200786,val
perforation/perforation_200787.png,perforation,severe,200787,val
perforation/perforation_200788.png,perforation,minor,200788,train
perforation/perforation_200789.png,perforation,severe,200789,train
perforation/perforation_200790.png,perforation,severe,200790,val
perforation/perforation_200791.png,perforation,moderate,200791,val
perforation/perforation_200792.png,perforation,severe,200792,train
perforation/perforation_200793.png,perforation,severe,200793,train
perforation/perforation_200794.png,perforation,minor,200794,val
perforation/perforation_200795.png,perforation,minor,200795,train
perforation/perforation_200796.png,perforation,severe,200796,val
perforation/perforation_200797.png,perforation,moderate,200797,val
perforation/perforation_200798.png,perforation,severe,200798,train
perforation/perforation_200799.png,perforation,moderate,200799,train
petaling/petaling_300000.png,petaling,severe,300000,train
petaling/petaling_300001.png,petaling,moderate,300001,train
petaling/petaling_300002.png,petaling,minor,300002,train
petaling/petaling_300003.png,petaling,severe,300003,val
petaling/petaling_300004.png,petaling,moderate,300004,train
petaling/petaling_300005.png,petaling,minor,300005,train
petaling/petaling_300006.png,petaling,minor,300006,train
petaling/petaling_300007.png,petaling,severe,300007,val
petaling/petaling_300008.png,petaling,minor,300008,test
petaling/petaling_300009.png,petaling,severe,300009,train
petaling/petaling_300010.png,petaling,moderate,300010,train
petaling/petaling_300011.png,petaling,severe,300011,train
petaling/petaling_300012.png,petaling,moderate,300012,val
petaling/petaling_300013.png,petaling,moderate,300013,train
petaling/petaling_300014.png,petaling,moderate,300014,train
petaling/petaling_300015.png,petaling,moderate,300015,test
petaling/petaling_300016.png,petaling,minor,300016,train
petaling/petaling_300017.png,petaling,severe,300017,train
petaling/petaling_300018.png,petaling,severe,300018,train
petaling/petaling_300019.png,petaling,severe,300019,val
petaling/petaling_300020.png,petaling,severe,300020,val
petaling/petaling_300021.png,petaling,minor,300021,train
petaling/petaling_300022.png,petaling,severe,300022,test
petaling/petaling_300023.png,petaling,severe,300023,val
petaling/petaling_300024.png,petaling,severe,300024,test
petaling/petaling_300025.png,petaling,moderate,300025,train
petaling/petaling_300026.png,petaling,minor,300026,train
petaling/petaling_300027.png,petaling,minor,300027,val
petaling/petaling_300028.png,petaling,moderate,300028,train
petaling/petaling_300029.png,petaling,minor,300029,train
petaling/petaling_300030.png,petaling,minor,300030,train
petaling/petaling_300031.png,petaling,severe,300031,val
petaling/petaling_300032.png,petaling,minor,300032,train
petaling/petaling_300033.png,petaling,severe,300033,train
petaling/petaling_300034.png,petaling,moderate,300034,test
petaling/petaling_300035.png,petaling,severe,300035,train
petaling/petaling_300036.png,petaling,severe,300036,train
petaling/petaling_300037.png,petaling,severe,300037,train
petaling/petaling_300038.png,petaling,minor,300038,val
petaling/petaling_300039.png,petaling,severe,300039,val
petaling/petaling_300040.png,petaling,severe,300040,train
petaling/petaling_300041.png,petaling,minor,300041,train
petaling/petaling_300042.png,petaling,moderate,300042,train
petaling/petaling_300043.png,petaling,severe,300043,train
petaling/petaling_300044.png,petaling,moderate,300044,train
petaling/petaling_300045.png,petaling,moderate,300045,train
petaling/petaling_300046.png,petaling,minor,300046,train
petaling/petaling_300047.png,petaling,moderate,300047,train
petaling/petaling_300048.png,petaling,moderate,300048,test
petaling/petaling_300049.png,petaling,severe,300049,train
petaling/petaling_300050.png,petaling,moderate,300050,train
petaling/petaling_300051.png,petaling,moderate,300051,train
petaling/petaling_300052.png,petaling,severe,300052,train
petaling/petaling_300053.png,petaling,minor,300053,train
petaling/petaling_300054.png,petaling,moderate,300054,val
petaling/petaling_300055.png,petaling,severe,300055,train
petaling/petaling_300056.png,petaling,moderate,300056,train
petaling/petaling_300057.png,petaling,moderate,300057,train
petaling/petaling_300058.png,petaling,minor,300058,train
petaling/petaling_300059.png,petaling,severe,300059,train
petaling/petaling_300060.png,petaling,severe,300060,test
petaling/petaling_300061.png,petaling,severe,300061,val
petaling/petaling_300062.png,petaling,moderate,300062,train
petaling/petaling_300063.png,petaling,severe,300063,train
petaling/petaling_300064.png,petaling,severe,300064,train
petaling/petaling_300065.png,petaling,severe,300065,train
petaling/petaling_300066.png,petaling,severe,300066,val
petaling/petaling_300067.png,petaling,severe,300067,train
petaling/petaling_300068.png,petaling,moderate,300068,train
petaling/petaling_300069.png,petaling,minor,300069,train
petaling/petaling_300070.png,petaling,severe,300070,train
petaling/petaling_300071.png,petaling,minor,300071,train
petaling/petaling_300072.png,petaling,moderate,300072,test
petaling/petaling_300073.png,petaling,severe,300073,test
petaling/petaling_300074.png,petaling,severe,300074,train
petaling/petaling_300075.png,petaling,minor,300075,train
petaling/petaling_300076.png,petaling,minor,300076,train
petaling/petaling_300077.png,petaling,minor,300077,train
petaling/petaling_300078.png,petaling,moderate,300078,val
petaling/petaling_300079.png,petaling,moderate,300079,val
petaling/petaling_300080.png,petaling,moderate,300080,train
petaling/petaling_300081.png,petaling,moderate,300081,train
petaling/petaling_300082.png,petaling,severe,300082,val
petaling/petaling_300083.png,petaling,minor,300083,train
petaling/petaling_300084.png,petaling,moderate,300084,train
petaling/petaling_300085.png,petaling,minor,300085,train
petaling/petaling_300086.png,petaling,severe,300086,val
petaling/petaling_300087.png,petaling,severe,300087,train
petaling/petaling_300088.png,petaling,moderate,300088,train
petaling/petaling_300089.png,petaling,minor,300089,train
petaling/petaling_300090.png,petaling,severe,300090,train
petaling/petaling_300091.png,petaling,minor,300091,val
petaling/petaling_300092.png,petaling,moderate,300092,train
petaling/petaling_300093.png,petaling,severe,300093,train
petaling/petaling_300094.png,petaling,moderate,300094,train
petaling/petaling_300095.png,petaling,moderate,300095,train
petaling/petaling_300096.png,petaling,minor,300096,train
petaling/petaling_300097.png,petaling,severe,300097,val
petaling/petaling_300098.png,petaling,moderate,300098,train
petaling/petaling_300099.png,petaling,moderate,300099,val
petaling/petaling_300100.png,petaling,moderate,300100,train
petaling/petaling_300101.png,petaling,minor,300101,train
petaling/petaling_300102.png,petaling,minor,300102,train
petaling/petaling_300103.png,petaling,moderate,300103,train
petaling/petaling_300104.png,petaling,moderate,300104,val
petaling/petaling_300105.png,petaling,severe,300105,train
petaling/petaling_300106.png,petaling,minor,300106,train
petaling/petaling_300107.png,petaling,moderate,300107,train
petaling/petaling_300108.png,petaling,severe,300108,test
petaling/petaling_300109.png,petaling,moderate,300109,train
petaling/petaling_300110.png,petaling,moderate,300110,train
petaling/petaling_300111.png,petaling,minor,300111,train
petaling/petaling_300112.png,petaling,minor,300112,train
petaling/petaling_300113.png,petaling,minor,300113,train
petaling/petaling_300114.png,petaling,minor,300114,val
petaling/petaling_300115.png,petaling,severe,300115,train
petaling/petaling_300116.png,petaling,moderate,300116,train
petaling/petaling_300117.png,petaling,minor,300117,val
petaling/petaling_300118.png,petaling,severe,300118,train
petaling/petaling_300119.png,petaling,minor,300119,test
petaling/petaling_300120.png,petaling,minor,300120,train
petaling/petaling_300121.png,petaling,minor,300121,test
petaling/petaling_300122.png,petaling,moderate,300122,train
petaling/petaling_300123.png,petaling,severe,300123,train
petaling/petaling_300124.png,petaling,minor,300124,val
petaling/petaling_300125.png,petaling,severe,300125,train
petaling/petaling_300126.png,petaling,minor,300126,val
petaling/petaling_300127.png,petaling,severe,300127,val
petaling/petaling_300128.png,petaling,minor,300128,train
petaling/petaling_300129.png,petaling,minor,300129,val
petaling/petaling_300130.png,petaling,moderate,300130,test
petaling/petaling_300131.png,petaling,severe,300131,train
petaling/petaling_300132.png,petaling,severe,300132,train
petaling/petaling_300133.png,petaling,minor,300133,train
petaling/petaling_300134.png,petaling,severe,300134,val
petaling/petaling_300135.png,petaling,minor,300135,train
petaling/petaling_300136.png,petaling,moderate,300136,train
petaling/petaling_300137.png,petaling,severe,300137,val
petaling/petaling_300138.png,petaling,severe,300138,train
petaling/petaling_300139.png,petaling,minor,300139,train
petaling/petaling_300140.png,petaling,minor,300140,train
petaling/petaling_300141.png,petaling,severe,300141,train
petaling/petaling_300142.png,petaling,severe,300142,test
petaling/petaling_300143.png,petaling,minor,300143,train
petaling/petaling_300144.png,petaling,moderate,300144,val
petaling/petaling_300145.png,petaling,severe,300145,val
petaling/petaling_300146.png,petaling,severe,300146,val
petaling/petaling_300147.png,petaling,minor,300147,val
petaling/petaling_300148.png,petaling,severe,300148,train
petaling/petaling_300149.png,petaling,moderate,300149,train
petaling/petaling_300150.png,petaling,severe,300150,train
petaling/petaling_300151.png,petaling,moderate,300151,val
petaling/petaling_300152.png,petaling,severe,300152,train
petaling/petaling_300153.png,petaling,severe,300153,train
petaling/petaling_300154.png,petaling,minor,300154,test
petaling/petaling_300155.png,petaling,severe,300155,train
petaling/petaling_300156.png,petaling,moderate,300156,val
petaling/petaling_300157.png,petaling,minor,300157,train
petaling/petaling_300158.png,petaling,minor,300158,train
petaling/petaling_300159.png,petaling,minor,300159,val
petaling/petaling_300160.png,petaling,severe,300160,train
petaling/petaling_300161.png,petaling,moderate,300161,val
petaling/petaling_300162.png,petaling,minor,300162,train
petaling/petaling_300163.png,petaling,severe,300163,test
petaling/petaling_300164.png,petaling,minor,300164,val
petaling/petaling_300165.png,petaling,severe,300165,train
petaling/petaling_300166.png,petaling,minor,300166,val
petaling/petaling_300167.png,petaling,moderate,300167,train
petaling/petaling_300168.png,petaling,moderate,300168,train
petaling/petaling_300169.png,petaling,moderate,300169,train
petaling/petaling_300170.png,petaling,minor,300170,train
petaling/petaling_300171.png,petaling,moderate,300171,train
petaling/petaling_300172.png,petaling,severe,300172,train
petaling/petaling_300173.png,petaling,severe,300173,val
petaling/petaling_300174.png,petaling,moderate,300174,train
petaling/petaling_300175.png,petaling,minor,300175,val
petaling/petaling_300176.png,petaling,moderate,300176,train
petaling/petaling_300177.png,petaling,severe,300177,train
petaling/petaling_300178.png,petaling,moderate,300178,train
petaling/petaling_300179.png,petaling,severe,300179,test
petaling/petaling_300180.png,petaling,severe,300180,train
petaling/petaling_300181.png,petaling,severe,300181,train
petaling/petaling_300182.png,petaling,minor,300182,test
petaling/petaling_300183.png,petaling,moderate,300183,train
petaling/petaling_300184.png,petaling,severe,300184,train
petaling/petaling_300185.png,petaling,moderate,300185,train
petaling/petaling_300186.png,petaling,severe,300186,train
petaling/petaling_300187.png,petaling,severe,300187,val
petaling/petaling_300188.png,petaling,minor,300188,val
petaling/petaling_300189.png,petaling,moderate,300189,train
petaling/petaling_300190.png,petaling,severe,300190,train
petaling/petaling_300191.png,petaling,minor,300191,train
petaling/petaling_300192.png,petaling,moderate,300192,train
petaling/petaling_300193.png,petaling,moderate,300193,train
petaling/petaling_300194.png,petaling,minor,300194,train
petaling/petaling_300195.png,petaling,severe,300195,train
petaling/petaling_300196.png,petaling,minor,300196,train
petaling/petaling_300197.png,petaling,minor,300197,train
petaling/petaling_300198.png,petaling,moderate,300198,train
petaling/petaling_300199.png,petaling,moderate,300199,train
petaling/petaling_300200.png,petaling,moderate,300200,train
petaling/petaling_300201.png,petaling,minor,300201,train
petaling/petaling_300202.png,petaling,severe,300202,train
petaling/petaling_300203.png,petaling,minor,300203,train
petaling/petaling_300204.png,petaling,minor,300204,val
petaling/petaling_300205.png,petaling,severe,300205,val
petaling/petaling_300206.png,petaling,severe,300206,train
petaling/petaling_300207.png,petaling,minor,300207,val
petaling/petaling_300208.png,petaling,moderate,300208,train
petaling/petaling_300209.png,petaling,severe,300209,train
petaling/petaling_300210.png,petaling,severe,300210,train
petaling/petaling_300211.png,petaling,severe,300211,val
petaling/petaling_300212.png,petaling,moderate,300212,val
petaling/petaling_300213.png,petaling,moderate,300213,train
petaling/petaling_300214.png,petaling,moderate,300214,train
petaling/petaling_300215.png,petaling,severe,300215,test
petaling/petaling_300216.png,petaling,severe,300216,train
petaling/petaling_300217.png,petaling,moderate,300217,val
petaling/petaling_300218.png,petaling,moderate,300218,train
petaling/petaling_300219.png,petaling,moderate,300219,train
petaling/petaling_300220.png,petaling,moderate,300220,train
petaling/petaling_300221.png,petaling,severe,300221,train
petaling/petaling_300222.png,petaling,severe,300222,train
petaling/petaling_300223.png,petaling,moderate,300223,train
petaling/petaling_300224.png,petaling,moderate,300224,train
petaling/petaling_300225.png,petaling,severe,300225,train
petaling/petaling_300226.png,petaling,moderate,300226,train
petaling/petaling_300227.png,petaling,moderate,300227,train
petaling/petaling_300228.png,petaling,minor,300228,train
petaling/petaling_300229.png,petaling,severe,300229,train
petaling/petaling_300230.png,petaling,minor,300230,val
petaling/petaling_300231.png,petaling,moderate,300231,train
petaling/petaling_300232.png,petaling,severe,300232,train
petaling/petaling_300233.png,petaling,severe,300233,train
petaling/petaling_300234.png,petaling,moderate,300234,train
petaling/petaling_300235.png,petaling,minor,300235,train
petaling/petaling_300236.png,petaling,severe,300236,val
petaling/petaling_300237.png,petaling,severe,300237,train
petaling/petaling_300238.png,petaling,minor,300238,train
petaling/petaling_300239.png,petaling,minor,300239,val
petaling/petaling_300240.png,petaling,minor,300240,test
petaling/petaling_300241.png,petaling,moderate,300241,train
petaling/petaling_300242.png,petaling,moderate,300242,val
petaling/petaling_300243.png,petaling,severe,300243,train
petaling/petaling_300244.png,petaling,severe,300244,train
petaling/petaling_300245.png,petaling,severe,300245,val
petaling/petaling_300246.png,petaling,severe,300246,train
petaling/petaling_300247.png,petaling,moderate,300247,train
petaling/petaling_300248.png,petaling,minor,300248,test
petaling/petaling_300249.png,petaling,moderate,300249,train
petaling/petaling_300250.png,petaling,minor,300250,train
petaling/petaling_300251.png,petaling,severe,300251,train
petaling/petaling_300252.png,petaling,severe,300252,train
petaling/petaling_300253.png,petaling,moderate,300253,test
petaling/petaling_300254.png,petaling,moderate,300254,train
petaling/petaling_300255.png,petaling,moderate,300255,val
petaling/petaling_300256.png,petaling,moderate,300256,train
petaling/petaling_300257.png,petaling,moderate,300257,val
petaling/petaling_300258.png,petaling,minor,300258,train
petaling/petaling_300259.png,petaling,minor,300259,train
petaling/petaling_300260.png,petaling,severe,300260,train
petaling/petaling_300261.png,petaling,moderate,300261,train
petaling/petaling_300262.png,petaling,moderate,300262,train
petaling/petaling_300263.png,petaling,severe,300263,train
petaling/petaling_300264.png,petaling,moderate,300264,val
petaling/petaling_300265.png,petaling,minor,300265,train
petaling/petaling_300266.png,petaling,minor,300266,train
petaling/petaling_300267.png,petaling,minor,300267,train
petaling/petaling_300268.png,petaling,minor,300268,train
petaling/petaling_300269.png,petaling,moderate,300269,val
petaling/petaling_300270.png,petaling,moderate,300270,train
petaling/petaling_300271.png,petaling,severe,300271,val
petaling/petaling_300272.png,petaling,severe,300272,train
petaling/petaling_300273.png,petaling,minor,300273,train
petaling/petaling_300274.png,petaling,severe,300274,train
petaling/petaling_300275.png,petaling,severe,300275,train
petaling/petaling_300276.png,petaling,moderate,300276,test
petaling/petaling_300277.png,petaling,moderate,300277,train
petaling/petaling_300278.png,petaling,severe,300278,train
petaling/petaling_300279.png,petaling,moderate,300279,train
petaling/petaling_300280.png,petaling,minor,300280,val
petaling/petaling_300281.png,petaling,severe,300281,train
petaling/petaling_300282.png,petaling,minor,300282,test
petaling/petaling_300283.png,petaling,severe,300283,train
petaling/petaling_300284.png,petaling,minor,300284,train
petaling/petaling_300285.png,petaling,severe,300285,train
petaling/petaling_300286.png,petaling,severe,300286,train
petaling/petaling_300287.png,petaling,minor,300287,train
petaling/petaling_300288.png,petaling,minor,300288,train
petaling/petaling_300289.png,petaling,minor,300289,train
petaling/petaling_300290.png,petaling,minor,300290,train
petaling/petaling_300291.png,petaling,moderate,300291,train
petaling/petaling_300292.png,petaling,minor,300292,train
petaling/petaling_300293.png,petaling,severe,300293,train
petaling/petaling_300294.png,petaling,moderate,300294,train
petaling/petaling_300295.png,petaling,minor,300295,train
petaling/petaling_300296.png,petaling,moderate,300296,test
petaling/petaling_300297.png,petaling,severe,300297,train
petaling/petaling_300298.png,petaling,moderate,300298,val
petaling/petaling_300299.png,petaling,severe,300299,train
petaling/petaling_300300.png,petaling,moderate,300300,train
petaling/petaling_300301.png,petaling,minor,300301,train
petaling/petaling_300302.png,petaling,moderate,300302,val
petaling/petaling_300303.png,petaling,minor,300303,train
petaling/petaling_300304.png,petaling,moderate,300304,train
petaling/petaling_300305.png,petaling,minor,300305,test
petaling/petaling_300306.png,petaling,moderate,300306,val
petaling/petaling_300307.png,petaling,moderate,300307,train
petaling/petaling_300308.png,petaling,minor,300308,train
petaling/petaling_300309.png,petaling,severe,300309,train
petaling/petaling_300310.png,petaling,moderate,300310,test
petaling/petaling_300311.png,petaling,minor,300311,train
petaling/petaling_300312.png,petaling,moderate,300312,train
petaling/petaling_300313.png,petaling,severe,300313,test
petaling/petaling_300314.png,petaling,minor,300314,train
petaling/petaling_300315.png,petaling,minor,300315,train
petaling/petaling_300316.png,petaling,severe,300316,train
petaling/petaling_300317.png,petaling,moderate,300317,train
petaling/petaling_300318.png,petaling,minor,300318,val
petaling/petaling_300319.png,petaling,severe,300319,val
petaling/petaling_300320.png,petaling,moderate,300320,train
petaling/petaling_300321.png,petaling,moderate,300321,train
petaling/petaling_300322.png,petaling,severe,300322,train
petaling/petaling_300323.png,petaling,moderate,300323,train
petaling/petaling_300324.png,petaling,severe,300324,train
petaling/petaling_300325.png,petaling,minor,300325,train
petaling/petaling_300326.png,petaling,moderate,300326,val
petaling/petaling_300327.png,petaling,severe,300327,train
petaling/petaling_300328.png,petaling,moderate,300328,train
petaling/petaling_300329.png,petaling,severe,300329,test
petaling/petaling_300330.png,petaling,minor,300330,train
petaling/petaling_300331.png,petaling,minor,300331,test
petaling/petaling_300332.png,petaling,minor,300332,val
petaling/petaling_300333.png,petaling,severe,300333,train
petaling/petaling_300334.png,petaling,minor,300334,train
petaling/petaling_300335.png,petaling,severe,300335,train
petaling/petaling_300336.png,petaling,severe,300336,train
petaling/petaling_300337.png,petaling,severe,300337,val
petaling/petaling_300338.png,petaling,moderate,300338,train
petaling/petaling_300339.png,petaling,minor,300339,train
petaling/petaling_300340.png,petaling,severe,300340,train
petaling/petaling_300341.png,petaling,moderate,300341,train
petaling/petaling_300342.png,petaling,minor,300342,val
petaling/petaling_300343.png,petaling,moderate,300343,val
petaling/petaling_300344.png,petaling,minor,300344,val
petaling/petaling_300345.png,petaling,moderate,300345,train
petaling/petaling_300346.png,petaling,minor,300346,train
petaling/petaling_300347.png,petaling,severe,300347,train
petaling/petaling_300348.png,petaling,minor,300348,val
petaling/petaling_300349.png,petaling,minor,300349,val
petaling/petaling_300350.png,petaling,moderate,300350,train
petaling/petaling_300351.png,petaling,moderate,300351,train
petaling/petaling_300352.png,petaling,moderate,300352,val
petaling/petaling_300353.png,petaling,minor,300353,val
petaling/petaling_300354.png,petaling,minor,300354,test
petaling/petaling_300355.png,petaling,moderate,300355,train
petaling/petaling_300356.png,petaling,minor,300356,train
petaling/petaling_300357.png,petaling,severe,300357,train
petaling/petaling_300358.png,petaling,moderate,300358,train
petaling/petaling_300359.png,petaling,moderate,300359,train
petaling/petaling_300360.png,petaling,severe,300360,val
petaling/petaling_300361.png,petaling,severe,300361,train
petaling/petaling_300362.png,petaling,severe,300362,train
petaling/petaling_300363.png,petaling,minor,300363,train
petaling/petaling_300364.png,petaling,minor,300364,train
petaling/petaling_300365.png,petaling,moderate,300365,val
petaling/petaling_300366.png,petaling,moderate,300366,train
petaling/petaling_300367.png,petaling,severe,300367,val
petaling/petaling_300368.png,petaling,minor,300368,train
petaling/petaling_300369.png,petaling,severe,300369,test
petaling/petaling_300370.png,petaling,moderate,300370,train
petaling/petaling_300371.png,petaling,moderate,300371,test
petaling/petaling_300372.png,petaling,severe,300372,train
petaling/petaling_300373.png,petaling,moderate,300373,val
petaling/petaling_300374.png,petaling,moderate,300374,train
petaling/petaling_300375.png,petaling,severe,300375,val
petaling/petaling_300376.png,petaling,minor,300376,train
petaling/petaling_300377.png,petaling,moderate,300377,test
petaling/petaling_300378.png,petaling,moderate,300378,val
petaling/petaling_300379.png,petaling,severe,300379,train
petaling/petaling_300380.png,petaling,severe,300380,train
petaling/petaling_300381.png,petaling,minor,300381,val
petaling/petaling_300382.png,petaling,minor,300382,train
petaling/petaling_300383.png,petaling,severe,300383,train
petaling/petaling_300384.png,petaling,moderate,300384,test
petaling/petaling_300385.png,petaling,minor,300385,train
petaling/petaling_300386.png,petaling,severe,300386,train
petaling/petaling_300387.png,petaling,minor,300387,val
petaling/petaling_300388.png,petaling,minor,300388,train
petaling/petaling_300389.png,petaling,moderate,300389,train
petaling/petaling_300390.png,petaling,severe,300390,test
petaling/petaling_300391.png,petaling,moderate,300391,train
petaling/petaling_300392.png,petaling,minor,300392,train
petaling/petaling_300393.png,petaling,severe,300393,train
petaling/petaling_300394.png,petaling,severe,300394,test
petaling/petaling_300395.png,petaling,severe,300395,train
petaling/petaling_300396.png,petaling,moderate,300396,train
petaling/petaling_300397.png,petaling,severe,300397,train
petaling/petaling_300398.png,petaling,severe,300398,val
petaling/petaling_300399.png,petaling,minor,300399,val
petaling/petaling_300400.png,petaling,severe,300400,train
petaling/petaling_300401.png,petaling,severe,300401,train
petaling/petaling_300402.png,petaling,moderate,300402,train
petaling/petaling_300403.png,petaling,severe,300403,test
petaling/petaling_300404.png,petaling,minor,300404,train
petaling/petaling_300405.png,petaling,severe,300405,test
petaling/petaling_300406.png,petaling,moderate,300406,test
petaling/petaling_300407.png,petaling,minor,300407,train
petaling/petaling_300408.png,petaling,minor,300408,train
petaling/petaling_300409.png,petaling,moderate,300409,train
petaling/petaling_300410.png,petaling,moderate,300410,train
petaling/petaling_300411.png,petaling,minor,300411,train
petaling/petaling_300412.png,petaling,moderate,300412,val
petaling/petaling_300413.png,petaling,moderate,300413,test
petaling/petaling_300414.png,petaling,minor,300414,train
petaling/petaling_300415.png,petaling,moderate,300415,val
petaling/petaling_300416.png,petaling,severe,300416,train
petaling/petaling_300417.png,petaling,severe,300417,train
petaling/petaling_300418.png,petaling,minor,300418,train
petaling/petaling_300419.png,petaling,severe,300419,train
petaling/petaling_300420.png,petaling,moderate,300420,test
petaling/petaling_300421.png,petaling,minor,300421,train
petaling/petaling_300422.png,petaling,severe,300422,train
petaling/petaling_300423.png,petaling,moderate,300423,val
petaling/petaling_300424.png,petaling,moderate,300424,val
petaling/petaling_300425.png,petaling,moderate,300425,val
petaling/petaling_300426.png,petaling,moderate,300426,train
petaling/petaling_300427.png,petaling,minor,300427,train
petaling/petaling_300428.png,petaling,severe,300428,val
petaling/petaling_300429.png,petaling,moderate,300429,train
petaling/petaling_300430.png,petaling,severe,300430,train
petaling/petaling_300431.png,petaling,moderate,300431,val
petaling/petaling_300432.png,petaling,minor,300432,train
petaling/petaling_300433.png,petaling,minor,300433,train
petaling/petaling_300434.png,petaling,minor,300434,train
petaling/petaling_300435.png,petaling,minor,300435,train
petaling/petaling_300436.png,petaling,minor,300436,val
petaling/petaling_300437.png,petaling,minor,300437,train
petaling/petaling_300438.png,petaling,minor,300438,train
petaling/petaling_300439.png,petaling,moderate,300439,train
petaling/petaling_300440.png,petaling,moderate,300440,train
petaling/petaling_300441.png,petaling,minor,300441,train
petaling/petaling_300442.png,petaling,severe,300442,val
petaling/petaling_300443.png,petaling,severe,300443,test
petaling/petaling_300444.png,petaling,severe,300444,train
petaling/petaling_300445.png,petaling,minor,300445,train
petaling/petaling_300446.png,petaling,severe,300446,train
petaling/petaling_300447.png,petaling,minor,300447,train
petaling/petaling_300448.png,petaling,minor,300448,train
petaling/petaling_300449.png,petaling,severe,300449,train
petaling/petaling_300450.png,petaling,moderate,300450,val
petaling/petaling_300451.png,petaling,moderate,300451,train
petaling/petaling_300452.png,petaling,moderate,300452,train
petaling/petaling_300453.png,petaling,severe,300453,train
petaling/petaling_300454.png,petaling,severe,300454,train
petaling/petaling_300455.png,petaling,moderate,300455,test
petaling/petaling_300456.png,petaling,severe,300456,train
petaling/petaling_300457.png,petaling,severe,300457,train
petaling/petaling_300458.png,petaling,minor,300458,test
petaling/petaling_300459.png,petaling,moderate,300459,val
petaling/petaling_300460.png,petaling,minor,300460,test
petaling/petaling_300461.png,petaling,moderate,300461,train
petaling/petaling_300462.png,petaling,severe,300462,val
petaling/petaling_300463.png,petaling,moderate,300463,train
petaling/petaling_300464.png,petaling,minor,300464,train
petaling/petaling_300465.png,petaling,minor,300465,train
petaling/petaling_300466.png,petaling,minor,300466,train
petaling/petaling_300467.png,petaling,severe,300467,val
petaling/petaling_300468.png,petaling,severe,300468,train
petaling/petaling_300469.png,petaling,severe,300469,val
petaling/petaling_300470.png,petaling,moderate,300470,train
petaling/petaling_300471.png,petaling,moderate,300471,val
petaling/petaling_300472.png,petaling,minor,300472,train
petaling/petaling_300473.png,petaling,moderate,300473,train
petaling/petaling_300474.png,petaling,minor,300474,train
petaling/petaling_300475.png,petaling,minor,300475,test
petaling/petaling_300476.png,petaling,minor,300476,train
petaling/petaling_300477.png,petaling,moderate,300477,val
petaling/petaling_300478.png,petaling,severe,300478,train
petaling/petaling_300479.png,petaling,moderate,300479,train
petaling/petaling_300480.png,petaling,moderate,300480,val
petaling/petaling_300481.png,petaling,moderate,300481,train
petaling/petaling_300482.png,petaling,minor,300482,train
petaling/petaling_300483.png,petaling,moderate,300483,val
petaling/petaling_300484.png,petaling,moderate,300484,train
petaling/petaling_300485.png,petaling,severe,300485,train
petaling/petaling_300486.png,petaling,moderate,300486,val
petaling/petaling_300487.png,petaling,severe,300487,train
petaling/petaling_300488.png,petaling,moderate,300488,train
petaling/petaling_300489.png,petaling,moderate,300489,train
petaling/petaling_300490.png,petaling,severe,300490,val
petaling/petaling_300491.png,petaling,severe,300491,train
petaling/petaling_300492.png,petaling,severe,300492,train
petaling/petaling_300493.png,petaling,minor,300493,val
petaling/petaling_300494.png,petaling,moderate,300494,train
petaling/petaling_300495.png,petaling,minor,300495,train
petaling/petaling_300496.png,petaling,moderate,300496,train
petaling/petaling_300497.png,petaling,moderate,300497,train
petaling/petaling_300498.png,petaling,moderate,300498,train
petaling/petaling_300499.png,petaling,severe,300499,train
petaling/petaling_300500.png,petaling,moderate,300500,train
petaling/petaling_300501.png,petaling,severe,300501,train
petaling/petaling_300502.png,petaling,moderate,300502,train
petaling/petaling_300503.png,petaling,minor,300503,train
petaling/petaling_300504.png,petaling,moderate,300504,train
petaling/petaling_300505.png,petaling,severe,300505,train
petaling/petaling_300506.png,petaling,minor,300506,train
petaling/petaling_300507.png,petaling,moderate,300507,train
petaling/petaling_300508.png,petaling,minor,300508,train
petaling/petaling_300509.png,petaling,severe,300509,train
petaling/petaling_300510.png,petaling,minor,300510,val
petaling/petaling_300511.png,petaling,minor,300511,train
petaling/petaling_300512.png,petaling,moderate,300512,train
petaling/petaling_300513.png,petaling,severe,300513,test
petaling/petaling_300514.png,petaling,severe,300514,val
petaling/petaling_300515.png,petaling,severe,300515,val
petaling/petaling_300516.png,petaling,moderate,300516,train
petaling/petaling_300517.png,petaling,moderate,300517,train
petaling/petaling_300518.png,petaling,severe,300518,train
petaling/petaling_300519.png,petaling,moderate,300519,train
petaling/petaling_300520.png,petaling,moderate,300520,test
petaling/petaling_300521.png,petaling,minor,300521,test
petaling/petaling_300522.png,petaling,moderate,300522,val
petaling/petaling_300523.png,petaling,minor,300523,test
petaling/petaling_300524.png,petaling,minor,300524,train
petaling/petaling_300525.png,petaling,severe,300525,train
petaling/petaling_300526.png,petaling,minor,300526,train
petaling/petaling_300527.png,petaling,minor,300527,train
petaling/petaling_300528.png,petaling,minor,300528,val
petaling/petaling_300529.png,petaling,moderate,300529,train
petaling/petaling_300530.png,petaling,severe,300530,train
petaling/petaling_300531.png,petaling,moderate,300531,test
petaling/petaling_300532.png,petaling,minor,300532,train
petaling/petaling_300533.png,petaling,moderate,300533,train
petaling/petaling_300534.png,petaling,moderate,300534,test
petaling/petaling_300535.png,petaling,moderate,300535,train
petaling/petaling_300536.png,petaling,severe,300536,train
petaling/petaling_300537.png,petaling,moderate,300537,train
petaling/petaling_300538.png,petaling,minor,300538,train
petaling/petaling_300539.png,petaling,minor,300539,val
petaling/petaling_300540.png,petaling,severe,300540,train
petaling/petaling_300541.png,petaling,severe,300541,val
petaling/petaling_300542.png,petaling,minor,300542,train
petaling/petaling_300543.png,petaling,minor,300543,train
petaling/petaling_300544.png,petaling,moderate,300544,val
petaling/petaling_300545.png,petaling,severe,300545,test
petaling/petaling_300546.png,petaling,severe,300546,train
petaling/petaling_300547.png,petaling,moderate,300547,train
petaling/petaling_300548.png,petaling,severe,300548,train
petaling/petaling_300549.png,petaling,severe,300549,train
petaling/petaling_300550.png,petaling,minor,300550,train
petaling/petaling_300551.png,petaling,severe,300551,train
petaling/petaling_300552.png,petaling,minor,300552,train
petaling/petaling_300553.png,petaling,minor,300553,train
petaling/petaling_300554.png,petaling,severe,300554,train
petaling/petaling_300555.png,petaling,minor,300555,test
petaling/petaling_300556.png,petaling,moderate,300556,train
petaling/petaling_300557.png,petaling,moderate,300557,train
petaling/petaling_300558.png,petaling,severe,300558,val
petaling/petaling_300559.png,petaling,severe,300559,train
petaling/petaling_300560.png,petaling,moderate,300560,train
petaling/petaling_300561.png,petaling,severe,300561,test
petaling/petaling_300562.png,petaling,minor,300562,train
petaling/petaling_300563.png,petaling,moderate,300563,val
petaling/petaling_300564.png,petaling,moderate,300564,train
petaling/petaling_300565.png,petaling,moderate,300565,test
petaling/petaling_300566.png,petaling,minor,300566,train
petaling/petaling_300567.png,petaling,moderate,300567,train
petaling/petaling_300568.png,petaling,severe,300568,train
petaling/petaling_300569.png,petaling,severe,300569,train
petaling/petaling_300570.png,petaling,severe,300570,train
petaling/petaling_300571.png,petaling,moderate,300571,train
petaling/petaling_300572.png,petaling,moderate,300572,train
petaling/petaling_300573.png,petaling,severe,300573,train
petaling/petaling_300574.png,petaling,moderate,300574,train
petaling/petaling_300575.png,petaling,minor,300575,train
petaling/petaling_300576.png,petaling,severe,300576,train
petaling/petaling_300577.png,petaling,severe,300577,train
petaling/petaling_300578.png,petaling,severe,300578,val
petaling/petaling_300579.png,petaling,moderate,300579,train
petaling/petaling_300580.png,petaling,moderate,300580,train
petaling/petaling_300581.png,petaling,moderate,300581,train
petaling/petaling_300582.png,petaling,severe,300582,train
petaling/petaling_300583.png,petaling,moderate,300583,train
petaling/petaling_300584.png,petaling,minor,300584,val
petaling/petaling_300585.png,petaling,moderate,300585,test
petaling/petaling_300586.png,petaling,severe,300586,train
petaling/petaling_300587.png,petaling,minor,300587,test
petaling/petaling_300588.png,petaling,moderate,300588,train
petaling/petaling_300589.png,petaling,moderate,300589,train
petaling/petaling_300590.png,petaling,minor,300590,train
petaling/petaling_300591.png,petaling,severe,300591,train
petaling/petaling_300592.png,petaling,moderate,300592,train
petaling/petaling_300593.png,petaling,minor,300593,val
petaling/petaling_300594.png,petaling,minor,300594,train
petaling/petaling_300595.png,petaling,minor,300595,train
petaling/petaling_300596.png,petaling,moderate,300596,train
petaling/petaling_300597.png,petaling,severe,300597,train
petaling/petaling_300598.png,petaling,minor,300598,val
petaling/petaling_300599.png,petaling,moderate,300599,train
spallation/spallation_400000.png,spallation,minor,400000,train
spallation/spallation_400001.png,spallation,moderate,400001,train
spallation/spallation_400002.png,spallation,severe,400002,train
spallation/spallation_400003.png,spallation,moderate,400003,train
spallation/spallation_400004.png,spallation,severe,400004,train
spallation/spallation_400005.png,spallation,severe,400005,val
spallation/spallation_400006.png,spallation,severe,400006,train
spallation/spallation_400007.png,spallation,severe,400007,train
spallation/spallation_400008.png,spallation,moderate,400008,val
spallation/spallation_400009.png,spallation,moderate,400009,train
spallation/spallation_400010.png,spallation,severe,400010,train
spallation/spallation_400011.png,spallation,moderate,400011,train
spallation/spallation_400012.png,spallation,minor,400012,train
spallation/spallation_400013.png,spallation,moderate,400013,test
spallation/spallation_400014.png,spallation,severe,400014,train
spallation/spallation_400015.png,spallation,minor,400015,train
spallation/spallation_400016.png,spallation,minor,400016,train
spallation/spallation_400017.png,spallation,severe,400017,val
spallation/spallation_400018.png,spallation,minor,400018,train
spallation/spallation_400019.png,spallation,moderate,400019,test
spallation/spallation_400020.png,spallation,moderate,400020,train
spallation/spallation_400021.png,spallation,minor,400021,test
spallation/spallation_400022.png,spallation,severe,400022,train
spallation/spallation_400023.png,spallation,severe,400023,test
spallation/spallation_400024.png,spallation,severe,400024,val
spallation/spallation_400025.png,spallation,minor,400025,val
spallation/spallation_400026.png,spallation,severe,400026,train
spallation/spallation_400027.png,spallation,minor,400027,test
spallation/spallation_400028.png,spallation,severe,400028,train
spallation/spallation_400029.png,spallation,moderate,400029,train
spallation/spallation_400030.png,spallation,moderate,400030,val
spallation/spallation_400031.png,spallation,minor,400031,val
spallation/spallation_400032.png,spallation,moderate,400032,train
spallation/spallation_400033.png,spallation,moderate,400033,train
spallation/spallation_400034.png,spallation,minor,400034,test
spallation/spallation_400035.png,spallation,severe,400035,test
spallation/spallation_400036.png,spallation,minor,400036,train
spallation/spallation_400037.png,spallation,severe,400037,train
spallation/spallation_400038.png,spallation,moderate,400038,train
spallation/spallation_400039.png,spallation,severe,400039,train
spallation/spallation_400040.png,spallation,severe,400040,train
spallation/spallation_400041.png,spallation,minor,400041,train
spallation/spallation_400042.png,spallation,moderate,400042,val
spallation/spallation_400043.png,spallation,minor,400043,train
spallation/spallation_400044.png,spallation,severe,400044,train
spallation/spallation_400045.png,spallation,moderate,400045,test
spallation/spallation_400046.png,spallation,moderate,400046,train
spallation/spallation_400047.png,spallation,severe,400047,train
spallation/spallation_400048.png,spallation,minor,400048,train
spallation/spallation_400049.png,spallation,minor,400049,train
spallation/spallation_400050.png,spallation,moderate,400050,train
spallation/spallation_400051.png,spallation,moderate,400051,train
spallation/spallation_400052.png,spallation,moderate,400052,train
spallation/spallation_400053.png,spallation,severe,400053,train
spallation/spallation_400054.png,spallation,severe,400054,train
spallation/spallation_400055.png,spallation,moderate,400055,train
spallation/spallation_400056.png,spallation,moderate,400056,val
spallation/spallation_400057.png,spallation,severe,400057,val
spallation/spallation_400058.png,spallation,severe,400058,val
spallation/spallation_400059.png,spallation,minor,400059,train
spallation/spallation_400060.png,spallation,severe,400060,train
spallation/spallation_400061.png,spallation,severe,400061,test
spallation/spallation_400062.png,spallation,minor,400062,train
spallation/spallation_400063.png,spallation,moderate,400063,train
spallation/spallation_400064.png,spallation,minor,400064,train
spallation/spallation_400065.png,spallation,moderate,400065,train
spallation/spallation_400066.png,spallation,severe,400066,train
spallation/spallation_400067.png,spallation,moderate,400067,val
spallation/spallation_400068.png,spallation,moderate,400068,val
spallation/spallation_400069.png,spallation,severe,400069,train
spallation/spallation_400070.png,spallation,severe,400070,train
spallation/spallation_400071.png,spallation,severe,400071,val
spallation/spallation_400072.png,spallation,moderate,400072,train
spallation/spallation_400073.png,spallation,moderate,400073,train
spallation/spallation_400074.png,spallation,severe,400074,train
spallation/spallation_400075.png,spallation,minor,400075,train
spallation/spallation_400076.png,spallation,moderate,400076,train
spallation/spallation_400077.png,spallation,minor,400077,train
spallation/spallation_400078.png,spallation,moderate,400078,train
spallation/spallation_400079.png,spallation,severe,400079,train
spallation/spallation_400080.png,spallation,minor,400080,train
spallation/spallation_400081.png,spallation,minor,400081,train
spallation/spallation_400082.png,spallation,severe,400082,train
spallation/spallation_400083.png,spallation,severe,400083,train
spallation/spallation_400084.png,spallation,minor,400084,test
spallation/spallation_400085.png,spallation,minor,400085,train
spallation/spallation_400086.png,spallation,minor,400086,train
spallation/spallation_400087.png,spallation,severe,400087,train
spallation/spallation_400088.png,spallation,minor,400088,val
spallation/spallation_400089.png,spallation,moderate,400089,train
spallation/spallation_400090.png,spallation,severe,400090,val
spallation/spallation_400091.png,spallation,minor,400091,train
spallation/spallation_400092.png,spallation,moderate,400092,train
spallation/spallation_400093.png,spallation,moderate,400093,train
spallation/spallation_400094.png,spallation,moderate,400094,val
spallation/spallation_400095.png,spallation,moderate,400095,train
spallation/spallation_400096.png,spallation,moderate,400096,train
spallation/spallation_400097.png,spallation,severe,400097,train
spallation/spallation_400098.png,spallation,moderate,400098,val
spallation/spallation_400099.png,spallation,moderate,400099,train
spallation/spallation_400100.png,spallation,severe,400100,train
spallation/spallation_400101.png,spallation,severe,400101,train
spallation/spallation_400102.png,spallation,severe,400102,train
spallation/spallation_400103.png,spallation,severe,400103,train
spallation/spallation_400104.png,spallation,minor,400104,train
spallation/spallation_400105.png,spallation,moderate,400105,test
spallation/spallation_400106.png,spallation,moderate,400106,train
spallation/spallation_400107.png,spallation,severe,400107,val
spallation/spallation_400108.png,spallation,minor,400108,train
spallation/spallation_400109.png,spallation,moderate,400109,val
spallation/spallation_400110.png,spallation,minor,400110,train
spallation/spallation_400111.png,spallation,severe,400111,train
spallation/spallation_400112.png,spallation,severe,400112,val
spallation/spallation_400113.png,spallation,minor,400113,train
spallation/spallation_400114.png,spallation,severe,400114,train
spallation/spallation_400115.png,spallation,severe,400115,train
spallation/spallation_400116.png,spallation,moderate,400116,train
spallation/spallation_400117.png,spallation,severe,400117,val
spallation/spallation_400118.png,spallation,minor,400118,val
spallation/spallation_400119.png,spallation,moderate,400119,train
spallation/spallation_400120.png,spallation,minor,400120,train
spallation/spallation_400121.png,spallation,minor,400121,train
spallation/spallation_400122.png,spallation,minor,400122,test
spallation/spallation_400123.png,spallation,moderate,400123,train
spallation/spallation_400124.png,spallation,minor,400124,val
spallation/spallation_400125.png,spallation,minor,400125,val
spallation/spallation_400126.png,spallation,severe,400126,val
spallation/spallation_400127.png,spallation,severe,400127,train
spallation/spallation_400128.png,spallation,minor,400128,train
spallation/spallation_400129.png,spallation,moderate,400129,train
spallation/spallation_400130.png,spallation,moderate,400130,train
spallation/spallation_400131.png,spallation,minor,400131,train
spallation/spallation_400132.png,spallation,moderate,400132,train
spallation/spallation_400133.png,spallation,severe,400133,train
spallation/spallation_400134.png,spallation,moderate,400134,train
spallation/spallation_400135.png,spallation,moderate,400135,train
spallation/spallation_400136.png,spallation,severe,400136,train
spallation/spallation_400137.png,spallation,minor,400137,train
spallation/spallation_400138.png,spallation,minor,400138,val
spallation/spallation_400139.png,spallation,minor,400139,val
spallation/spallation_400140.png,spallation,minor,400140,val
spallation/spallation_400141.png,spallation,moderate,400141,test
spallation/spallation_400142.png,spallation,minor,400142,val
spallation/spallation_400143.png,spallation,moderate,400143,val
spallation/spallation_400144.png,spallation,severe,400144,test
spallation/spallation_400145.png,spallation,moderate,400145,train
spallation/spallation_400146.png,spallation,minor,400146,test
spallation/spallation_400147.png,spallation,severe,400147,val
spallation/spallation_400148.png,spallation,minor,400148,train
spallation/spallation_400149.png,spallation,minor,400149,train
spallation/spallation_400150.png,spallation,minor,400150,train
spallation/spallation_400151.png,spallation,moderate,400151,train
spallation/spallation_400152.png,spallation,minor,400152,test
spallation/spallation_400153.png,spallation,severe,400153,train
spallation/spallation_400154.png,spallation,severe,400154,train
spallation/spallation_400155.png,spallation,moderate,400155,train
spallation/spallation_400156.png,spallation,minor,400156,val
spallation/spallation_400157.png,spallation,moderate,400157,train
spallation/spallation_400158.png,spallation,minor,400158,train
spallation/spallation_400159.png,spallation,severe,400159,train
spallation/spallation_400160.png,spallation,severe,400160,test
spallation/spallation_400161.png,spallation,minor,400161,train
spallation/spallation_400162.png,spallation,minor,400162,val
spallation/spallation_400163.png,spallation,minor,400163,val
spallation/spallation_400164.png,spallation,severe,400164,val
spallation/spallation_400165.png,spallation,severe,400165,train
spallation/spallation_400166.png,spallation,minor,400166,train
spallation/spallation_400167.png,spallation,moderate,400167,train
spallation/spallation_400168.png,spallation,severe,400168,train
spallation/spallation_400169.png,spallation,moderate,400169,train
spallation/spallation_400170.png,spallation,severe,400170,train
spallation/spallation_400171.png,spallation,severe,400171,train
spallation/spallation_400172.png,spallation,moderate,400172,train
spallation/spallation_400173.png,spallation,severe,400173,train
spallation/spallation_400174.png,spallation,moderate,400174,train
spallation/spallation_400175.png,spallation,minor,400175,train
spallation/spallation_400176.png,spallation,severe,400176,train
spallation/spallation_400177.png,spallation,minor,400177,train
spallation/spallation_400178.png,spallation,moderate,400178,train
spallation/spallation_400179.png,spallation,moderate,400179,test
spallation/spallation_400180.png,spallation,severe,400180,train
spallation/spallation_400181.png,spallation,minor,400181,train
spallation/spallation_400182.png,spallation,minor,400182,train
spallation/spallation_400183.png,spallation,moderate,400183,train
spallation/spallation_400184.png,spallation,severe,400184,train
spallation/spallation_400185.png,spallation,minor,400185,train
spallation/spallation_400186.png,spallation,moderate,400186,test
spallation/spallation_400187.png,spallation,minor,400187,train
spallation/spallation_400188.png,spallation,minor,400188,train
spallation/spallation_400189.png,spallation,moderate,400189,train
spallation/spallation_400190.png,spallation,minor,400190,train
spallation/spallation_400191.png,spallation,severe,400191,val
spallation/spallation_400192.png,spallation,moderate,400192,train
spallation/spallation_400193.png,spallation,moderate,400193,train
spallation/spallation_400194.png,spallation,severe,400194,train
spallation/spallation_400195.png,spallation,moderate,400195,val
spallation/spallation_400196.png,spallation,moderate,400196,train
spallation/spallation_400197.png,spallation,minor,400197,train
spallation/spallation_400198.png,spallation,minor,400198,train
spallation/spallation_400199.png,spallation,moderate,400199,train
spallation/spallation_400200.png,spallation,minor,400200,train
spallation/spallation_400201.png,spallation,moderate,400201,train
spallation/spallation_400202.png,spallation,minor,400202,val
spallation/spallation_400203.png,spallation,severe,400203,train
spallation/spallation_400204.png,spallation,severe,400204,val
spallation/spallation_400205.png,spallation,moderate,400205,test
spallation/spallation_400206.png,spallation,minor,400206,train
spallation/spallation_400207.png,spallation,minor,400207,train
spallation/spallation_400208.png,spallation,minor,400208,test
spallation/spallation_400209.png,spallation,moderate,400209,val
spallation/spallation_400210.png,spallation,minor,400210,val
spallation/spallation_400211.png,spallation,moderate,400211,train
spallation/spallation_400212.png,spallation,severe,400212,train
spallation/spallation_400213.png,spallation,minor,400213,val
spallation/spallation_400214.png,spallation,severe,400214,train
spallation/spallation_400215.png,spallation,minor,400215,val
spallation/spallation_400216.png,spallation,moderate,400216,train
spallation/spallation_400217.png,spallation,severe,400217,train
spallation/spallation_400218.png,spallation,minor,400218,val
spallation/spallation_400219.png,spallation,moderate,400219,val
spallation/spallation_400220.png,spallation,severe,400220,train
spallation/spallation_400221.png,spallation,moderate,400221,train
spallation/spallation_400222.png,spallation,moderate,400222,train
spallation/spallation_400223.png,spallation,minor,400223,train
spallation/spallation_400224.png,spallation,severe,400224,train
spallation/spallation_400225.png,spallation,severe,400225,test
spallation/spallation_400226.png,spallation,severe,400226,train
spallation/spallation_400227.png,spallation,severe,400227,train
spallation/spallation_400228.png,spallation,minor,400228,train
spallation/spallation_400229.png,spallation,severe,400229,train
spallation/spallation_400230.png,spallation,severe,400230,train
spallation/spallation_400231.png,spallation,moderate,400231,val
spallation/spallation_400232.png,spallation,moderate,400232,train
spallation/spallation_400233.png,spallation,moderate,400233,val
spallation/spallation_400234.png,spallation,minor,400234,train
spallation/spallation_400235.png,spallation,minor,400235,train
spallation/spallation_400236.png,spallation,moderate,400236,test
spallation/spallation_400237.png,spallation,minor,400237,train
spallation/spallation_400238.png,spallation,severe,400238,val
spallation/spallation_400239.png,spallation,moderate,400239,train
spallation/spallation_400240.png,spallation,minor,400240,train
spallation/spallation_400241.png,spallation,minor,400241,train
spallation/spallation_400242.png,spallation,minor,400242,val
spallation/spallation_400243.png,spallation,minor,400243,val
spallation/spallation_400244.png,spallation,minor,400244,train
spallation/spallation_400245.png,spallation,minor,400245,train
spallation/spallation_400246.png,spallation,moderate,400246,train
spallation/spallation_400247.png,spallation,moderate,400247,train
spallation/spallation_400248.png,spallation,severe,400248,val
spallation/spallation_400249.png,spallation,moderate,400249,val
spallation/spallation_400250.png,spallation,minor,400250,train
spallation/spallation_400251.png,spallation,moderate,400251,train
spallation/spallation_400252.png,spallation,minor,400252,train
spallation/spallation_400253.png,spallation,minor,400253,train
spallation/spallation_400254.png,spallation,severe,400254,val
spallation/spallation_400255.png,spallation,severe,400255,test
spallation/spallation_400256.png,spallation,moderate,400256,train
spallation/spallation_400257.png,spallation,severe,400257,train
spallation/spallation_400258.png,spallation,severe,400258,val
spallation/spallation_400259.png,spallation,minor,400259,train
spallation/spallation_400260.png,spallation,minor,400260,val
spallation/spallation_400261.png,spallation,severe,400261,val
spallation/spallation_400262.png,spallation,severe,400262,train
spallation/spallation_400263.png,spallation,severe,400263,train
spallation/spallation_400264.png,spallation,minor,400264,train
spallation/spallation_400265.png,spallation,minor,400265,train
spallation/spallation_400266.png,spallation,minor,400266,train
spallation/spallation_400267.png,spallation,minor,400267,train
spallation/spallation_400268.png,spallation,severe,400268,test
spallation/spallation_400269.png,spallation,minor,400269,val
spallation/spallation_400270.png,spallation,moderate,400270,train
spallation/spallation_400271.png,spallation,moderate,400271,train
spallation/spallation_400272.png,spallation,severe,400272,train
spallation/spallation_400273.png,spallation,minor,400273,train
spallation/spallation_400274.png,spallation,severe,400274,train
spallation/spallation_400275.png,spallation,minor,400275,train
spallation/spallation_400276.png,spallation,severe,400276,test
spallation/spallation_400277.png,spallation,moderate,400277,val
spallation/spallation_400278.png,spallation,minor,400278,test
spallation/spallation_400279.png,spallation,severe,400279,train
spallation/spallation_400280.png,spallation,moderate,400280,train
spallation/spallation_400281.png,spallation,severe,400281,val
spallation/spallation_400282.png,spallation,minor,400282,train
spallation/spallation_400283.png,spallation,moderate,400283,train
spallation/spallation_400284.png,spallation,minor,400284,train
spallation/spallation_400285.png,spallation,minor,400285,train
spallation/spallation_400286.png,spallation,severe,400286,train
spallation/spallation_400287.png,spallation,minor,400287,train
spallation/spallation_400288.png,spallation,severe,400288,train
spallation/spallation_400289.png,spallation,minor,400289,test
spallation/spallation_400290.png,spallation,minor,400290,train
spallation/spallation_400291.png,spallation,minor,400291,train
spallation/spallation_400292.png,spallation,moderate,400292,train
spallation/spallation_400293.png,spallation,minor,400293,train
spallation/spallation_400294.png,spallation,moderate,400294,train
spallation/spallation_400295.png,spallation,minor,400295,train
spallation/spallation_400296.png,spallation,severe,400296,train
spallation/spallation_400297.png,spallation,moderate,400297,train
spallation/spallation_400298.png,spallation,moderate,400298,train
spallation/spallation_400299.png,spallation,severe,400299,val
spallation/spallation_400300.png,spallation,minor,400300,train
spallation/spallation_400301.png,spallation,severe,400301,val
spallation/spallation_400302.png,spallation,severe,400302,train
spallation/spallation_400303.png,spallation,severe,400303,val
spallation/spallation_400304.png,spallation,moderate,400304,train
spallation/spallation_400305.png,spallation,severe,400305,train
spallation/spallation_400306.png,spallation,moderate,400306,test
spallation/spallation_400307.png,spallation,severe,400307,test
spallation/spallation_400308.png,spallation,moderate,400308,train
spallation/spallation_400309.png,spallation,moderate,400309,train
spallation/spallation_400310.png,spallation,moderate,400310,train
spallation/spallation_400311.png,spallation,moderate,400311,train
spallation/spallation_400312.png,spallation,moderate,400312,val
spallation/spallation_400313.png,spallation,minor,400313,train
spallation/spallation_400314.png,spallation,severe,400314,train
spallation/spallation_400315.png,spallation,severe,400315,val
spallation/spallation_400316.png,spallation,moderate,400316,test
spallation/spallation_400317.png,spallation,minor,400317,train
spallation/spallation_400318.png,spallation,minor,400318,train
spallation/spallation_400319.png,spallation,severe,400319,train
spallation/spallation_400320.png,spallation,moderate,400320,train
spallation/spallation_400321.png,spallation,minor,400321,train
spallation/spallation_400322.png,spallation,minor,400322,train
spallation/spallation_400323.png,spallation,minor,400323,train
spallation/spallation_400324.png,spallation,severe,400324,train
spallation/spallation_400325.png,spallation,minor,400325,train
spallation/spallation_400326.png,spallation,severe,400326,train
spallation/spallation_400327.png,spallation,minor,400327,train
spallation/spallation_400328.png,spallation,moderate,400328,train
spallation/spallation_400329.png,spallation,minor,400329,train
spallation/spallation_400330.png,spallation,severe,400330,train
spallation/spallation_400331.png,spallation,moderate,400331,train
spallation/spallation_400332.png,spallation,moderate,400332,train
spallation/spallation_400333.png,spallation,moderate,400333,val
spallation/spallation_400334.png,spallation,severe,400334,train
spallation/spallation_400335.png,spallation,moderate,400335,train
spallation/spallation_400336.png,spallation,severe,400336,train
spallation/spallation_400337.png,spallation,severe,400337,train
spallation/spallation_400338.png,spallation,severe,400338,train
spallation/spallation_400339.png,spallation,minor,400339,train
spallation/spallation_400340.png,spallation,minor,400340,train
spallation/spallation_400341.png,spallation,severe,400341,train
spallation/spallation_400342.png,spallation,moderate,400342,train
spallation/spallation_400343.png,spallation,moderate,400343,train
spallation/spallation_400344.png,spallation,severe,400344,train
spallation/spallation_400345.png,spallation,moderate,400345,train
spallation/spallation_400346.png,spallation,minor,400346,train
spallation/spallation_400347.png,spallation,minor,400347,train
spallation/spallation_400348.png,spallation,severe,400348,test
spallation/spallation_400349.png,spallation,minor,400349,train
spallation/spallation_400350.png,spallation,severe,400350,train
spallation/spallation_400351.png,spallation,severe,400351,train
spallation/spallation_400352.png,spallation,moderate,400352,train
spallation/spallation_400353.png,spallation,severe,400353,val
spallation/spallation_400354.png,spallation,severe,400354,train
spallation/spallation_400355.png,spallation,minor,400355,train
spallation/spallation_400356.png,spallation,moderate,400356,train
spallation/spallation_400357.png,spallation,minor,400357,train
spallation/spallation_400358.png,spallation,severe,400358,train
spallation/spallation_400359.png,spallation,severe,400359,train
spallation/spallation_400360.png,spallation,severe,400360,test
spallation/spallation_400361.png,spallation,moderate,400361,test
spallation/spallation_400362.png,spallation,severe,400362,test
spallation/spallation_400363.png,spallation,severe,400363,train
spallation/spallation_400364.png,spallation,minor,400364,train
spallation/spallation_400365.png,spallation,minor,400365,val
spallation/spallation_400366.png,spallation,severe,400366,train
spallation/spallation_400367.png,spallation,severe,400367,test
spallation/spallation_400368.png,spallation,moderate,400368,train
spallation/spallation_400369.png,spallation,severe,400369,train
spallation/spallation_400370.png,spallation,severe,400370,train
spallation/spallation_400371.png,spallation,moderate,400371,val
spallation/spallation_400372.png,spallation,minor,400372,train
spallation/spallation_400373.png,spallation,moderate,400373,train
spallation/spallation_400374.png,spallation,minor,400374,train
spallation/spallation_400375.png,spallation,moderate,400375,train
spallation/spallation_400376.png,spallation,minor,400376,train
spallation/spallation_400377.png,spallation,moderate,400377,val
spallation/spallation_400378.png,spallation,moderate,400378,train
spallation/spallation_400379.png,spallation,moderate,400379,val
spallation/spallation_400380.png,spallation,severe,400380,train
spallation/spallation_400381.png,spallation,minor,400381,train
spallation/spallation_400382.png,spallation,minor,400382,train
spallation/spallation_400383.png,spallation,moderate,400383,train
spallation/spallation_400384.png,spallation,minor,400384,train
spallation/spallation_400385.png,spallation,moderate,400385,train
spallation/spallation_400386.png,spallation,severe,400386,val
spallation/spallation_400387.png,spallation,moderate,400387,train
spallation/spallation_400388.png,spallation,severe,400388,val
spallation/spallation_400389.png,spallation,moderate,400389,train
spallation/spallation_400390.png,spallation,severe,400390,train
spallation/spallation_400391.png,spallation,severe,400391,train
spallation/spallation_400392.png,spallation,severe,400392,train
spallation/spallation_400393.png,spallation,minor,400393,train
spallation/spallation_400394.png,spallation,moderate,400394,train
spallation/spallation_400395.png,spallation,minor,400395,train
spallation/spallation_400396.png,spallation,severe,400396,val
spallation/spallation_400397.png,spallation,minor,400397,train
spallation/spallation_400398.png,spallation,minor,400398,val
spallation/spallation_400399.png,spallation,severe,400399,train
spallation/spallation_400400.png,spallation,moderate,400400,val
spallation/spallation_400401.png,spallation,severe,400401,train
spallation/spallation_400402.png,spallation,minor,400402,train
spallation/spallation_400403.png,spallation,minor,400403,train
spallation/spallation_400404.png,spallation,moderate,400404,train
spallation/spallation_400405.png,spallation,severe,400405,train
spallation/spallation_400406.png,spallation,moderate,400406,train
spallation/spallation_400407.png,spallation,minor,400407,train
spallation/spallation_400408.png,spallation,severe,400408,val
spallation/spallation_400409.png,spallation,severe,400409,train
spallation/spallation_400410.png,spallation,moderate,400410,test
spallation/spallation_400411.png,spallation,minor,400411,train
spallation/spallation_400412.png,spallation,moderate,400412,train
spallation/spallation_400413.png,spallation,moderate,400413,test
spallation/spallation_400414.png,spallation,moderate,400414,train
spallation/spallation_400415.png,spallation,moderate,400415,val
spallation/spallation_400416.png,spallation,minor,400416,val
spallation/spallation_400417.png,spallation,severe,400417,train
spallation/spallation_400418.png,spallation,minor,400418,train
spallation/spallation_400419.png,spallation,severe,400419,train
spallation/spallation_400420.png,spallation,severe,400420,train
spallation/spallation_400421.png,spallation,moderate,400421,train
spallation/spallation_400422.png,spallation,severe,400422,train
spallation/spallation_400423.png,spallation,severe,400423,train
spallation/spallation_400424.png,spallation,moderate,400424,train
spallation/spallation_400425.png,spallation,moderate,400425,train
spallation/spallation_400426.png,spallation,moderate,400426,test
spallation/spallation_400427.png,spallation,moderate,400427,val
spallation/spallation_400428.png,spallation,severe,400428,train
spallation/spallation_400429.png,spallation,moderate,400429,val
spallation/spallation_400430.png,spallation,minor,400430,test
spallation/spallation_400431.png,spallation,severe,400431,val
spallation/spallation_400432.png,spallation,moderate,400432,val
spallation/spallation_400433.png,spallation,minor,400433,test
spallation/spallation_400434.png,spallation,severe,400434,train
spallation/spallation_400435.png,spallation,moderate,400435,train
spallation/spallation_400436.png,spallation,severe,400436,train
spallation/spallation_400437.png,spallation,minor,400437,val
spallation/spallation_400438.png,spallation,moderate,400438,train
spallation/spallation_400439.png,spallation,severe,400439,train
spallation/spallation_400440.png,spallation,minor,400440,train
spallation/spallation_400441.png,spallation,severe,400441,train
spallation/spallation_400442.png,spallation,severe,400442,train
spallation/spallation_400443.png,spallation,minor,400443,test
spallation/spallation_400444.png,spallation,moderate,400444,train
spallation/spallation_400445.png,spallation,moderate,400445,val
spallation/spallation_400446.png,spallation,minor,400446,train
spallation/spallation_400447.png,spallation,minor,400447,test
spallation/spallation_400448.png,spallation,minor,400448,val
spallation/spallation_400449.png,spallation,minor,400449,train
spallation/spallation_400450.png,spallation,minor,400450,train
spallation/spallation_400451.png,spallation,minor,400451,train
spallation/spallation_400452.png,spallation,moderate,400452,test
spallation/spallation_400453.png,spallation,moderate,400453,train
spallation/spallation_400454.png,spallation,moderate,400454,test
spallation/spallation_400455.png,spallation,severe,400455,train
spallation/spallation_400456.png,spallation,severe,400456,train
spallation/spallation_400457.png,spallation,moderate,400457,train
spallation/spallation_400458.png,spallation,moderate,400458,test
spallation/spallation_400459.png,spallation,moderate,400459,train
spallation/spallation_400460.png,spallation,minor,400460,val
spallation/spallation_400461.png,spallation,moderate,400461,test
spallation/spallation_400462.png,spallation,moderate,400462,val
spallation/spallation_400463.png,spallation,minor,400463,val
spallation/spallation_400464.png,spallation,moderate,400464,train
spallation/spallation_400465.png,spallation,moderate,400465,train
spallation/spallation_400466.png,spallation,moderate,400466,train
spallation/spallation_400467.png,spallation,severe,400467,train
spallation/spallation_400468.png,spallation,minor,400468,val
spallation/spallation_400469.png,spallation,minor,400469,val
spallation/spallation_400470.png,spallation,minor,400470,train
spallation/spallation_400471.png,spallation,moderate,400471,train
spallation/spallation_400472.png,spallation,minor,400472,train
spallation/spallation_400473.png,spallation,severe,400473,train
spallation/spallation_400474.png,spallation,severe,400474,train
spallation/spallation_400475.png,spallation,moderate,400475,train
spallation/spallation_400476.png,spallation,severe,400476,train
spallation/spallation_400477.png,spallation,minor,400477,train
spallation/spallation_400478.png,spallation,moderate,400478,train
spallation/spallation_400479.png,spallation,severe,400479,train
spallation/spallation_400480.png,spallation,minor,400480,val
spallation/spallation_400481.png,spallation,moderate,400481,val
spallation/spallation_400482.png,spallation,severe,400482,train
spallation/spallation_400483.png,spallation,moderate,400483,train
spallation/spallation_400484.png,spallation,severe,400484,train
spallation/spallation_400485.png,spallation,severe,400485,val
spallation/spallation_400486.png,spallation,severe,400486,train
spallation/spallation_400487.png,spallation,severe,400487,test
spallation/spallation_400488.png,spallation,moderate,400488,test
spallation/spallation_400489.png,spallation,moderate,400489,val
spallation/spallation_400490.png,spallation,severe,400490,train
spallation/spallation_400491.png,spallation,moderate,400491,train
spallation/spallation_400492.png,spallation,minor,400492,train
spallation/spallation_400493.png,spallation,moderate,400493,train
spallation/spallation_400494.png,spallation,severe,400494,train
spallation/spallation_400495.png,spallation,minor,400495,test
spallation/spallation_400496.png,spallation,minor,400496,train
spallation/spallation_400497.png,spallation,severe,400497,train
spallation/spallation_400498.png,spallation,minor,400498,test
spallation/spallation_400499.png,spallation,moderate,400499,train
spallation/spallation_400500.png,spallation,moderate,400500,train
spallation/spallation_400501.png,spallation,minor,400501,train
spallation/spallation_400502.png,spallation,severe,400502,val
spallation/spallation_400503.png,spallation,severe,400503,test
spallation/spallation_400504.png,spallation,severe,400504,train
spallation/spallation_400505.png,spallation,minor,400505,train
spallation/spallation_400506.png,spallation,severe,400506,test
spallation/spallation_400507.png,spallation,minor,400507,val
spallation/spallation_400508.png,spallation,severe,400508,train
spallation/spallation_400509.png,spallation,moderate,400509,train
spallation/spallation_400510.png,spallation,moderate,400510,train
spallation/spallation_400511.png,spallation,minor,400511,train
spallation/spallation_400512.png,spallation,moderate,400512,train
spallation/spallation_400513.png,spallation,moderate,400513,train
spallation/spallation_400514.png,spallation,minor,400514,train
spallation/spallation_400515.png,spallation,severe,400515,val
spallation/spallation_400516.png,spallation,minor,400516,val
spallation/spallation_400517.png,spallation,severe,400517,train
spallation/spallation_400518.png,spallation,moderate,400518,train
spallation/spallation_400519.png,spallation,severe,400519,val
spallation/spallation_400520.png,spallation,severe,400520,test
spallation/spallation_400521.png,spallation,minor,400521,train
spallation/spallation_400522.png,spallation,moderate,400522,val
spallation/spallation_400523.png,spallation,minor,400523,train
spallation/spallation_400524.png,spallation,severe,400524,train
spallation/spallation_400525.png,spallation,moderate,400525,val
spallation/spallation_400526.png,spallation,moderate,400526,train
spallation/spallation_400527.png,spallation,severe,400527,val
spallation/spallation_400528.png,spallation,minor,400528,train
spallation/spallation_400529.png,spallation,minor,400529,test
spallation/spallation_400530.png,spallation,moderate,400530,train
spallation/spallation_400531.png,spallation,moderate,400531,train
spallation/spallation_400532.png,spallation,moderate,400532,train
spallation/spallation_400533.png,spallation,severe,400533,val
spallation/spallation_400534.png,spallation,severe,400534,val
spallation/spallation_400535.png,spallation,moderate,400535,train
spallation/spallation_400536.png,spallation,moderate,400536,train
spallation/spallation_400537.png,spallation,severe,400537,train
spallation/spallation_400538.png,spallation,severe,400538,train
spallation/spallation_400539.png,spallation,minor,400539,train
spallation/spallation_400540.png,spallation,severe,400540,train
spallation/spallation_400541.png,spallation,severe,400541,train
spallation/spallation_400542.png,spallation,minor,400542,val
spallation/spallation_400543.png,spallation,moderate,400543,train
spallation/spallation_400544.png,spallation,minor,400544,test
spallation/spallation_400545.png,spallation,moderate,400545,train
spallation/spallation_400546.png,spallation,severe,400546,train
spallation/spallation_400547.png,spallation,moderate,400547,val
spallation/spallation_400548.png,spallation,moderate,400548,train
spallation/spallation_400549.png,spallation,severe,400549,train
spallation/spallation_400550.png,spallation,severe,400550,test
spallation/spallation_400551.png,spallation,severe,400551,train
spallation/spallation_400552.png,spallation,moderate,400552,train
spallation/spallation_400553.png,spallation,moderate,400553,train
spallation/spallation_400554.png,spallation,severe,400554,test
spallation/spallation_400555.png,spallation,minor,400555,train
spallation/spallation_400556.png,spallation,moderate,400556,val
spallation/spallation_400557.png,spallation,minor,400557,train
spallation/spallation_400558.png,spallation,moderate,400558,train
spallation/spallation_400559.png,spallation,severe,400559,train
spallation/spallation_400560.png,spallation,minor,400560,test
spallation/spallation_400561.png,spallation,minor,400561,val
spallation/spallation_400562.png,spallation,severe,400562,val
spallation/spallation_400563.png,spallation,severe,400563,train
spallation/spallation_400564.png,spallation,minor,400564,train
spallation/spallation_400565.png,spallation,minor,400565,train
spallation/spallation_400566.png,spallation,minor,400566,train
spallation/spallation_400567.png,spallation,severe,400567,train
spallation/spallation_400568.png,spallation,minor,400568,val
spallation/spallation_400569.png,spallation,moderate,400569,val
spallation/spallation_400570.png,spallation,severe,400570,train
spallation/spallation_400571.png,spallation,minor,400571,val
spallation/spallation_400572.png,spallation,moderate,400572,val
spallation/spallation_400573.png,spallation,moderate,400573,train
spallation/spallation_400574.png,spallation,moderate,400574,train
spallation/spallation_400575.png,spallation,moderate,400575,train
spallation/spallation_400576.png,spallation,moderate,400576,train
spallation/spallation_400577.png,spallation,severe,400577,train
spallation/spallation_400578.png,spallation,moderate,400578,train
spallation/spallation_400579.png,spallation,moderate,400579,train
spallation/spallation_400580.png,spallation,severe,400580,test
spallation/spallation_400581.png,spallation,severe,400581,train
spallation/spallation_400582.png,spallation,severe,400582,train
spallation/spallation_400583.png,spallation,severe,400583,val
spallation/spallation_400584.png,spallation,minor,400584,train
spallation/spallation_400585.png,spallation,moderate,400585,train
spallation/spallation_400586.png,spallation,moderate,400586,val
spallation/spallation_400587.png,spallation,severe,400587,train
spallation/spallation_400588.png,spallation,minor,400588,train
spallation/spallation_400589.png,spallation,moderate,400589,val
spallation/spallation_400590.png,spallation,minor,400590,train
spallation/spallation_400591.png,spallation,severe,400591,val
spallation/spallation_400592.png,spallation,severe,400592,train
spallation/spallation_400593.png,spallation,minor,400593,train
spallation/spallation_400594.png,spallation,severe,400594,train
spallation/spallation_400595.png,spallation,severe,400595,train
spallation/spallation_400596.png,spallation,moderate,400596,val
spallation/spallation_400597.png,spallation,severe,400597,train
spallation/spallation_400598.png,spallation,minor,400598,train
spallation/spallation_400599.png,spallation,moderate,400599,train
crack_web/crack_web_500000.png,crack_web,moderate,500000,train
crack_web/crack_web_500001.png,crack_web,severe,500001,test
crack_web/crack_web_500002.png,crack_web,severe,500002,train
crack_web/crack_web_500003.png,crack_web,moderate,500003,val
crack_web/crack_web_500004.png,crack_web,minor,500004,val
crack_web/crack_web_500005.png,crack_web,minor,500005,train
crack_web/crack_web_500006.png,crack_web,severe,500006,train
crack_web/crack_web_500007.png,crack_web,moderate,500007,test
crack_web/crack_web_500008.png,crack_web,severe,500008,val
crack_web/crack_web_500009.png,crack_web,minor,500009,test
crack_web/crack_web_500010.png,crack_web,severe,500010,val
crack_web/crack_web_500011.png,crack_web,severe,500011,train
crack_web/crack_web_500012.png,crack_web,severe,500012,val
crack_web/crack_web_500013.png,crack_web,severe,500013,train
crack_web/crack_web_500014.png,crack_web,moderate,500014,val
crack_web/crack_web_500015.png,crack_web,severe,500015,train
crack_web/crack_web_500016.png,crack_web,severe,500016,train
crack_web/crack_web_500017.png,crack_web,minor,500017,val
crack_web/crack_web_500018.png,crack_web,severe,500018,train
crack_web/crack_web_500019.png,crack_web,minor,500019,train
crack_web/crack_web_500020.png,crack_web,severe,500020,train
crack_web/crack_web_500021.png,crack_web,minor,500021,train
crack_web/crack_web_500022.png,crack_web,moderate,500022,train
crack_web/crack_web_500023.png,crack_web,minor,500023,train
crack_web/crack_web_500024.png,crack_web,minor,500024,train
crack_web/crack_web_500025.png,crack_web,minor,500025,train
crack_web/crack_web_500026.png,crack_web,severe,500026,train
crack_web/crack_web_500027.png,crack_web,moderate,500027,train
crack_web/crack_web_500028.png,crack_web,moderate,500028,train
crack_web/crack_web_500029.png,crack_web,moderate,500029,train
crack_web/crack_web_500030.png,crack_web,minor,500030,test
crack_web/crack_web_500031.png,crack_web,minor,500031,train
crack_web/crack_web_500032.png,crack_web,severe,500032,train
crack_web/crack_web_500033.png,crack_web,moderate,500033,train
crack_web/crack_web_500034.png,crack_web,severe,500034,train
crack_web/crack_web_500035.png,crack_web,moderate,500035,val
crack_web/crack_web_500036.png,crack_web,moderate,500036,train
crack_web/crack_web_500037.png,crack_web,severe,500037,train
crack_web/crack_web_500038.png,crack_web,severe,500038,train
crack_web/crack_web_500039.png,crack_web,minor,500039,val
crack_web/crack_web_500040.png,crack_web,minor,500040,train
crack_web/crack_web_500041.png,crack_web,moderate,500041,train
crack_web/crack_web_500042.png,crack_web,moderate,500042,val
crack_web/crack_web_500043.png,crack_web,minor,500043,train
crack_web/crack_web_500044.png,crack_web,severe,500044,train
crack_web/crack_web_500045.png,crack_web,severe,500045,train
crack_web/crack_web_500046.png,crack_web,moderate,500046,train
crack_web/crack_web_500047.png,crack_web,severe,500047,test
crack_web/crack_web_500048.png,crack_web,minor,500048,val
crack_web/crack_web_500049.png,crack_web,severe,500049,train
crack_web/crack_web_500050.png,crack_web,moderate,500050,train
crack_web/crack_web_500051.png,crack_web,severe,500051,train
crack_web/crack_web_500052.png,crack_web,moderate,500052,train
crack_web/crack_web_500053.png,crack_web,minor,500053,train
crack_web/crack_web_500054.png,crack_web,severe,500054,test
crack_web/crack_web_500055.png,crack_web,minor,500055,train
crack_web/crack_web_500056.png,crack_web,moderate,500056,train
crack_web/crack_web_500057.png,crack_web,severe,500057,train
crack_web/crack_web_500058.png,crack_web,severe,500058,train
crack_web/crack_web_500059.png,crack_web,minor,500059,train
crack_web/crack_web_500060.png,crack_web,moderate,500060,val
crack_web/crack_web_500061.png,crack_web,severe,500061,train
crack_web/crack_web_500062.png,crack_web,moderate,500062,train
crack_web/crack_web_500063.png,crack_web,moderate,500063,train
crack_web/crack_web_500064.png,crack_web,severe,500064,val
crack_web/crack_web_500065.png,crack_web,minor,500065,val
crack_web/crack_web_500066.png,crack_web,moderate,500066,train
crack_web/crack_web_500067.png,crack_web,severe,500067,train
crack_web/crack_web_500068.png,crack_web,severe,500068,train
crack_web/crack_web_500069.png,crack_web,moderate,500069,train
crack_web/crack_web_500070.png,crack_web,moderate,500070,test
crack_web/crack_web_500071.png,crack_web,minor,500071,train
crack_web/crack_web_500072.png,crack_web,severe,500072,train
crack_web/crack_web_500073.png,crack_web,minor,500073,train
crack_web/crack_web_500074.png,crack_web,severe,500074,test
crack_web/crack_web_500075.png,crack_web,moderate,500075,train
crack_web/crack_web_500076.png,crack_web,minor,500076,train
crack_web/crack_web_500077.png,crack_web,severe,500077,val
crack_web/crack_web_500078.png,crack_web,minor,500078,train
crack_web/crack_web_500079.png,crack_web,severe,500079,train
crack_web/crack_web_500080.png,crack_web,moderate,500080,train
crack_web/crack_web_500081.png,crack_web,severe,500081,train
crack_web/crack_web_500082.png,crack_web,moderate,500082,train
crack_web/crack_web_500083.png,crack_web,moderate,500083,train
crack_web/crack_web_500084.png,crack_web,moderate,500084,train
crack_web/crack_web_500085.png,crack_web,moderate,500085,val
crack_web/crack_web_500086.png,crack_web,minor,500086,val
crack_web/crack_web_500087.png,crack_web,severe,500087,train
crack_web/crack_web_500088.png,crack_web,moderate,500088,train
crack_web/crack_web_500089.png,crack_web,severe,500089,train
crack_web/crack_web_500090.png,crack_web,severe,500090,train
crack_web/crack_web_500091.png,crack_web,moderate,500091,train
crack_web/crack_web_500092.png,crack_web,moderate,500092,train
crack_web/crack_web_500093.png,crack_web,moderate,500093,train
crack_web/crack_web_500094.png,crack_web,severe,500094,train
crack_web/crack_web_500095.png,crack_web,minor,500095,test
crack_web/crack_web_500096.png,crack_web,minor,500096,val
crack_web/crack_web_500097.png,crack_web,severe,500097,train
crack_web/crack_web_500098.png,crack_web,minor,500098,val
crack_web/crack_web_500099.png,crack_web,minor,500099,train
crack_web/crack_web_500100.png,crack_web,moderate,500100,test
crack_web/crack_web_500101.png,crack_web,moderate,500101,train
crack_web/crack_web_500102.png,crack_web,severe,500102,val
crack_web/crack_web_500103.png,crack_web,minor,500103,val
crack_web/crack_web_500104.png,crack_web,severe,500104,train
crack_web/crack_web_500105.png,crack_web,severe,500105,val
crack_web/crack_web_500106.png,crack_web,severe,500106,train
crack_web/crack_web_500107.png,crack_web,severe,500107,train
crack_web/crack_web_500108.png,crack_web,severe,500108,train
crack_web/crack_web_500109.png,crack_web,moderate,500109,val
crack_web/crack_web_500110.png,crack_web,severe,500110,val
crack_web/crack_web_500111.png,crack_web,moderate,500111,train
crack_web/crack_web_500112.png,crack_web,minor,500112,train
crack_web/crack_web_500113.png,crack_web,severe,500113,train
crack_web/crack_web_500114.png,crack_web,minor,500114,val
crack_web/crack_web_500115.png,crack_web,severe,500115,train
crack_web/crack_web_500116.png,crack_web,severe,500116,train
crack_web/crack_web_500117.png,crack_web,severe,500117,val
crack_web/crack_web_500118.png,crack_web,moderate,500118,test
crack_web/crack_web_500119.png,crack_web,severe,500119,train
crack_web/crack_web_500120.png,crack_web,moderate,500120,train
crack_web/crack_web_500121.png,crack_web,minor,500121,train
crack_web/crack_web_500122.png,crack_web,minor,500122,train
crack_web/crack_web_500123.png,crack_web,moderate,500123,val
crack_web/crack_web_500124.png,crack_web,severe,500124,train
crack_web/crack_web_500125.png,crack_web,minor,500125,val
crack_web/crack_web_500126.png,crack_web,moderate,500126,train
crack_web/crack_web_500127.png,crack_web,severe,500127,val
crack_web/crack_web_500128.png,crack_web,severe,500128,val
crack_web/crack_web_500129.png,crack_web,moderate,500129,train
crack_web/crack_web_500130.png,crack_web,moderate,500130,train
crack_web/crack_web_500131.png,crack_web,moderate,500131,val
crack_web/crack_web_500132.png,crack_web,moderate,500132,train
crack_web/crack_web_500133.png,crack_web,moderate,500133,val
crack_web/crack_web_500134.png,crack_web,minor,500134,train
crack_web/crack_web_500135.png,crack_web,minor,500135,train
crack_web/crack_web_500136.png,crack_web,severe,500136,test
crack_web/crack_web_500137.png,crack_web,minor,500137,test
crack_web/crack_web_500138.png,crack_web,severe,500138,val
crack_web/crack_web_500139.png,crack_web,minor,500139,test
crack_web/crack_web_500140.png,crack_web,minor,500140,train
crack_web/crack_web_500141.png,crack_web,minor,500141,train
crack_web/crack_web_500142.png,crack_web,minor,500142,test
crack_web/crack_web_500143.png,crack_web,moderate,500143,train
crack_web/crack_web_500144.png,crack_web,moderate,500144,train
crack_web/crack_web_500145.png,crack_web,minor,500145,train
crack_web/crack_web_500146.png,crack_web,severe,500146,train
crack_web/crack_web_500147.png,crack_web,moderate,500147,test
crack_web/crack_web_500148.png,crack_web,moderate,500148,test
crack_web/crack_web_500149.png,crack_web,severe,500149,test
crack_web/crack_web_500150.png,crack_web,severe,500150,train
crack_web/crack_web_500151.png,crack_web,minor,500151,train
crack_web/crack_web_500152.png,crack_web,severe,500152,train
crack_web/crack_web_500153.png,crack_web,minor,500153,train
crack_web/crack_web_500154.png,crack_web,moderate,500154,train
crack_web/crack_web_500155.png,crack_web,severe,500155,train
crack_web/crack_web_500156.png,crack_web,minor,500156,train
crack_web/crack_web_500157.png,crack_web,moderate,500157,train
crack_web/crack_web_500158.png,crack_web,minor,500158,val
crack_web/crack_web_500159.png,crack_web,severe,500159,train
crack_web/crack_web_500160.png,crack_web,moderate,500160,train
crack_web/crack_web_500161.png,crack_web,moderate,500161,train
crack_web/crack_web_500162.png,crack_web,moderate,500162,train
crack_web/crack_web_500163.png,crack_web,severe,500163,train
crack_web/crack_web_500164.png,crack_web,severe,500164,val
crack_web/crack_web_500165.png,crack_web,severe,500165,train
crack_web/crack_web_500166.png,crack_web,severe,500166,train
crack_web/crack_web_500167.png,crack_web,moderate,500167,test
crack_web/crack_web_500168.png,crack_web,moderate,500168,train
crack_web/crack_web_500169.png,crack_web,severe,500169,test
crack_web/crack_web_500170.png,crack_web,moderate,500170,train
crack_web/crack_web_500171.png,crack_web,minor,500171,train
crack_web/crack_web_500172.png,crack_web,moderate,500172,train
crack_web/crack_web_500173.png,crack_web,minor,500173,train
crack_web/crack_web_500174.png,crack_web,moderate,500174,train
crack_web/crack_web_500175.png,crack_web,minor,500175,val
crack_web/crack_web_500176.png,crack_web,moderate,500176,train
crack_web/crack_web_500177.png,crack_web,moderate,500177,train
crack_web/crack_web_500178.png,crack_web,moderate,500178,val
crack_web/crack_web_500179.png,crack_web,severe,500179,train
crack_web/crack_web_500180.png,crack_web,minor,500180,val
crack_web/crack_web_500181.png,crack_web,minor,500181,train
crack_web/crack_web_500182.png,crack_web,minor,500182,train
crack_web/crack_web_500183.png,crack_web,minor,500183,train
crack_web/crack_web_500184.png,crack_web,moderate,500184,train
crack_web/crack_web_500185.png,crack_web,moderate,500185,train
crack_web/crack_web_500186.png,crack_web,minor,500186,train
crack_web/crack_web_500187.png,crack_web,severe,500187,train
crack_web/crack_web_500188.png,crack_web,severe,500188,train
crack_web/crack_web_500189.png,crack_web,minor,500189,train
crack_web/crack_web_500190.png,crack_web,minor,500190,train
crack_web/crack_web_500191.png,crack_web,minor,500191,train
crack_web/crack_web_500192.png,crack_web,moderate,500192,train
crack_web/crack_web_500193.png,crack_web,severe,500193,train
crack_web/crack_web_500194.png,crack_web,minor,500194,train
crack_web/crack_web_500195.png,crack_web,minor,500195,train
crack_web/crack_web_500196.png,crack_web,moderate,500196,train
crack_web/crack_web_500197.png,crack_web,severe,500197,train
crack_web/crack_web_500198.png,crack_web,minor,500198,train
crack_web/crack_web_500199.png,crack_web,moderate,500199,train
crack_web/crack_web_500200.png,crack_web,minor,500200,train
crack_web/crack_web_500201.png,crack_web,moderate,500201,train
crack_web/crack_web_500202.png,crack_web,severe,500202,val
crack_web/crack_web_500203.png,crack_web,severe,500203,train
crack_web/crack_web_500204.png,crack_web,moderate,500204,train
crack_web/crack_web_500205.png,crack_web,moderate,500205,train
crack_web/crack_web_500206.png,crack_web,moderate,500206,train
crack_web/crack_web_500207.png,crack_web,minor,500207,train
crack_web/crack_web_500208.png,crack_web,minor,500208,train
crack_web/crack_web_500209.png,crack_web,moderate,500209,train
crack_web/crack_web_500210.png,crack_web,severe,500210,train
crack_web/crack_web_500211.png,crack_web,moderate,500211,train
crack_web/crack_web_500212.png,crack_web,moderate,500212,train
crack_web/crack_web_500213.png,crack_web,severe,500213,train
crack_web/crack_web_500214.png,crack_web,minor,500214,train
crack_web/crack_web_500215.png,crack_web,minor,500215,train
crack_web/crack_web_500216.png,crack_web,minor,500216,train
crack_web/crack_web_500217.png,crack_web,minor,500217,train
crack_web/crack_web_500218.png,crack_web,minor,500218,val
crack_web/crack_web_500219.png,crack_web,minor,500219,train
crack_web/crack_web_500220.png,crack_web,minor,500220,train
crack_web/crack_web_500221.png,crack_web,minor,500221,train
crack_web/crack_web_500222.png,crack_web,minor,500222,train
crack_web/crack_web_500223.png,crack_web,severe,500223,train
crack_web/crack_web_500224.png,crack_web,severe,500224,train
crack_web/crack_web_500225.png,crack_web,minor,500225,train
crack_web/crack_web_500226.png,crack_web,severe,500226,val
crack_web/crack_web_500227.png,crack_web,minor,500227,train
crack_web/crack_web_500228.png,crack_web,moderate,500228,test
crack_web/crack_web_500229.png,crack_web,severe,500229,train
crack_web/crack_web_500230.png,crack_web,severe,500230,val
crack_web/crack_web_500231.png,crack_web,moderate,500231,train
crack_web/crack_web_500232.png,crack_web,severe,500232,train
crack_web/crack_web_500233.png,crack_web,minor,500233,test
crack_web/crack_web_500234.png,crack_web,minor,500234,train
crack_web/crack_web_500235.png,crack_web,moderate,500235,train
crack_web/crack_web_500236.png,crack_web,moderate,500236,train
crack_web/crack_web_500237.png,crack_web,severe,500237,val
crack_web/crack_web_500238.png,crack_web,moderate,500238,train
crack_web/crack_web_500239.png,crack_web,minor,500239,train
crack_web/crack_web_500240.png,crack_web,moderate,500240,train
crack_web/crack_web_500241.png,crack_web,moderate,500241,val
crack_web/crack_web_500242.png,crack_web,severe,500242,train
crack_web/crack_web_500243.png,crack_web,minor,500243,val
crack_web/crack_web_500244.png,crack_web,minor,500244,train
crack_web/crack_web_500245.png,crack_web,moderate,500245,train
crack_web/crack_web_500246.png,crack_web,minor,500246,train
crack_web/crack_web_500247.png,crack_web,moderate,500247,val
crack_web/crack_web_500248.png,crack_web,moderate,500248,train
crack_web/crack_web_500249.png,crack_web,moderate,500249,train
crack_web/crack_web_500250.png,crack_web,moderate,500250,test
crack_web/crack_web_500251.png,crack_web,minor,500251,val
crack_web/crack_web_500252.png,crack_web,minor,500252,train
crack_web/crack_web_500253.png,crack_web,severe,500253,train
crack_web/crack_web_500254.png,crack_web,moderate,500254,train
crack_web/crack_web_500255.png,crack_web,minor,500255,train
crack_web/crack_web_500256.png,crack_web,severe,500256,test
crack_web/crack_web_500257.png,crack_web,minor,500257,train
crack_web/crack_web_500258.png,crack_web,minor,500258,train
crack_web/crack_web_500259.png,crack_web,severe,500259,train
crack_web/crack_web_500260.png,crack_web,moderate,500260,train
crack_web/crack_web_500261.png,crack_web,minor,500261,train
crack_web/crack_web_500262.png,crack_web,severe,500262,train
crack_web/crack_web_500263.png,crack_web,minor,500263,train
crack_web/crack_web_500264.png,crack_web,severe,500264,train
crack_web/crack_web_500265.png,crack_web,moderate,500265,val
crack_web/crack_web_500266.png,crack_web,severe,500266,test
crack_web/crack_web_500267.png,crack_web,moderate,500267,train
crack_web/crack_web_500268.png,crack_web,minor,500268,train
crack_web/crack_web_500269.png,crack_web,minor,500269,val
crack_web/crack_web_500270.png,crack_web,moderate,500270,val
crack_web/crack_web_500271.png,crack_web,minor,500271,train
crack_web/crack_web_500272.png,crack_web,severe,500272,train
crack_web/crack_web_500273.png,crack_web,minor,500273,train
crack_web/crack_web_500274.png,crack_web,minor,500274,val
crack_web/crack_web_500275.png,crack_web,severe,500275,train
crack_web/crack_web_500276.png,crack_web,minor,500276,val
crack_web/crack_web_500277.png,crack_web,minor,500277,val
crack_web/crack_web_500278.png,crack_web,severe,500278,train
crack_web/crack_web_500279.png,crack_web,moderate,500279,val
crack_web/crack_web_500280.png,crack_web,minor,500280,train
crack_web/crack_web_500281.png,crack_web,minor,500281,val
crack_web/crack_web_500282.png,crack_web,moderate,500282,test
crack_web/crack_web_500283.png,crack_web,minor,500283,train
crack_web/crack_web_500284.png,crack_web,severe,500284,train
crack_web/crack_web_500285.png,crack_web,minor,500285,train
crack_web/crack_web_500286.png,crack_web,severe,500286,val
crack_web/crack_web_500287.png,crack_web,severe,500287,train
crack_web/crack_web_500288.png,crack_web,severe,500288,train
crack_web/crack_web_500289.png,crack_web,moderate,500289,test
crack_web/crack_web_500290.png,crack_web,severe,500290,train
crack_web/crack_web_500291.png,crack_web,moderate,500291,val
crack_web/crack_web_500292.png,crack_web,moderate,500292,val
crack_web/crack_web_500293.png,crack_web,minor,500293,train
crack_web/crack_web_500294.png,crack_web,minor,500294,train
crack_web/crack_web_500295.png,crack_web,minor,500295,train
crack_web/crack_web_500296.png,crack_web,moderate,500296,train
crack_web/crack_web_500297.png,crack_web,moderate,500297,train
crack_web/crack_web_500298.png,crack_web,moderate,500298,val
crack_web/crack_web_500299.png,crack_web,minor,500299,train
crack_web/crack_web_500300.png,crack_web,moderate,500300,val
crack_web/crack_web_500301.png,crack_web,severe,500301,train
crack_web/crack_web_500302.png,crack_web,severe,500302,train
crack_web/crack_web_500303.png,crack_web,moderate,500303,val
crack_web/crack_web_500304.png,crack_web,minor,500304,val
crack_web/crack_web_500305.png,crack_web,minor,500305,train
crack_web/crack_web_500306.png,crack_web,minor,500306,train
crack_web/crack_web_500307.png,crack_web,moderate,500307,train
crack_web/crack_web_500308.png,crack_web,severe,500308,train
crack_web/crack_web_500309.png,crack_web,moderate,500309,train
crack_web/crack_web_500310.png,crack_web,minor,500310,val
crack_web/crack_web_500311.png,crack_web,severe,500311,train
crack_web/crack_web_500312.png,crack_web,minor,500312,train
crack_web/crack_web_500313.png,crack_web,moderate,500313,train
crack_web/crack_web_500314.png,crack_web,moderate,500314,val
crack_web/crack_web_500315.png,crack_web,severe,500315,train
crack_web/crack_web_500316.png,crack_web,severe,500316,train
crack_web/crack_web_500317.png,crack_web,minor,500317,train
crack_web/crack_web_500318.png,crack_web,minor,500318,train
crack_web/crack_web_500319.png,crack_web,severe,500319,test
crack_web/crack_web_500320.png,crack_web,minor,500320,train
crack_web/crack_web_500321.png,crack_web,severe,500321,train
crack_web/crack_web_500322.png,crack_web,moderate,500322,train
crack_web/crack_web_500323.png,crack_web,severe,500323,train
crack_web/crack_web_500324.png,crack_web,moderate,500324,test
crack_web/crack_web_500325.png,crack_web,minor,500325,test
crack_web/crack_web_500326.png,crack_web,minor,500326,train
crack_web/crack_web_500327.png,crack_web,moderate,500327,train
crack_web/crack_web_500328.png,crack_web,moderate,500328,train
crack_web/crack_web_500329.png,crack_web,minor,500329,train
crack_web/crack_web_500330.png,crack_web,moderate,500330,train
crack_web/crack_web_500331.png,crack_web,moderate,500331,train
crack_web/crack_web_500332.png,crack_web,severe,500332,val
crack_web/crack_web_500333.png,crack_web,minor,500333,val
crack_web/crack_web_500334.png,crack_web,severe,500334,train
crack_web/crack_web_500335.png,crack_web,moderate,500335,train
crack_web/crack_web_500336.png,crack_web,minor,500336,val
crack_web/crack_web_500337.png,crack_web,moderate,500337,train
crack_web/crack_web_500338.png,crack_web,minor,500338,train
crack_web/crack_web_500339.png,crack_web,severe,500339,val
crack_web/crack_web_500340.png,crack_web,severe,500340,train
crack_web/crack_web_500341.png,crack_web,minor,500341,train
crack_web/crack_web_500342.png,crack_web,moderate,500342,train
crack_web/crack_web_500343.png,crack_web,moderate,500343,train
crack_web/crack_web_500344.png,crack_web,moderate,500344,train
crack_web/crack_web_500345.png,crack_web,minor,500345,test
crack_web/crack_web_500346.png,crack_web,minor,500346,train
crack_web/crack_web_500347.png,crack_web,minor,500347,train
crack_web/crack_web_500348.png,crack_web,minor,500348,train
crack_web/crack_web_500349.png,crack_web,minor,500349,train
crack_web/crack_web_500350.png,crack_web,severe,500350,train
crack_web/crack_web_500351.png,crack_web,moderate,500351,train
crack_web/crack_web_500352.png,crack_web,moderate,500352,test
crack_web/crack_web_500353.png,crack_web,moderate,500353,train
crack_web/crack_web_500354.png,crack_web,moderate,500354,train
crack_web/crack_web_500355.png,crack_web,severe,500355,train
crack_web/crack_web_500356.png,crack_web,moderate,500356,train
crack_web/crack_web_500357.png,crack_web,severe,500357,train
crack_web/crack_web_500358.png,crack_web,moderate,500358,train
crack_web/crack_web_500359.png,crack_web,severe,500359,val
crack_web/crack_web_500360.png,crack_web,severe,500360,test
crack_web/crack_web_500361.png,crack_web,minor,500361,train
crack_web/crack_web_500362.png,crack_web,severe,500362,train
crack_web/crack_web_500363.png,crack_web,severe,500363,train
crack_web/crack_web_500364.png,crack_web,minor,500364,val
crack_web/crack_web_500365.png,crack_web,moderate,500365,test
crack_web/crack_web_500366.png,crack_web,severe,500366,train
crack_web/crack_web_500367.png,crack_web,moderate,500367,train
crack_web/crack_web_500368.png,crack_web,minor,500368,train
crack_web/crack_web_500369.png,crack_web,moderate,500369,train
crack_web/crack_web_500370.png,crack_web,severe,500370,train
crack_web/crack_web_500371.png,crack_web,minor,500371,val
crack_web/crack_web_500372.png,crack_web,minor,500372,train
crack_web/crack_web_500373.png,crack_web,severe,500373,test
crack_web/crack_web_500374.png,crack_web,severe,500374,test
crack_web/crack_web_500375.png,crack_web,moderate,500375,train
crack_web/crack_web_500376.png,crack_web,minor,500376,train
crack_web/crack_web_500377.png,crack_web,minor,500377,train
crack_web/crack_web_500378.png,crack_web,severe,500378,train
crack_web/crack_web_500379.png,crack_web,moderate,500379,train
crack_web/crack_web_500380.png,crack_web,minor,500380,test
crack_web/crack_web_500381.png,crack_web,minor,500381,train
crack_web/crack_web_500382.png,crack_web,minor,500382,train
crack_web/crack_web_500383.png,crack_web,moderate,500383,train
crack_web/crack_web_500384.png,crack_web,moderate,500384,train
crack_web/crack_web_500385.png,crack_web,severe,500385,train
crack_web/crack_web_500386.png,crack_web,severe,500386,train
crack_web/crack_web_500387.png,crack_web,severe,500387,train
crack_web/crack_web_500388.png,crack_web,moderate,500388,test
crack_web/crack_web_500389.png,crack_web,severe,500389,test
crack_web/crack_web_500390.png,crack_web,moderate,500390,test
crack_web/crack_web_500391.png,crack_web,severe,500391,train
crack_web/crack_web_500392.png,crack_web,minor,500392,train
crack_web/crack_web_500393.png,crack_web,minor,500393,test
crack_web/crack_web_500394.png,crack_web,minor,500394,val
crack_web/crack_web_500395.png,crack_web,minor,500395,train
crack_web/crack_web_500396.png,crack_web,severe,500396,val
crack_web/crack_web_500397.png,crack_web,minor,500397,train
crack_web/crack_web_500398.png,crack_web,severe,500398,train
crack_web/crack_web_500399.png,crack_web,minor,500399,train
crack_web/crack_web_500400.png,crack_web,moderate,500400,train
crack_web/crack_web_500401.png,crack_web,minor,500401,train
crack_web/crack_web_500402.png,crack_web,severe,500402,test
crack_web/crack_web_500403.png,crack_web,severe,500403,val
crack_web/crack_web_500404.png,crack_web,minor,500404,train
crack_web/crack_web_500405.png,crack_web,moderate,500405,train
crack_web/crack_web_500406.png,crack_web,severe,500406,val
crack_web/crack_web_500407.png,crack_web,moderate,500407,test
crack_web/crack_web_500408.png,crack_web,moderate,500408,val
crack_web/crack_web_500409.png,crack_web,minor,500409,val
crack_web/crack_web_500410.png,crack_web,minor,500410,train
crack_web/crack_web_500411.png,crack_web,severe,500411,train
crack_web/crack_web_500412.png,crack_web,severe,500412,test
crack_web/crack_web_500413.png,crack_web,moderate,500413,test
crack_web/crack_web_500414.png,crack_web,moderate,500414,train
crack_web/crack_web_500415.png,crack_web,severe,500415,train
crack_web/crack_web_500416.png,crack_web,minor,500416,train
crack_web/crack_web_500417.png,crack_web,severe,500417,train
crack_web/crack_web_500418.png,crack_web,moderate,500418,train
crack_web/crack_web_500419.png,crack_web,minor,500419,train
crack_web/crack_web_500420.png,crack_web,minor,500420,train
crack_web/crack_web_500421.png,crack_web,moderate,500421,train
crack_web/crack_web_500422.png,crack_web,moderate,500422,train
crack_web/crack_web_500423.png,crack_web,severe,500423,val
crack_web/crack_web_500424.png,crack_web,moderate,500424,train
crack_web/crack_web_500425.png,crack_web,moderate,500425,train
crack_web/crack_web_500426.png,crack_web,severe,500426,train
crack_web/crack_web_500427.png,crack_web,moderate,500427,train
crack_web/crack_web_500428.png,crack_web,minor,500428,test
crack_web/crack_web_500429.png,crack_web,severe,500429,train
crack_web/crack_web_500430.png,crack_web,moderate,500430,train
crack_web/crack_web_500431.png,crack_web,severe,500431,val
crack_web/crack_web_500432.png,crack_web,moderate,500432,train
crack_web/crack_web_500433.png,crack_web,severe,500433,train
crack_web/crack_web_500434.png,crack_web,moderate,500434,train
crack_web/crack_web_500435.png,crack_web,severe,500435,train
crack_web/crack_web_500436.png,crack_web,severe,500436,val
crack_web/crack_web_500437.png,crack_web,minor,500437,train
crack_web/crack_web_500438.png,crack_web,minor,500438,train
crack_web/crack_web_500439.png,crack_web,severe,500439,train
crack_web/crack_web_500440.png,crack_web,severe,500440,train
crack_web/crack_web_500441.png,crack_web,severe,500441,train
crack_web/crack_web_500442.png,crack_web,severe,500442,train
crack_web/crack_web_500443.png,crack_web,moderate,500443,train
crack_web/crack_web_500444.png,crack_web,minor,500444,train
crack_web/crack_web_500445.png,crack_web,minor,500445,train
crack_web/crack_web_500446.png,crack_web,minor,500446,val
crack_web/crack_web_500447.png,crack_web,minor,500447,train
crack_web/crack_web_500448.png,crack_web,moderate,500448,val
crack_web/crack_web_500449.png,crack_web,moderate,500449,train
crack_web/crack_web_500450.png,crack_web,minor,500450,val
crack_web/crack_web_500451.png,crack_web,moderate,500451,train
crack_web/crack_web_500452.png,crack_web,severe,500452,test
crack_web/crack_web_500453.png,crack_web,moderate,500453,val
crack_web/crack_web_500454.png,crack_web,moderate,500454,train
crack_web/crack_web_500455.png,crack_web,severe,500455,train
crack_web/crack_web_500456.png,crack_web,severe,500456,train
crack_web/crack_web_500457.png,crack_web,severe,500457,val
crack_web/crack_web_500458.png,crack_web,moderate,500458,val
crack_web/crack_web_500459.png,crack_web,severe,500459,train
crack_web/crack_web_500460.png,crack_web,moderate,500460,train
crack_web/crack_web_500461.png,crack_web,severe,500461,val
crack_web/crack_web_500462.png,crack_web,severe,500462,train
crack_web/crack_web_500463.png,crack_web,severe,500463,train
crack_web/crack_web_500464.png,crack_web,severe,500464,train
crack_web/crack_web_500465.png,crack_web,moderate,500465,train
crack_web/crack_web_500466.png,crack_web,moderate,500466,train
crack_web/crack_web_500467.png,crack_web,moderate,500467,val
crack_web/crack_web_500468.png,crack_web,minor,500468,val
crack_web/crack_web_500469.png,crack_web,moderate,500469,train
crack_web/crack_web_500470.png,crack_web,severe,500470,val
crack_web/crack_web_500471.png,crack_web,minor,500471,train
crack_web/crack_web_500472.png,crack_web,minor,500472,train
crack_web/crack_web_500473.png,crack_web,minor,500473,train
crack_web/crack_web_500474.png,crack_web,minor,500474,test
crack_web/crack_web_500475.png,crack_web,severe,500475,train
crack_web/crack_web_500476.png,crack_web,severe,500476,train
crack_web/crack_web_500477.png,crack_web,moderate,500477,train
crack_web/crack_web_500478.png,crack_web,minor,500478,test
crack_web/crack_web_500479.png,crack_web,minor,500479,train
crack_web/crack_web_500480.png,crack_web,moderate,500480,train
crack_web/crack_web_500481.png,crack_web,severe,500481,train
crack_web/crack_web_500482.png,crack_web,severe,500482,train
crack_web/crack_web_500483.png,crack_web,moderate,500483,train
crack_web/crack_web_500484.png,crack_web,minor,500484,test
crack_web/crack_web_500485.png,crack_web,minor,500485,train
crack_web/crack_web_500486.png,crack_web,severe,500486,train
crack_web/crack_web_500487.png,crack_web,moderate,500487,train
crack_web/crack_web_500488.png,crack_web,severe,500488,train
crack_web/crack_web_500489.png,crack_web,minor,500489,train
crack_web/crack_web_500490.png,crack_web,severe,500490,train
crack_web/crack_web_500491.png,crack_web,severe,500491,test
crack_web/crack_web_500492.png,crack_web,severe,500492,train
crack_web/crack_web_500493.png,crack_web,severe,500493,train
crack_web/crack_web_500494.png,crack_web,moderate,500494,train
crack_web/crack_web_500495.png,crack_web,severe,500495,val
crack_web/crack_web_500496.png,crack_web,severe,500496,train
crack_web/crack_web_500497.png,crack_web,minor,500497,val
crack_web/crack_web_500498.png,crack_web,severe,500498,train
crack_web/crack_web_500499.png,crack_web,minor,500499,train
crack_web/crack_web_500500.png,crack_web,severe,500500,val
crack_web/crack_web_500501.png,crack_web,minor,500501,val
crack_web/crack_web_500502.png,crack_web,moderate,500502,val
crack_web/crack_web_500503.png,crack_web,minor,500503,train
crack_web/crack_web_500504.png,crack_web,minor,500504,val
crack_web/crack_web_500505.png,crack_web,minor,500505,train
crack_web/crack_web_500506.png,crack_web,severe,500506,train
crack_web/crack_web_500507.png,crack_web,moderate,500507,val
crack_web/crack_web_500508.png,crack_web,moderate,500508,train
crack_web/crack_web_500509.png,crack_web,moderate,500509,val
crack_web/crack_web_500510.png,crack_web,minor,500510,train
crack_web/crack_web_500511.png,crack_web,minor,500511,train
crack_web/crack_web_500512.png,crack_web,severe,500512,train
crack_web/crack_web_500513.png,crack_web,moderate,500513,val
crack_web/crack_web_500514.png,crack_web,severe,500514,train
crack_web/crack_web_500515.png,crack_web,moderate,500515,train
crack_web/crack_web_500516.png,crack_web,moderate,500516,val
crack_web/crack_web_500517.png,crack_web,severe,500517,train
crack_web/crack_web_500518.png,crack_web,severe,500518,val
crack_web/crack_web_500519.png,crack_web,minor,500519,train
crack_web/crack_web_500520.png,crack_web,minor,500520,val
crack_web/crack_web_500521.png,crack_web,moderate,500521,val
crack_web/crack_web_500522.png,crack_web,moderate,500522,val
crack_web/crack_web_500523.png,crack_web,minor,500523,train
crack_web/crack_web_500524.png,crack_web,severe,500524,train
crack_web/crack_web_500525.png,crack_web,severe,500525,train
crack_web/crack_web_500526.png,crack_web,moderate,500526,val
crack_web/crack_web_500527.png,crack_web,severe,500527,val
crack_web/crack_web_500528.png,crack_web,minor,500528,val
crack_web/crack_web_500529.png,crack_web,severe,500529,train
crack_web/crack_web_500530.png,crack_web,moderate,500530,train
crack_web/crack_web_500531.png,crack_web,severe,500531,val
crack_web/crack_web_500532.png,crack_web,moderate,500532,train
crack_web/crack_web_500533.png,crack_web,minor,500533,train
crack_web/crack_web_500534.png,crack_web,severe,500534,test
crack_web/crack_web_500535.png,crack_web,minor,500535,val
crack_web/crack_web_500536.png,crack_web,moderate,500536,train
crack_web/crack_web_500537.png,crack_web,severe,500537,train
crack_web/crack_web_500538.png,crack_web,severe,500538,train
crack_web/crack_web_500539.png,crack_web,minor,500539,train
crack_web/crack_web_500540.png,crack_web,moderate,500540,val
crack_web/crack_web_500541.png,crack_web,severe,500541,train
crack_web/crack_web_500542.png,crack_web,moderate,500542,train
crack_web/crack_web_500543.png,crack_web,moderate,500543,train
crack_web/crack_web_500544.png,crack_web,severe,500544,val
crack_web/crack_web_500545.png,crack_web,minor,500545,train
crack_web/crack_web_500546.png,crack_web,moderate,500546,val
crack_web/crack_web_500547.png,crack_web,severe,500547,train
crack_web/crack_web_500548.png,crack_web,severe,500548,test
crack_web/crack_web_500549.png,crack_web,moderate,500549,val
crack_web/crack_web_500550.png,crack_web,moderate,500550,train
crack_web/crack_web_500551.png,crack_web,minor,500551,train
crack_web/crack_web_500552.png,crack_web,severe,500552,val
crack_web/crack_web_500553.png,crack_web,minor,500553,train
crack_web/crack_web_500554.png,crack_web,severe,500554,train
crack_web/crack_web_500555.png,crack_web,moderate,500555,train
crack_web/crack_web_500556.png,crack_web,minor,500556,test
crack_web/crack_web_500557.png,crack_web,severe,500557,train
crack_web/crack_web_500558.png,crack_web,minor,500558,train
crack_web/crack_web_500559.png,crack_web,severe,500559,train
crack_web/crack_web_500560.png,crack_web,moderate,500560,val
crack_web/crack_web_500561.png,crack_web,severe,500561,val
crack_web/crack_web_500562.png,crack_web,moderate,500562,test
crack_web/crack_web_500563.png,crack_web,moderate,500563,train
crack_web/crack_web_500564.png,crack_web,moderate,500564,train
crack_web/crack_web_500565.png,crack_web,moderate,500565,train
crack_web/crack_web_500566.png,crack_web,minor,500566,train
crack_web/crack_web_500567.png,crack_web,severe,500567,train
crack_web/crack_web_500568.png,crack_web,moderate,500568,train
crack_web/crack_web_500569.png,crack_web,severe,500569,test
crack_web/crack_web_500570.png,crack_web,severe,500570,val
crack_web/crack_web_500571.png,crack_web,moderate,500571,test
crack_web/crack_web_500572.png,crack_web,moderate,500572,train
crack_web/crack_web_500573.png,crack_web,moderate,500573,val
crack_web/crack_web_500574.png,crack_web,severe,500574,train
crack_web/crack_web_500575.png,crack_web,minor,500575,train
crack_web/crack_web_500576.png,crack_web,minor,500576,train
crack_web/crack_web_500577.png,crack_web,severe,500577,train
crack_web/crack_web_500578.png,crack_web,minor,500578,test
crack_web/crack_web_500579.png,crack_web,minor,500579,train
crack_web/crack_web_500580.png,crack_web,moderate,500580,train
crack_web/crack_web_500581.png,crack_web,moderate,500581,train
crack_web/crack_web_500582.png,crack_web,severe,500582,train
crack_web/crack_web_500583.png,crack_web,minor,500583,train
crack_web/crack_web_500584.png,crack_web,severe,500584,train
crack_web/crack_web_500585.png,crack_web,severe,500585,train
crack_web/crack_web_500586.png,crack_web,severe,500586,train
crack_web/crack_web_500587.png,crack_web,severe,500587,train
crack_web/crack_web_500588.png,crack_web,severe,500588,val
crack_web/crack_web_500589.png,crack_web,moderate,500589,train
crack_web/crack_web_500590.png,crack_web,severe,500590,train
crack_web/crack_web_500591.png,crack_web,moderate,500591,train
crack_web/crack_web_500592.png,crack_web,minor,500592,train
crack_web/crack_web_500593.png,crack_web,severe,500593,val
crack_web/crack_web_500594.png,crack_web,minor,500594,train
crack_web/crack_web_500595.png,crack_web,severe,500595,train
crack_web/crack_web_500596.png,crack_web,severe,500596,train
crack_web/crack_web_500597.png,crack_web,severe,500597,train
crack_web/crack_web_500598.png,crack_web,moderate,500598,val
crack_web/crack_web_500599.png,crack_web,severe,500599,train
crack_web/crack_web_500600.png,crack_web,moderate,500600,train
crack_web/crack_web_500601.png,crack_web,minor,500601,train
crack_web/crack_web_500602.png,crack_web,minor,500602,train
crack_web/crack_web_500603.png,crack_web,moderate,500603,val
crack_web/crack_web_500604.png,crack_web,severe,500604,val
crack_web/crack_web_500605.png,crack_web,minor,500605,train
crack_web/crack_web_500606.png,crack_web,moderate,500606,train
crack_web/crack_web_500607.png,crack_web,severe,500607,train
crack_web/crack_web_500608.png,crack_web,severe,500608,train
crack_web/crack_web_500609.png,crack_web,moderate,500609,test
crack_web/crack_web_500610.png,crack_web,moderate,500610,train
crack_web/crack_web_500611.png,crack_web,moderate,500611,train
crack_web/crack_web_500612.png,crack_web,moderate,500612,train
crack_web/crack_web_500613.png,crack_web,moderate,500613,test
crack_web/crack_web_500614.png,crack_web,minor,500614,train
crack_web/crack_web_500615.png,crack_web,minor,500615,train
crack_web/crack_web_500616.png,crack_web,severe,500616,test
crack_web/crack_web_500617.png,crack_web,minor,500617,train
crack_web/crack_web_500618.png,crack_web,severe,500618,train
crack_web/crack_web_500619.png,crack_web,minor,500619,train
crack_web/crack_web_500620.png,crack_web,minor,500620,test
crack_web/crack_web_500621.png,crack_web,minor,500621,val
crack_web/crack_web_500622.png,crack_web,minor,500622,val
crack_web/crack_web_500623.png,crack_web,moderate,500623,train
crack_web/crack_web_500624.png,crack_web,moderate,500624,train
crack_web/crack_web_500625.png,crack_web,minor,500625,train
crack_web/crack_web_500626.png,crack_web,severe,500626,val
crack_web/crack_web_500627.png,crack_web,moderate,500627,train
crack_web/crack_web_500628.png,crack_web,moderate,500628,train
crack_web/crack_web_500629.png,crack_web,severe,500629,val
crack_web/crack_web_500630.png,crack_web,severe,500630,train
crack_web/crack_web_500631.png,crack_web,minor,500631,train
crack_web/crack_web_500632.png,crack_web,severe,500632,train
crack_web/crack_web_500633.png,crack_web,minor,500633,val
crack_web/crack_web_500634.png,crack_web,moderate,500634,train
crack_web/crack_web_500635.png,crack_web,severe,500635,train
crack_web/crack_web_500636.png,crack_web,minor,500636,train
crack_web/crack_web_500637.png,crack_web,moderate,500637,train
crack_web/crack_web_500638.png,crack_web,minor,500638,train
crack_web/crack_web_500639.png,crack_web,severe,500639,val
crack_web/crack_web_500640.png,crack_web,moderate,500640,train
crack_web/crack_web_500641.png,crack_web,moderate,500641,train
crack_web/crack_web_500642.png,crack_web,moderate,500642,train
crack_web/crack_web_500643.png,crack_web,severe,500643,train
crack_web/crack_web_500644.png,crack_web,severe,500644,train
crack_web/crack_web_500645.png,crack_web,severe,500645,val
crack_web/crack_web_500646.png,crack_web,severe,500646,train
crack_web/crack_web_500647.png,crack_web,moderate,500647,train
crack_web/crack_web_500648.png,crack_web,moderate,500648,train
crack_web/crack_web_500649.png,crack_web,severe,500649,train
crack_web/crack_web_500650.png,crack_web,moderate,500650,train
crack_web/crack_web_500651.png,crack_web,minor,500651,train
crack_web/crack_web_500652.png,crack_web,moderate,500652,val
crack_web/crack_web_500653.png,crack_web,minor,500653,train
crack_web/crack_web_500654.png,crack_web,moderate,500654,train
crack_web/crack_web_500655.png,crack_web,minor,500655,test
crack_web/crack_web_500656.png,crack_web,moderate,500656,train
crack_web/crack_web_500657.png,crack_web,moderate,500657,val
crack_web/crack_web_500658.png,crack_web,moderate,500658,train
crack_web/crack_web_500659.png,crack_web,severe,500659,train
crack_web/crack_web_500660.png,crack_web,minor,500660,train
crack_web/crack_web_500661.png,crack_web,minor,500661,train
crack_web/crack_web_500662.png,crack_web,minor,500662,train
crack_web/crack_web_500663.png,crack_web,minor,500663,train
crack_web/crack_web_500664.png,crack_web,moderate,500664,train
crack_web/crack_web_500665.png,crack_web,moderate,500665,val
crack_web/crack_web_500666.png,crack_web,minor,500666,train
crack_web/crack_web_500667.png,crack_web,severe,500667,train
crack_web/crack_web_500668.png,crack_web,severe,500668,test
crack_web/crack_web_500669.png,crack_web,minor,500669,train
crack_web/crack_web_500670.png,crack_web,minor,500670,test
crack_web/crack_web_500671.png,crack_web,minor,500671,train
crack_web/crack_web_500672.png,crack_web,moderate,500672,train
crack_web/crack_web_500673.png,crack_web,severe,500673,test
crack_web/crack_web_500674.png,crack_web,minor,500674,test
crack_web/crack_web_500675.png,crack_web,minor,500675,train
crack_web/crack_web_500676.png,crack_web,moderate,500676,val
crack_web/crack_web_500677.png,crack_web,severe,500677,train
crack_web/crack_web_500678.png,crack_web,minor,500678,train
crack_web/crack_web_500679.png,crack_web,moderate,500679,train
crack_web/crack_web_500680.png,crack_web,minor,500680,test
crack_web/crack_web_500681.png,crack_web,moderate,500681,train
crack_web/crack_web_500682.png,crack_web,severe,500682,val
crack_web/crack_web_500683.png,crack_web,severe,500683,train
crack_web/crack_web_500684.png,crack_web,moderate,500684,train
crack_web/crack_web_500685.png,crack_web,moderate,500685,train
crack_web/crack_web_500686.png,crack_web,moderate,500686,train
crack_web/crack_web_500687.png,crack_web,minor,500687,test
crack_web/crack_web_500688.png,crack_web,minor,500688,val
crack_web/crack_web_500689.png,crack_web,moderate,500689,train
crack_web/crack_web_500690.png,crack_web,severe,500690,train
crack_web/crack_web_500691.png,crack_web,moderate,500691,train
crack_web/crack_web_500692.png,crack_web,moderate,500692,val
crack_web/crack_web_500693.png,crack_web,severe,500693,test
crack_web/crack_web_500694.png,crack_web,minor,500694,train
crack_web/crack_web_500695.png,crack_web,minor,500695,train
crack_web/crack_web_500696.png,crack_web,minor,500696,train
crack_web/crack_web_500697.png,crack_web,minor,500697,train
crack_web/crack_web_500698.png,crack_web,minor,500698,train
crack_web/crack_web_500699.png,crack_web,minor,500699,train
crack_web/crack_web_500700.png,crack_web,minor,500700,train
crack_web/crack_web_500701.png,crack_web,minor,500701,train
crack_web/crack_web_500702.png,crack_web,minor,500702,train
crack_web/crack_web_500703.png,crack_web,severe,500703,train
crack_web/crack_web_500704.png,crack_web,severe,500704,val
crack_web/crack_web_500705.png,crack_web,minor,500705,val
crack_web/crack_web_500706.png,crack_web,severe,500706,train
crack_web/crack_web_500707.png,crack_web,minor,500707,train
crack_web/crack_web_500708.png,crack_web,moderate,500708,test
crack_web/crack_web_500709.png,crack_web,severe,500709,train
crack_web/crack_web_500710.png,crack_web,severe,500710,train
crack_web/crack_web_500711.png,crack_web,moderate,500711,train
crack_web/crack_web_500712.png,crack_web,severe,500712,val
crack_web/crack_web_500713.png,crack_web,minor,500713,test
crack_web/crack_web_500714.png,crack_web,minor,500714,train
crack_web/crack_web_500715.png,crack_web,moderate,500715,train
crack_web/crack_web_500716.png,crack_web,moderate,500716,val
crack_web/crack_web_500717.png,crack_web,severe,500717,train
crack_web/crack_web_500718.png,crack_web,moderate,500718,val
crack_web/crack_web_500719.png,crack_web,minor,500719,train
crack_web/crack_web_500720.png,crack_web,moderate,500720,train
crack_web/crack_web_500721.png,crack_web,moderate,500721,train
crack_web/crack_web_500722.png,crack_web,severe,500722,train
crack_web/crack_web_500723.png,crack_web,minor,500723,train
crack_web/crack_web_500724.png,crack_web,minor,500724,val
crack_web/crack_web_500725.png,crack_web,moderate,500725,train
crack_web/crack_web_500726.png,crack_web,minor,500726,train
crack_web/crack_web_500727.png,crack_web,moderate,500727,test
crack_web/crack_web_500728.png,crack_web,moderate,500728,val
crack_web/crack_web_500729.png,crack_web,moderate,500729,train
crack_web/crack_web_500730.png,crack_web,moderate,500730,train
crack_web/crack_web_500731.png,crack_web,minor,500731,train
crack_web/crack_web_500732.png,crack_web,minor,500732,train
crack_web/crack_web_500733.png,crack_web,severe,500733,train
crack_web/crack_web_500734.png,crack_web,moderate,500734,train
crack_web/crack_web_500735.png,crack_web,minor,500735,val
crack_web/crack_web_500736.png,crack_web,severe,500736,test
crack_web/crack_web_500737.png,crack_web,minor,500737,train
crack_web/crack_web_500738.png,crack_web,minor,500738,train
crack_web/crack_web_500739.png,crack_web,severe,500739,train
crack_web/crack_web_500740.png,crack_web,moderate,500740,val
crack_web/crack_web_500741.png,crack_web,minor,500741,val
crack_web/crack_web_500742.png,crack_web,severe,500742,train
crack_web/crack_web_500743.png,crack_web,minor,500743,train
crack_web/crack_web_500744.png,crack_web,severe,500744,val
crack_web/crack_web_500745.png,crack_web,moderate,500745,test
crack_web/crack_web_500746.png,crack_web,severe,500746,train
crack_web/crack_web_500747.png,crack_web,moderate,500747,train
crack_web/crack_web_500748.png,crack_web,minor,500748,test
crack_web/crack_web_500749.png,crack_web,minor,500749,train
crack_web/crack_web_500750.png,crack_web,moderate,500750,train
crack_web/crack_web_500751.png,crack_web,minor,500751,val
crack_web/crack_web_500752.png,crack_web,severe,500752,train
crack_web/crack_web_500753.png,crack_web,minor,500753,val
crack_web/crack_web_500754.png,crack_web,minor,500754,test
crack_web/crack_web_500755.png,crack_web,severe,500755,train
crack_web/crack_web_500756.png,crack_web,minor,500756,train
crack_web/crack_web_500757.png,crack_web,minor,500757,train
crack_web/crack_web_500758.png,crack_web,severe,500758,train
crack_web/crack_web_500759.png,crack_web,moderate,500759,train
crack_web/crack_web_500760.png,crack_web,minor,500760,val
crack_web/crack_web_500761.png,crack_web,minor,500761,train
crack_web/crack_web_500762.png,crack_web,moderate,500762,train
crack_web/crack_web_500763.png,crack_web,minor,500763,train
crack_web/crack_web_500764.png,crack_web,severe,500764,train
crack_web/crack_web_500765.png,crack_web,minor,500765,val
crack_web/crack_web_500766.png,crack_web,severe,500766,val
crack_web/crack_web_500767.png,crack_web,severe,500767,train
crack_web/crack_web_500768.png,crack_web,severe,500768,train
crack_web/crack_web_500769.png,crack_web,moderate,500769,val
crack_web/crack_web_500770.png,crack_web,severe,500770,val
crack_web/crack_web_500771.png,crack_web,moderate,500771,train
crack_web/crack_web_500772.png,crack_web,moderate,500772,train
crack_web/crack_web_500773.png,crack_web,minor,500773,train
crack_web/crack_web_500774.png,crack_web,minor,500774,val
crack_web/crack_web_500775.png,crack_web,minor,500775,train
crack_web/crack_web_500776.png,crack_web,moderate,500776,train
crack_web/crack_web_500777.png,crack_web,moderate,500777,train
crack_web/crack_web_500778.png,crack_web,moderate,500778,train
crack_web/crack_web_500779.png,crack_web,minor,500779,train
crack_web/crack_web_500780.png,crack_web,moderate,500780,test
crack_web/crack_web_500781.png,crack_web,severe,500781,val
crack_web/crack_web_500782.png,crack_web,severe,500782,train
crack_web/crack_web_500783.png,crack_web,moderate,500783,train
crack_web/crack_web_500784.png,crack_web,minor,500784,train
crack_web/crack_web_500785.png,crack_web,minor,500785,train
crack_web/crack_web_500786.png,crack_web,minor,500786,val
crack_web/crack_web_500787.png,crack_web,moderate,500787,val
crack_web/crack_web_500788.png,crack_web,severe,500788,train
crack_web/crack_web_500789.png,crack_web,moderate,500789,train
crack_web/crack_web_500790.png,crack_web,minor,500790,train
crack_web/crack_web_500791.png,crack_web,severe,500791,train
crack_web/crack_web_500792.png,crack_web,minor,500792,val
crack_web/crack_web_500793.png,crack_web,moderate,500793,test
crack_web/crack_web_500794.png,crack_web,moderate,500794,train
crack_web/crack_web_500795.png,crack_web,severe,500795,train
crack_web/crack_web_500796.png,crack_web,severe,500796,train
crack_web/crack_web_500797.png,crack_web,minor,500797,test
crack_web/crack_web_500798.png,crack_web,minor,500798,train
crack_web/crack_web_500799.png,crack_web,severe,500799,train
mli_damage/mli_damage_600000.png,mli_damage,moderate,600000,train
mli_damage/mli_damage_600001.png,mli_damage,moderate,600001,train
mli_damage/mli_damage_600002.png,mli_damage,severe,600002,train
mli_damage/mli_damage_600003.png,mli_damage,moderate,600003,train
mli_damage/mli_damage_600004.png,mli_damage,minor,600004,val
mli_damage/mli_damage_600005.png,mli_damage,severe,600005,train
mli_damage/mli_damage_600006.png,mli_damage,minor,600006,train
mli_damage/mli_damage_600007.png,mli_damage,minor,600007,train
mli_damage/mli_damage_600008.png,mli_damage,severe,600008,train
mli_damage/mli_damage_600009.png,mli_damage,minor,600009,test
mli_damage/mli_damage_600010.png,mli_damage,minor,600010,test
mli_damage/mli_damage_600011.png,mli_damage,moderate,600011,train
mli_damage/mli_damage_600012.png,mli_damage,moderate,600012,train
mli_damage/mli_damage_600013.png,mli_damage,moderate,600013,val
mli_damage/mli_damage_600014.png,mli_damage,severe,600014,val
mli_damage/mli_damage_600015.png,mli_damage,severe,600015,train
mli_damage/mli_damage_600016.png,mli_damage,minor,600016,train
mli_damage/mli_damage_600017.png,mli_damage,moderate,600017,train
mli_damage/mli_damage_600018.png,mli_damage,minor,600018,train
mli_damage/mli_damage_600019.png,mli_damage,moderate,600019,train
mli_damage/mli_damage_600020.png,mli_damage,minor,600020,train
mli_damage/mli_damage_600021.png,mli_damage,moderate,600021,val
mli_damage/mli_damage_600022.png,mli_damage,moderate,600022,train
mli_damage/mli_damage_600023.png,mli_damage,severe,600023,train
mli_damage/mli_damage_600024.png,mli_damage,moderate,600024,train
mli_damage/mli_damage_600025.png,mli_damage,minor,600025,val
mli_damage/mli_damage_600026.png,mli_damage,severe,600026,train
mli_damage/mli_damage_600027.png,mli_damage,minor,600027,train
mli_damage/mli_damage_600028.png,mli_damage,severe,600028,val
mli_damage/mli_damage_600029.png,mli_damage,moderate,600029,train
mli_damage/mli_damage_600030.png,mli_damage,minor,600030,train
mli_damage/mli_damage_600031.png,mli_damage,severe,600031,train
mli_damage/mli_damage_600032.png,mli_damage,minor,600032,train
mli_damage/mli_damage_600033.png,mli_damage,moderate,600033,train
mli_damage/mli_damage_600034.png,mli_damage,minor,600034,train
mli_damage/mli_damage_600035.png,mli_damage,minor,600035,val
mli_damage/mli_damage_600036.png,mli_damage,moderate,600036,train
mli_damage/mli_damage_600037.png,mli_damage,moderate,600037,val
mli_damage/mli_damage_600038.png,mli_damage,moderate,600038,train
mli_damage/mli_damage_600039.png,mli_damage,moderate,600039,train
mli_damage/mli_damage_600040.png,mli_damage,severe,600040,train
mli_damage/mli_damage_600041.png,mli_damage,severe,600041,train
mli_damage/mli_damage_600042.png,mli_damage,moderate,600042,val
mli_damage/mli_damage_600043.png,mli_damage,minor,600043,train
mli_damage/mli_damage_600044.png,mli_damage,severe,600044,train
mli_damage/mli_damage_600045.png,mli_damage,minor,600045,val
mli_damage/mli_damage_600046.png,mli_damage,moderate,600046,test
mli_damage/mli_damage_600047.png,mli_damage,minor,600047,train
mli_damage/mli_damage_600048.png,mli_damage,moderate,600048,train
mli_damage/mli_damage_600049.png,mli_damage,moderate,600049,train
mli_damage/mli_damage_600050.png,mli_damage,severe,600050,train
mli_damage/mli_damage_600051.png,mli_damage,severe,600051,train
mli_damage/mli_damage_600052.png,mli_damage,moderate,600052,val
mli_damage/mli_damage_600053.png,mli_damage,severe,600053,val
mli_damage/mli_damage_600054.png,mli_damage,minor,600054,val
mli_damage/mli_damage_600055.png,mli_damage,moderate,600055,train
mli_damage/mli_damage_600056.png,mli_damage,moderate,600056,train
mli_damage/mli_damage_600057.png,mli_damage,moderate,600057,train
mli_damage/mli_damage_600058.png,mli_damage,minor,600058,val
mli_damage/mli_damage_600059.png,mli_damage,moderate,600059,train
mli_damage/mli_damage_600060.png,mli_damage,severe,600060,train
mli_damage/mli_damage_600061.png,mli_damage,minor,600061,train
mli_damage/mli_damage_600062.png,mli_damage,minor,600062,val
mli_damage/mli_damage_600063.png,mli_damage,severe,600063,train
mli_damage/mli_damage_600064.png,mli_damage,moderate,600064,train
mli_damage/mli_damage_600065.png,mli_damage,minor,600065,test
mli_damage/mli_damage_600066.png,mli_damage,minor,600066,val
mli_damage/mli_damage_600067.png,mli_damage,minor,600067,train
mli_damage/mli_damage_600068.png,mli_damage,moderate,600068,val
mli_damage/mli_damage_600069.png,mli_damage,minor,600069,train
mli_damage/mli_damage_600070.png,mli_damage,severe,600070,train
mli_damage/mli_damage_600071.png,mli_damage,moderate,600071,train
mli_damage/mli_damage_600072.png,mli_damage,moderate,600072,train
mli_damage/mli_damage_600073.png,mli_damage,minor,600073,train
mli_damage/mli_damage_600074.png,mli_damage,moderate,600074,train
mli_damage/mli_damage_600075.png,mli_damage,severe,600075,train
mli_damage/mli_damage_600076.png,mli_damage,moderate,600076,val
mli_damage/mli_damage_600077.png,mli_damage,moderate,600077,val
mli_damage/mli_damage_600078.png,mli_damage,severe,600078,test
mli_damage/mli_damage_600079.png,mli_damage,severe,600079,train
mli_damage/mli_damage_600080.png,mli_damage,moderate,600080,train
mli_damage/mli_damage_600081.png,mli_damage,severe,600081,train
mli_damage/mli_damage_600082.png,mli_damage,minor,600082,train
mli_damage/mli_damage_600083.png,mli_damage,moderate,600083,test
mli_damage/mli_damage_600084.png,mli_damage,minor,600084,train
mli_damage/mli_damage_600085.png,mli_damage,minor,600085,train
mli_damage/mli_damage_600086.png,mli_damage,minor,600086,train
mli_damage/mli_damage_600087.png,mli_damage,moderate,600087,train
mli_damage/mli_damage_600088.png,mli_damage,severe,600088,train
mli_damage/mli_damage_600089.png,mli_damage,moderate,600089,test
mli_damage/mli_damage_600090.png,mli_damage,moderate,600090,val
mli_damage/mli_damage_600091.png,mli_damage,minor,600091,val
mli_damage/mli_damage_600092.png,mli_damage,minor,600092,train
mli_damage/mli_damage_600093.png,mli_damage,severe,600093,train
mli_damage/mli_damage_600094.png,mli_damage,severe,600094,train
mli_damage/mli_damage_600095.png,mli_damage,severe,600095,test
mli_damage/mli_damage_600096.png,mli_damage,severe,600096,train
mli_damage/mli_damage_600097.png,mli_damage,severe,600097,train
mli_damage/mli_damage_600098.png,mli_damage,moderate,600098,train
mli_damage/mli_damage_600099.png,mli_damage,minor,600099,test
mli_damage/mli_damage_600100.png,mli_damage,moderate,600100,test
mli_damage/mli_damage_600101.png,mli_damage,moderate,600101,train
mli_damage/mli_damage_600102.png,mli_damage,moderate,600102,test
mli_damage/mli_damage_600103.png,mli_damage,minor,600103,train
mli_damage/mli_damage_600104.png,mli_damage,severe,600104,train
mli_damage/mli_damage_600105.png,mli_damage,severe,600105,train
mli_damage/mli_damage_600106.png,mli_damage,minor,600106,val
mli_damage/mli_damage_600107.png,mli_damage,minor,600107,train
mli_damage/mli_damage_600108.png,mli_damage,moderate,600108,train
mli_damage/mli_damage_600109.png,mli_damage,severe,600109,test
mli_damage/mli_damage_600110.png,mli_damage,severe,600110,train
mli_damage/mli_damage_600111.png,mli_damage,severe,600111,test
mli_damage/mli_damage_600112.png,mli_damage,severe,600112,test
mli_damage/mli_damage_600113.png,mli_damage,severe,600113,test
mli_damage/mli_damage_600114.png,mli_damage,severe,600114,val
mli_damage/mli_damage_600115.png,mli_damage,minor,600115,val
mli_damage/mli_damage_600116.png,mli_damage,moderate,600116,train
mli_damage/mli_damage_600117.png,mli_damage,severe,600117,train
mli_damage/mli_damage_600118.png,mli_damage,moderate,600118,train
mli_damage/mli_damage_600119.png,mli_damage,moderate,600119,train
mli_damage/mli_damage_600120.png,mli_damage,minor,600120,train
mli_damage/mli_damage_600121.png,mli_damage,minor,600121,train
mli_damage/mli_damage_600122.png,mli_damage,minor,600122,train
mli_damage/mli_damage_600123.png,mli_damage,moderate,600123,train
mli_damage/mli_damage_600124.png,mli_damage,severe,600124,train
mli_damage/mli_damage_600125.png,mli_damage,minor,600125,val
mli_damage/mli_damage_600126.png,mli_damage,severe,600126,train
mli_damage/mli_damage_600127.png,mli_damage,minor,600127,train
mli_damage/mli_damage_600128.png,mli_damage,minor,600128,train
mli_damage/mli_damage_600129.png,mli_damage,severe,600129,train
mli_damage/mli_damage_600130.png,mli_damage,severe,600130,train
mli_damage/mli_damage_600131.png,mli_damage,severe,600131,val
mli_damage/mli_damage_600132.png,mli_damage,severe,600132,train
mli_damage/mli_damage_600133.png,mli_damage,severe,600133,test
mli_damage/mli_damage_600134.png,mli_damage,minor,600134,train
mli_damage/mli_damage_600135.png,mli_damage,minor,600135,train
mli_damage/mli_damage_600136.png,mli_damage,minor,600136,train
mli_damage/mli_damage_600137.png,mli_damage,minor,600137,train
mli_damage/mli_damage_600138.png,mli_damage,severe,600138,val
mli_damage/mli_damage_600139.png,mli_damage,moderate,600139,val
mli_damage/mli_damage_600140.png,mli_damage,severe,600140,train
mli_damage/mli_damage_600141.png,mli_damage,minor,600141,train
mli_damage/mli_damage_600142.png,mli_damage,moderate,600142,val
mli_damage/mli_damage_600143.png,mli_damage,severe,600143,test
mli_damage/mli_damage_600144.png,mli_damage,severe,600144,train
mli_damage/mli_damage_600145.png,mli_damage,minor,600145,train
mli_damage/mli_damage_600146.png,mli_damage,severe,600146,train
mli_damage/mli_damage_600147.png,mli_damage,minor,600147,val
mli_damage/mli_damage_600148.png,mli_damage,severe,600148,train
mli_damage/mli_damage_600149.png,mli_damage,severe,600149,val
mli_damage/mli_damage_600150.png,mli_damage,moderate,600150,val
mli_damage/mli_damage_600151.png,mli_damage,moderate,600151,val
mli_damage/mli_damage_600152.png,mli_damage,severe,600152,val
mli_damage/mli_damage_600153.png,mli_damage,minor,600153,train
mli_damage/mli_damage_600154.png,mli_damage,moderate,600154,train
mli_damage/mli_damage_600155.png,mli_damage,severe,600155,train
mli_damage/mli_damage_600156.png,mli_damage,moderate,600156,train
mli_damage/mli_damage_600157.png,mli_damage,minor,600157,train
mli_damage/mli_damage_600158.png,mli_damage,minor,600158,train
mli_damage/mli_damage_600159.png,mli_damage,severe,600159,train
mli_damage/mli_damage_600160.png,mli_damage,minor,600160,train
mli_damage/mli_damage_600161.png,mli_damage,minor,600161,train
mli_damage/mli_damage_600162.png,mli_damage,severe,600162,train
mli_damage/mli_damage_600163.png,mli_damage,minor,600163,train
mli_damage/mli_damage_600164.png,mli_damage,moderate,600164,train
mli_damage/mli_damage_600165.png,mli_damage,moderate,600165,train
mli_damage/mli_damage_600166.png,mli_damage,severe,600166,train
mli_damage/mli_damage_600167.png,mli_damage,severe,600167,train
mli_damage/mli_damage_600168.png,mli_damage,moderate,600168,train
mli_damage/mli_damage_600169.png,mli_damage,severe,600169,val
mli_damage/mli_damage_600170.png,mli_damage,minor,600170,train
mli_damage/mli_damage_600171.png,mli_damage,minor,600171,train
mli_damage/mli_damage_600172.png,mli_damage,moderate,600172,train
mli_damage/mli_damage_600173.png,mli_damage,minor,600173,val
mli_damage/mli_damage_600174.png,mli_damage,severe,600174,train
mli_damage/mli_damage_600175.png,mli_damage,moderate,600175,train
mli_damage/mli_damage_600176.png,mli_damage,severe,600176,train
mli_damage/mli_damage_600177.png,mli_damage,moderate,600177,train
mli_damage/mli_damage_600178.png,mli_damage,minor,600178,train
mli_damage/mli_damage_600179.png,mli_damage,severe,600179,val
mli_damage/mli_damage_600180.png,mli_damage,minor,600180,val
mli_damage/mli_damage_600181.png,mli_damage,minor,600181,train
mli_damage/mli_damage_600182.png,mli_damage,severe,600182,train
mli_damage/mli_damage_600183.png,mli_damage,moderate,600183,train
mli_damage/mli_damage_600184.png,mli_damage,moderate,600184,train
mli_damage/mli_damage_600185.png,mli_damage,severe,600185,train
mli_damage/mli_damage_600186.png,mli_damage,moderate,600186,train
mli_damage/mli_damage_600187.png,mli_damage,moderate,600187,test
mli_damage/mli_damage_600188.png,mli_damage,minor,600188,val
mli_damage/mli_damage_600189.png,mli_damage,minor,600189,test
mli_damage/mli_damage_600190.png,mli_damage,minor,600190,train
mli_damage/mli_damage_600191.png,mli_damage,severe,600191,test
mli_damage/mli_damage_600192.png,mli_damage,severe,600192,train
mli_damage/mli_damage_600193.png,mli_damage,severe,600193,train
mli_damage/mli_damage_600194.png,mli_damage,moderate,600194,train
mli_damage/mli_damage_600195.png,mli_damage,minor,600195,val
mli_damage/mli_damage_600196.png,mli_damage,minor,600196,train
mli_damage/mli_damage_600197.png,mli_damage,minor,600197,val
mli_damage/mli_damage_600198.png,mli_damage,moderate,600198,test
mli_damage/mli_damage_600199.png,mli_damage,minor,600199,train
mli_damage/mli_damage_600200.png,mli_damage,moderate,600200,train
mli_damage/mli_damage_600201.png,mli_damage,minor,600201,train
mli_damage/mli_damage_600202.png,mli_damage,severe,600202,train
mli_damage/mli_damage_600203.png,mli_damage,severe,600203,train
mli_damage/mli_damage_600204.png,mli_damage,minor,600204,train
mli_damage/mli_damage_600205.png,mli_damage,minor,600205,train
mli_damage/mli_damage_600206.png,mli_damage,severe,600206,train
mli_damage/mli_damage_600207.png,mli_damage,moderate,600207,train
mli_damage/mli_damage_600208.png,mli_damage,moderate,600208,train
mli_damage/mli_damage_600209.png,mli_damage,severe,600209,val
mli_damage/mli_damage_600210.png,mli_damage,moderate,600210,train
mli_damage/mli_damage_600211.png,mli_damage,severe,600211,val
mli_damage/mli_damage_600212.png,mli_damage,severe,600212,val
mli_damage/mli_damage_600213.png,mli_damage,severe,600213,train
mli_damage/mli_damage_600214.png,mli_damage,moderate,600214,train
mli_damage/mli_damage_600215.png,mli_damage,minor,600215,train
mli_damage/mli_damage_600216.png,mli_damage,moderate,600216,train
mli_damage/mli_damage_600217.png,mli_damage,minor,600217,train
mli_damage/mli_damage_600218.png,mli_damage,minor,600218,train
mli_damage/mli_damage_600219.png,mli_damage,minor,600219,train
mli_damage/mli_damage_600220.png,mli_damage,moderate,600220,train
mli_damage/mli_damage_600221.png,mli_damage,moderate,600221,test
mli_damage/mli_damage_600222.png,mli_damage,moderate,600222,test
mli_damage/mli_damage_600223.png,mli_damage,moderate,600223,train
mli_damage/mli_damage_600224.png,mli_damage,severe,600224,val
mli_damage/mli_damage_600225.png,mli_damage,moderate,600225,val
mli_damage/mli_damage_600226.png,mli_damage,minor,600226,train
mli_damage/mli_damage_600227.png,mli_damage,moderate,600227,train
mli_damage/mli_damage_600228.png,mli_damage,severe,600228,train
mli_damage/mli_damage_600229.png,mli_damage,moderate,600229,train
mli_damage/mli_damage_600230.png,mli_damage,severe,600230,train
mli_damage/mli_damage_600231.png,mli_damage,moderate,600231,train
mli_damage/mli_damage_600232.png,mli_damage,severe,600232,test
mli_damage/mli_damage_600233.png,mli_damage,minor,600233,train
mli_damage/mli_damage_600234.png,mli_damage,severe,600234,train
mli_damage/mli_damage_600235.png,mli_damage,minor,600235,train
mli_damage/mli_damage_600236.png,mli_damage,severe,600236,val
mli_damage/mli_damage_600237.png,mli_damage,moderate,600237,train
mli_damage/mli_damage_600238.png,mli_damage,minor,600238,val
mli_damage/mli_damage_600239.png,mli_damage,severe,600239,train
mli_damage/mli_damage_600240.png,mli_damage,moderate,600240,train
mli_damage/mli_damage_600241.png,mli_damage,moderate,600241,train
mli_damage/mli_damage_600242.png,mli_damage,severe,600242,train
mli_damage/mli_damage_600243.png,mli_damage,moderate,600243,train
mli_damage/mli_damage_600244.png,mli_damage,minor,600244,test
mli_damage/mli_damage_600245.png,mli_damage,severe,600245,train
mli_damage/mli_damage_600246.png,mli_damage,minor,600246,train
mli_damage/mli_damage_600247.png,mli_damage,minor,600247,test
mli_damage/mli_damage_600248.png,mli_damage,severe,600248,train
mli_damage/mli_damage_600249.png,mli_damage,minor,600249,train
mli_damage/mli_damage_600250.png,mli_damage,minor,600250,val
mli_damage/mli_damage_600251.png,mli_damage,moderate,600251,train
mli_damage/mli_damage_600252.png,mli_damage,moderate,600252,train
mli_damage/mli_damage_600253.png,mli_damage,moderate,600253,train
mli_damage/mli_damage_600254.png,mli_damage,severe,600254,test
mli_damage/mli_damage_600255.png,mli_damage,severe,600255,train
mli_damage/mli_damage_600256.png,mli_damage,minor,600256,val
mli_damage/mli_damage_600257.png,mli_damage,moderate,600257,train
mli_damage/mli_damage_600258.png,mli_damage,minor,600258,train
mli_damage/mli_damage_600259.png,mli_damage,moderate,600259,train
mli_damage/mli_damage_600260.png,mli_damage,minor,600260,train
mli_damage/mli_damage_600261.png,mli_damage,moderate,600261,train
mli_damage/mli_damage_600262.png,mli_damage,moderate,600262,test
mli_damage/mli_damage_600263.png,mli_damage,severe,600263,test
mli_damage/mli_damage_600264.png,mli_damage,moderate,600264,test
mli_damage/mli_damage_600265.png,mli_damage,minor,600265,train
mli_damage/mli_damage_600266.png,mli_damage,severe,600266,train
mli_damage/mli_damage_600267.png,mli_damage,minor,600267,train
mli_damage/mli_damage_600268.png,mli_damage,severe,600268,train
mli_damage/mli_damage_600269.png,mli_damage,moderate,600269,train
mli_damage/mli_damage_600270.png,mli_damage,minor,600270,val
mli_damage/mli_damage_600271.png,mli_damage,severe,600271,train
mli_damage/mli_damage_600272.png,mli_damage,minor,600272,train
mli_damage/mli_damage_600273.png,mli_damage,moderate,600273,train
mli_damage/mli_damage_600274.png,mli_damage,minor,600274,train
mli_damage/mli_damage_600275.png,mli_damage,minor,600275,val
mli_damage/mli_damage_600276.png,mli_damage,moderate,600276,val
mli_damage/mli_damage_600277.png,mli_damage,moderate,600277,test
mli_damage/mli_damage_600278.png,mli_damage,moderate,600278,train
mli_damage/mli_damage_600279.png,mli_damage,moderate,600279,train
mli_damage/mli_damage_600280.png,mli_damage,severe,600280,train
mli_damage/mli_damage_600281.png,mli_damage,severe,600281,train
mli_damage/mli_damage_600282.png,mli_damage,moderate,600282,train
mli_damage/mli_damage_600283.png,mli_damage,minor,600283,train
mli_damage/mli_damage_600284.png,mli_damage,severe,600284,train
mli_damage/mli_damage_600285.png,mli_damage,minor,600285,train
mli_damage/mli_damage_600286.png,mli_damage,moderate,600286,train
mli_damage/mli_damage_600287.png,mli_damage,minor,600287,train
mli_damage/mli_damage_600288.png,mli_damage,moderate,600288,val
mli_damage/mli_damage_600289.png,mli_damage,moderate,600289,val
mli_damage/mli_damage_600290.png,mli_damage,severe,600290,train
mli_damage/mli_damage_600291.png,mli_damage,severe,600291,val
mli_damage/mli_damage_600292.png,mli_damage,moderate,600292,train
mli_damage/mli_damage_600293.png,mli_damage,severe,600293,val
mli_damage/mli_damage_600294.png,mli_damage,minor,600294,train
mli_damage/mli_damage_600295.png,mli_damage,moderate,600295,train
mli_damage/mli_damage_600296.png,mli_damage,moderate,600296,train
mli_damage/mli_damage_600297.png,mli_damage,moderate,600297,val
mli_damage/mli_damage_600298.png,mli_damage,minor,600298,train
mli_damage/mli_damage_600299.png,mli_damage,moderate,600299,train
mli_damage/mli_damage_600300.png,mli_damage,severe,600300,train
mli_damage/mli_damage_600301.png,mli_damage,minor,600301,train
mli_damage/mli_damage_600302.png,mli_damage,minor,600302,train
mli_damage/mli_damage_600303.png,mli_damage,severe,600303,train
mli_damage/mli_damage_600304.png,mli_damage,moderate,600304,train
mli_damage/mli_damage_600305.png,mli_damage,minor,600305,train
mli_damage/mli_damage_600306.png,mli_damage,minor,600306,train
mli_damage/mli_damage_600307.png,mli_damage,minor,600307,train
mli_damage/mli_damage_600308.png,mli_damage,moderate,600308,train
mli_damage/mli_damage_600309.png,mli_damage,minor,600309,train
mli_damage/mli_damage_600310.png,mli_damage,severe,600310,train
mli_damage/mli_damage_600311.png,mli_damage,moderate,600311,train
mli_damage/mli_damage_600312.png,mli_damage,moderate,600312,train
mli_damage/mli_damage_600313.png,mli_damage,minor,600313,val
mli_damage/mli_damage_600314.png,mli_damage,moderate,600314,train
mli_damage/mli_damage_600315.png,mli_damage,severe,600315,train
mli_damage/mli_damage_600316.png,mli_damage,moderate,600316,val
mli_damage/mli_damage_600317.png,mli_damage,moderate,600317,train
mli_damage/mli_damage_600318.png,mli_damage,severe,600318,train
mli_damage/mli_damage_600319.png,mli_damage,severe,600319,train
mli_damage/mli_damage_600320.png,mli_damage,moderate,600320,train
mli_damage/mli_damage_600321.png,mli_damage,severe,600321,test
mli_damage/mli_damage_600322.png,mli_damage,minor,600322,val
mli_damage/mli_damage_600323.png,mli_damage,moderate,600323,train
mli_damage/mli_damage_600324.png,mli_damage,minor,600324,train
mli_damage/mli_damage_600325.png,mli_damage,minor,600325,train
mli_damage/mli_damage_600326.png,mli_damage,minor,600326,val
mli_damage/mli_damage_600327.png,mli_damage,moderate,600327,val
mli_damage/mli_damage_600328.png,mli_damage,severe,600328,train
mli_damage/mli_damage_600329.png,mli_damage,moderate,600329,train
mli_damage/mli_damage_600330.png,mli_damage,moderate,600330,train
mli_damage/mli_damage_600331.png,mli_damage,minor,600331,test
mli_damage/mli_damage_600332.png,mli_damage,minor,600332,test
mli_damage/mli_damage_600333.png,mli_damage,severe,600333,train
mli_damage/mli_damage_600334.png,mli_damage,severe,600334,train
mli_damage/mli_damage_600335.png,mli_damage,severe,600335,val
mli_damage/mli_damage_600336.png,mli_damage,severe,600336,train
mli_damage/mli_damage_600337.png,mli_damage,severe,600337,test
mli_damage/mli_damage_600338.png,mli_damage,moderate,600338,train
mli_damage/mli_damage_600339.png,mli_damage,minor,600339,train
mli_damage/mli_damage_600340.png,mli_damage,moderate,600340,train
mli_damage/mli_damage_600341.png,mli_damage,moderate,600341,train
mli_damage/mli_damage_600342.png,mli_damage,moderate,600342,val
mli_damage/mli_damage_600343.png,mli_damage,minor,600343,test
mli_damage/mli_damage_600344.png,mli_damage,severe,600344,train
mli_damage/mli_damage_600345.png,mli_damage,severe,600345,test
mli_damage/mli_damage_600346.png,mli_damage,minor,600346,train
mli_damage/mli_damage_600347.png,mli_damage,minor,600347,train
mli_damage/mli_damage_600348.png,mli_damage,moderate,600348,train
mli_damage/mli_damage_600349.png,mli_damage,severe,600349,train
mli_damage/mli_damage_600350.png,mli_damage,severe,600350,train
mli_damage/mli_damage_600351.png,mli_damage,severe,600351,test
mli_damage/mli_damage_600352.png,mli_damage,severe,600352,val
mli_damage/mli_damage_600353.png,mli_damage,severe,600353,train
mli_damage/mli_damage_600354.png,mli_damage,severe,600354,train
mli_damage/mli_damage_600355.png,mli_damage,minor,600355,train
mli_damage/mli_damage_600356.png,mli_damage,moderate,600356,train
mli_damage/mli_damage_600357.png,mli_damage,severe,600357,test
mli_damage/mli_damage_600358.png,mli_damage,moderate,600358,train
mli_damage/mli_damage_600359.png,mli_damage,moderate,600359,train
mli_damage/mli_damage_600360.png,mli_damage,minor,600360,train
mli_damage/mli_damage_600361.png,mli_damage,minor,600361,train
mli_damage/mli_damage_600362.png,mli_damage,minor,600362,train
mli_damage/mli_damage_600363.png,mli_damage,moderate,600363,train
mli_damage/mli_damage_600364.png,mli_damage,severe,600364,train
mli_damage/mli_damage_600365.png,mli_damage,minor,600365,train
mli_damage/mli_damage_600366.png,mli_damage,severe,600366,val
mli_damage/mli_damage_600367.png,mli_damage,minor,600367,train
mli_damage/mli_damage_600368.png,mli_damage,minor,600368,val
mli_damage/mli_damage_600369.png,mli_damage,severe,600369,train
mli_damage/mli_damage_600370.png,mli_damage,severe,600370,val
mli_damage/mli_damage_600371.png,mli_damage,severe,600371,train
mli_damage/mli_damage_600372.png,mli_damage,severe,600372,val
mli_damage/mli_damage_600373.png,mli_damage,severe,600373,val
mli_damage/mli_damage_600374.png,mli_damage,minor,600374,train
mli_damage/mli_damage_600375.png,mli_damage,minor,600375,train
mli_damage/mli_damage_600376.png,mli_damage,minor,600376,train
mli_damage/mli_damage_600377.png,mli_damage,minor,600377,test
mli_damage/mli_damage_600378.png,mli_damage,severe,600378,train
mli_damage/mli_damage_600379.png,mli_damage,moderate,600379,train
mli_damage/mli_damage_600380.png,mli_damage,severe,600380,train
mli_damage/mli_damage_600381.png,mli_damage,minor,600381,train
mli_damage/mli_damage_600382.png,mli_damage,moderate,600382,val
mli_damage/mli_damage_600383.png,mli_damage,severe,600383,val
mli_damage/mli_damage_600384.png,mli_damage,severe,600384,val
mli_damage/mli_damage_600385.png,mli_damage,minor,600385,val
mli_damage/mli_damage_600386.png,mli_damage,severe,600386,train
mli_damage/mli_damage_600387.png,mli_damage,minor,600387,train
mli_damage/mli_damage_600388.png,mli_damage,severe,600388,train
mli_damage/mli_damage_600389.png,mli_damage,severe,600389,train
mli_damage/mli_damage_600390.png,mli_damage,moderate,600390,train
mli_damage/mli_damage_600391.png,mli_damage,moderate,600391,train
mli_damage/mli_damage_600392.png,mli_damage,severe,600392,train
mli_damage/mli_damage_600393.png,mli_damage,minor,600393,train
mli_damage/mli_damage_600394.png,mli_damage,moderate,600394,train
mli_damage/mli_damage_600395.png,mli_damage,severe,600395,train
mli_damage/mli_damage_600396.png,mli_damage,moderate,600396,train
mli_damage/mli_damage_600397.png,mli_damage,minor,600397,train
mli_damage/mli_damage_600398.png,mli_damage,minor,600398,train
mli_damage/mli_damage_600399.png,mli_damage,severe,600399,train
mli_damage/mli_damage_600400.png,mli_damage,minor,600400,train
mli_damage/mli_damage_600401.png,mli_damage,minor,600401,val
mli_damage/mli_damage_600402.png,mli_damage,severe,600402,train
mli_damage/mli_damage_600403.png,mli_damage,minor,600403,train
mli_damage/mli_damage_600404.png,mli_damage,moderate,600404,train
mli_damage/mli_damage_600405.png,mli_damage,moderate,600405,train
mli_damage/mli_damage_600406.png,mli_damage,severe,600406,train
mli_damage/mli_damage_600407.png,mli_damage,severe,600407,train
mli_damage/mli_damage_600408.png,mli_damage,moderate,600408,train
mli_damage/mli_damage_600409.png,mli_damage,severe,600409,train
mli_damage/mli_damage_600410.png,mli_damage,minor,600410,train
mli_damage/mli_damage_600411.png,mli_damage,minor,600411,train
mli_damage/mli_damage_600412.png,mli_damage,moderate,600412,test
mli_damage/mli_damage_600413.png,mli_damage,minor,600413,train
mli_damage/mli_damage_600414.png,mli_damage,severe,600414,train
mli_damage/mli_damage_600415.png,mli_damage,moderate,600415,val
mli_damage/mli_damage_600416.png,mli_damage,severe,600416,train
mli_damage/mli_damage_600417.png,mli_damage,moderate,600417,train
mli_damage/mli_damage_600418.png,mli_damage,minor,600418,val
mli_damage/mli_damage_600419.png,mli_damage,severe,600419,train
mli_damage/mli_damage_600420.png,mli_damage,minor,600420,train
mli_damage/mli_damage_600421.png,mli_damage,minor,600421,train
mli_damage/mli_damage_600422.png,mli_damage,severe,600422,train
mli_damage/mli_damage_600423.png,mli_damage,moderate,600423,test
mli_damage/mli_damage_600424.png,mli_damage,moderate,600424,val
mli_damage/mli_damage_600425.png,mli_damage,severe,600425,train
mli_damage/mli_damage_600426.png,mli_damage,moderate,600426,val
mli_damage/mli_damage_600427.png,mli_damage,moderate,600427,train
mli_damage/mli_damage_600428.png,mli_damage,minor,600428,train
mli_damage/mli_damage_600429.png,mli_damage,minor,600429,train
mli_damage/mli_damage_600430.png,mli_damage,minor,600430,test
mli_damage/mli_damage_600431.png,mli_damage,severe,600431,train
mli_damage/mli_damage_600432.png,mli_damage,severe,600432,val
mli_damage/mli_damage_600433.png,mli_damage,severe,600433,test
mli_damage/mli_damage_600434.png,mli_damage,moderate,600434,train
mli_damage/mli_damage_600435.png,mli_damage,minor,600435,train
mli_damage/mli_damage_600436.png,mli_damage,minor,600436,train
mli_damage/mli_damage_600437.png,mli_damage,minor,600437,val
mli_damage/mli_damage_600438.png,mli_damage,moderate,600438,train
mli_damage/mli_damage_600439.png,mli_damage,minor,600439,val
mli_damage/mli_damage_600440.png,mli_damage,moderate,600440,train
mli_damage/mli_damage_600441.png,mli_damage,minor,600441,train
mli_damage/mli_damage_600442.png,mli_damage,severe,600442,train
mli_damage/mli_damage_600443.png,mli_damage,severe,600443,train
mli_damage/mli_damage_600444.png,mli_damage,minor,600444,train
mli_damage/mli_damage_600445.png,mli_damage,minor,600445,test
mli_damage/mli_damage_600446.png,mli_damage,severe,600446,train
mli_damage/mli_damage_600447.png,mli_damage,moderate,600447,val
mli_damage/mli_damage_600448.png,mli_damage,moderate,600448,train
mli_damage/mli_damage_600449.png,mli_damage,severe,600449,train
mli_damage/mli_damage_600450.png,mli_damage,moderate,600450,test
mli_damage/mli_damage_600451.png,mli_damage,severe,600451,train
mli_damage/mli_damage_600452.png,mli_damage,severe,600452,train
mli_damage/mli_damage_600453.png,mli_damage,severe,600453,train
mli_damage/mli_damage_600454.png,mli_damage,moderate,600454,val
mli_damage/mli_damage_600455.png,mli_damage,minor,600455,train
mli_damage/mli_damage_600456.png,mli_damage,moderate,600456,test
mli_damage/mli_damage_600457.png,mli_damage,minor,600457,train
mli_damage/mli_damage_600458.png,mli_damage,minor,600458,val
mli_damage/mli_damage_600459.png,mli_damage,minor,600459,train
mli_damage/mli_damage_600460.png,mli_damage,moderate,600460,train
mli_damage/mli_damage_600461.png,mli_damage,moderate,600461,train
mli_damage/mli_damage_600462.png,mli_damage,moderate,600462,val
mli_damage/mli_damage_600463.png,mli_damage,moderate,600463,train
mli_damage/mli_damage_600464.png,mli_damage,severe,600464,train
mli_damage/mli_damage_600465.png,mli_damage,moderate,600465,train
mli_damage/mli_damage_600466.png,mli_damage,minor,600466,train
mli_damage/mli_damage_600467.png,mli_damage,moderate,600467,train
mli_damage/mli_damage_600468.png,mli_damage,severe,600468,val
mli_damage/mli_damage_600469.png,mli_damage,moderate,600469,val
mli_damage/mli_damage_600470.png,mli_damage,severe,600470,val
mli_damage/mli_damage_600471.png,mli_damage,moderate,600471,train
mli_damage/mli_damage_600472.png,mli_damage,severe,600472,val
mli_damage/mli_damage_600473.png,mli_damage,minor,600473,train
mli_damage/mli_damage_600474.png,mli_damage,severe,600474,train
mli_damage/mli_damage_600475.png,mli_damage,minor,600475,test
mli_damage/mli_damage_600476.png,mli_damage,severe,600476,train
mli_damage/mli_damage_600477.png,mli_damage,moderate,600477,train
mli_damage/mli_damage_600478.png,mli_damage,minor,600478,train
mli_damage/mli_damage_600479.png,mli_damage,severe,600479,train
mli_damage/mli_damage_600480.png,mli_damage,moderate,600480,test
mli_damage/mli_damage_600481.png,mli_damage,moderate,600481,val
mli_damage/mli_damage_600482.png,mli_damage,severe,600482,train
mli_damage/mli_damage_600483.png,mli_damage,moderate,600483,val
mli_damage/mli_damage_600484.png,mli_damage,minor,600484,train
mli_damage/mli_damage_600485.png,mli_damage,severe,600485,test
mli_damage/mli_damage_600486.png,mli_damage,minor,600486,val
mli_damage/mli_damage_600487.png,mli_damage,minor,600487,train
mli_damage/mli_damage_600488.png,mli_damage,severe,600488,val
mli_damage/mli_damage_600489.png,mli_damage,minor,600489,test
mli_damage/mli_damage_600490.png,mli_damage,minor,600490,train
mli_damage/mli_damage_600491.png,mli_damage,moderate,600491,test
mli_damage/mli_damage_600492.png,mli_damage,moderate,600492,val
mli_damage/mli_damage_600493.png,mli_damage,moderate,600493,train
mli_damage/mli_damage_600494.png,mli_damage,severe,600494,val
mli_damage/mli_damage_600495.png,mli_damage,severe,600495,train
mli_damage/mli_damage_600496.png,mli_damage,minor,600496,train
mli_damage/mli_damage_600497.png,mli_damage,moderate,600497,train
mli_damage/mli_damage_600498.png,mli_damage,minor,600498,train
mli_damage/mli_damage_600499.png,mli_damage,moderate,600499,train
mli_damage/mli_damage_600500.png,mli_damage,minor,600500,train
mli_damage/mli_damage_600501.png,mli_damage,moderate,600501,val
mli_damage/mli_damage_600502.png,mli_damage,moderate,600502,train
mli_damage/mli_damage_600503.png,mli_damage,severe,600503,train
mli_damage/mli_damage_600504.png,mli_damage,moderate,600504,val
mli_damage/mli_damage_600505.png,mli_damage,minor,600505,val
mli_damage/mli_damage_600506.png,mli_damage,severe,600506,train
mli_damage/mli_damage_600507.png,mli_damage,minor,600507,train
mli_damage/mli_damage_600508.png,mli_damage,severe,600508,test
mli_damage/mli_damage_600509.png,mli_damage,moderate,600509,train
mli_damage/mli_damage_600510.png,mli_damage,minor,600510,val
mli_damage/mli_damage_600511.png,mli_damage,severe,600511,train
mli_damage/mli_damage_600512.png,mli_damage,minor,600512,train
mli_damage/mli_damage_600513.png,mli_damage,moderate,600513,val
mli_damage/mli_damage_600514.png,mli_damage,minor,600514,train
mli_damage/mli_damage_600515.png,mli_damage,minor,600515,train
mli_damage/mli_damage_600516.png,mli_damage,moderate,600516,train
mli_damage/mli_damage_600517.png,mli_damage,moderate,600517,train
mli_damage/mli_damage_600518.png,mli_damage,moderate,600518,train
mli_damage/mli_damage_600519.png,mli_damage,moderate,600519,train
mli_damage/mli_damage_600520.png,mli_damage,severe,600520,train
mli_damage/mli_damage_600521.png,mli_damage,severe,600521,test
mli_damage/mli_damage_600522.png,mli_damage,moderate,600522,test
mli_damage/mli_damage_600523.png,mli_damage,minor,600523,train
mli_damage/mli_damage_600524.png,mli_damage,severe,600524,train
mli_damage/mli_damage_600525.png,mli_damage,minor,600525,test
mli_damage/mli_damage_600526.png,mli_damage,moderate,600526,train
mli_damage/mli_damage_600527.png,mli_damage,minor,600527,train
mli_damage/mli_damage_600528.png,mli_damage,moderate,600528,val
mli_damage/mli_damage_600529.png,mli_damage,moderate,600529,train
mli_damage/mli_damage_600530.png,mli_damage,severe,600530,train
mli_damage/mli_damage_600531.png,mli_damage,severe,600531,train
mli_damage/mli_damage_600532.png,mli_damage,moderate,600532,val
mli_damage/mli_damage_600533.png,mli_damage,severe,600533,train
mli_damage/mli_damage_600534.png,mli_damage,minor,600534,test
mli_damage/mli_damage_600535.png,mli_damage,moderate,600535,val
mli_damage/mli_damage_600536.png,mli_damage,moderate,600536,train
mli_damage/mli_damage_600537.png,mli_damage,moderate,600537,val
mli_damage/mli_damage_600538.png,mli_damage,minor,600538,train
mli_damage/mli_damage_600539.png,mli_damage,moderate,600539,train
mli_damage/mli_damage_600540.png,mli_damage,severe,600540,train
mli_damage/mli_damage_600541.png,mli_damage,minor,600541,test
mli_damage/mli_damage_600542.png,mli_damage,minor,600542,val
mli_damage/mli_damage_600543.png,mli_damage,severe,600543,train
mli_damage/mli_damage_600544.png,mli_damage,moderate,600544,val
mli_damage/mli_damage_600545.png,mli_damage,minor,600545,train
mli_damage/mli_damage_600546.png,mli_damage,minor,600546,train
mli_damage/mli_damage_600547.png,mli_damage,minor,600547,test
mli_damage/mli_damage_600548.png,mli_damage,moderate,600548,train
mli_damage/mli_damage_600549.png,mli_damage,minor,600549,train
mli_damage/mli_damage_600550.png,mli_damage,severe,600550,train
mli_damage/mli_damage_600551.png,mli_damage,moderate,600551,val
mli_damage/mli_damage_600552.png,mli_damage,moderate,600552,train
mli_damage/mli_damage_600553.png,mli_damage,minor,600553,val
mli_damage/mli_damage_600554.png,mli_damage,moderate,600554,train
mli_damage/mli_damage_600555.png,mli_damage,severe,600555,val
mli_damage/mli_damage_600556.png,mli_damage,moderate,600556,train
mli_damage/mli_damage_600557.png,mli_damage,moderate,600557,train
mli_damage/mli_damage_600558.png,mli_damage,severe,600558,val
mli_damage/mli_damage_600559.png,mli_damage,severe,600559,train
mli_damage/mli_damage_600560.png,mli_damage,moderate,600560,val
mli_damage/mli_damage_600561.png,mli_damage,severe,600561,train
mli_damage/mli_damage_600562.png,mli_damage,minor,600562,val
mli_damage/mli_damage_600563.png,mli_damage,moderate,600563,train
mli_damage/mli_damage_600564.png,mli_damage,minor,600564,test
mli_damage/mli_damage_600565.png,mli_damage,minor,600565,train
mli_damage/mli_damage_600566.png,mli_damage,minor,600566,train
mli_damage/mli_damage_600567.png,mli_damage,moderate,600567,train
mli_damage/mli_damage_600568.png,mli_damage,severe,600568,train
mli_damage/mli_damage_600569.png,mli_damage,moderate,600569,test
mli_damage/mli_damage_600570.png,mli_damage,moderate,600570,val
mli_damage/mli_damage_600571.png,mli_damage,minor,600571,train
mli_damage/mli_damage_600572.png,mli_damage,minor,600572,train
mli_damage/mli_damage_600573.png,mli_damage,severe,600573,train
mli_damage/mli_damage_600574.png,mli_damage,severe,600574,val
mli_damage/mli_damage_600575.png,mli_damage,severe,600575,val
mli_damage/mli_damage_600576.png,mli_damage,severe,600576,train
mli_damage/mli_damage_600577.png,mli_damage,severe,600577,val
mli_damage/mli_damage_600578.png,mli_damage,moderate,600578,train
mli_damage/mli_damage_600579.png,mli_damage,minor,600579,train
mli_damage/mli_damage_600580.png,mli_damage,moderate,600580,train
mli_damage/mli_damage_600581.png,mli_damage,moderate,600581,val
mli_damage/mli_damage_600582.png,mli_damage,moderate,600582,test
mli_damage/mli_damage_600583.png,mli_damage,minor,600583,test
mli_damage/mli_damage_600584.png,mli_damage,severe,600584,train
mli_damage/mli_damage_600585.png,mli_damage,severe,600585,test
mli_damage/mli_damage_600586.png,mli_damage,minor,600586,train
mli_damage/mli_damage_600587.png,mli_damage,minor,600587,train
mli_damage/mli_damage_600588.png,mli_damage,moderate,600588,train
mli_damage/mli_damage_600589.png,mli_damage,severe,600589,train
mli_damage/mli_damage_600590.png,mli_damage,severe,600590,val
mli_damage/mli_damage_600591.png,mli_damage,severe,600591,train
mli_damage/mli_damage_600592.png,mli_damage,severe,600592,train
mli_damage/mli_damage_600593.png,mli_damage,severe,600593,test
mli_damage/mli_damage_600594.png,mli_damage,severe,600594,train
mli_damage/mli_damage_600595.png,mli_damage,minor,600595,train
mli_damage/mli_damage_600596.png,mli_damage,moderate,600596,train
mli_damage/mli_damage_600597.png,mli_damage,severe,600597,val
mli_damage/mli_damage_600598.png,mli_damage,moderate,600598,train
mli_damage/mli_damage_600599.png,mli_damage,moderate,600599,train
mli_damage/mli_damage_600600.png,mli_damage,minor,600600,val
mli_damage/mli_damage_600601.png,mli_damage,minor,600601,val
mli_damage/mli_damage_600602.png,mli_damage,minor,600602,train
mli_damage/mli_damage_600603.png,mli_damage,moderate,600603,train
mli_damage/mli_damage_600604.png,mli_damage,severe,600604,train
mli_damage/mli_damage_600605.png,mli_damage,minor,600605,train
mli_damage/mli_damage_600606.png,mli_damage,severe,600606,train
mli_damage/mli_damage_600607.png,mli_damage,minor,600607,train
mli_damage/mli_damage_600608.png,mli_damage,minor,600608,train
mli_damage/mli_damage_600609.png,mli_damage,severe,600609,train
mli_damage/mli_damage_600610.png,mli_damage,severe,600610,train
mli_damage/mli_damage_600611.png,mli_damage,severe,600611,train
mli_damage/mli_damage_600612.png,mli_damage,severe,600612,train
mli_damage/mli_damage_600613.png,mli_damage,severe,600613,train
mli_damage/mli_damage_600614.png,mli_damage,minor,600614,train
mli_damage/mli_damage_600615.png,mli_damage,minor,600615,test
mli_damage/mli_damage_600616.png,mli_damage,minor,600616,train
mli_damage/mli_damage_600617.png,mli_damage,minor,600617,train
mli_damage/mli_damage_600618.png,mli_damage,severe,600618,train
mli_damage/mli_damage_600619.png,mli_damage,moderate,600619,train
mli_damage/mli_damage_600620.png,mli_damage,severe,600620,train
mli_damage/mli_damage_600621.png,mli_damage,minor,600621,val
mli_damage/mli_damage_600622.png,mli_damage,moderate,600622,train
mli_damage/mli_damage_600623.png,mli_damage,severe,600623,train
mli_damage/mli_damage_600624.png,mli_damage,severe,600624,val
mli_damage/mli_damage_600625.png,mli_damage,minor,600625,train
mli_damage/mli_damage_600626.png,mli_damage,severe,600626,train
mli_damage/mli_damage_600627.png,mli_damage,minor,600627,test
mli_damage/mli_damage_600628.png,mli_damage,severe,600628,train
mli_damage/mli_damage_600629.png,mli_damage,severe,600629,train
mli_damage/mli_damage_600630.png,mli_damage,moderate,600630,train
mli_damage/mli_damage_600631.png,mli_damage,moderate,600631,test
mli_damage/mli_damage_600632.png,mli_damage,severe,600632,test
mli_damage/mli_damage_600633.png,mli_damage,minor,600633,train
mli_damage/mli_damage_600634.png,mli_damage,moderate,600634,val
mli_damage/mli_damage_600635.png,mli_damage,severe,600635,train
mli_damage/mli_damage_600636.png,mli_damage,moderate,600636,train
mli_damage/mli_damage_600637.png,mli_damage,minor,600637,test
mli_damage/mli_damage_600638.png,mli_damage,minor,600638,train
mli_damage/mli_damage_600639.png,mli_damage,severe,600639,train
mli_damage/mli_damage_600640.png,mli_damage,minor,600640,train
mli_damage/mli_damage_600641.png,mli_damage,minor,600641,train
mli_damage/mli_damage_600642.png,mli_damage,severe,600642,train
mli_damage/mli_damage_600643.png,mli_damage,minor,600643,train
mli_damage/mli_damage_600644.png,mli_damage,moderate,600644,train
mli_damage/mli_damage_600645.png,mli_damage,moderate,600645,train
mli_damage/mli_damage_600646.png,mli_damage,severe,600646,train
mli_damage/mli_damage_600647.png,mli_damage,severe,600647,train
mli_damage/mli_damage_600648.png,mli_damage,moderate,600648,train
mli_damage/mli_damage_600649.png,mli_damage,severe,600649,test
mli_damage/mli_damage_600650.png,mli_damage,minor,600650,train
mli_damage/mli_damage_600651.png,mli_damage,minor,600651,test
mli_damage/mli_damage_600652.png,mli_damage,moderate,600652,train
mli_damage/mli_damage_600653.png,mli_damage,minor,600653,train
mli_damage/mli_damage_600654.png,mli_damage,severe,600654,train
mli_damage/mli_damage_600655.png,mli_damage,moderate,600655,train
mli_damage/mli_damage_600656.png,mli_damage,severe,600656,train
mli_damage/mli_damage_600657.png,mli_damage,moderate,600657,train
mli_damage/mli_damage_600658.png,mli_damage,minor,600658,val
mli_damage/mli_damage_600659.png,mli_damage,severe,600659,train
mli_damage/mli_damage_600660.png,mli_damage,minor,600660,train
mli_damage/mli_damage_600661.png,mli_damage,minor,600661,val
mli_damage/mli_damage_600662.png,mli_damage,severe,600662,val
mli_damage/mli_damage_600663.png,mli_damage,moderate,600663,val
mli_damage/mli_damage_600664.png,mli_damage,moderate,600664,val
mli_damage/mli_damage_600665.png,mli_damage,severe,600665,train
mli_damage/mli_damage_600666.png,mli_damage,moderate,600666,train
mli_damage/mli_damage_600667.png,mli_damage,moderate,600667,test
mli_damage/mli_damage_600668.png,mli_damage,minor,600668,train
mli_damage/mli_damage_600669.png,mli_damage,minor,600669,val
mli_damage/mli_damage_600670.png,mli_damage,minor,600670,val
mli_damage/mli_damage_600671.png,mli_damage,severe,600671,test
mli_damage/mli_damage_600672.png,mli_damage,severe,600672,val
mli_damage/mli_damage_600673.png,mli_damage,severe,600673,train
mli_damage/mli_damage_600674.png,mli_damage,moderate,600674,train
mli_damage/mli_damage_600675.png,mli_damage,minor,600675,train
mli_damage/mli_damage_600676.png,mli_damage,minor,600676,train
mli_damage/mli_damage_600677.png,mli_damage,minor,600677,val
mli_damage/mli_damage_600678.png,mli_damage,moderate,600678,train
mli_damage/mli_damage_600679.png,mli_damage,minor,600679,train
mli_damage/mli_damage_600680.png,mli_damage,moderate,600680,val
mli_damage/mli_damage_600681.png,mli_damage,minor,600681,test
mli_damage/mli_damage_600682.png,mli_damage,severe,600682,train
mli_damage/mli_damage_600683.png,mli_damage,severe,600683,train
mli_damage/mli_damage_600684.png,mli_damage,minor,600684,train
mli_damage/mli_damage_600685.png,mli_damage,minor,600685,val
mli_damage/mli_damage_600686.png,mli_damage,severe,600686,test
mli_damage/mli_damage_600687.png,mli_damage,moderate,600687,val
mli_damage/mli_damage_600688.png,mli_damage,moderate,600688,train
mli_damage/mli_damage_600689.png,mli_damage,severe,600689,train
mli_damage/mli_damage_600690.png,mli_damage,moderate,600690,train
mli_damage/mli_damage_600691.png,mli_damage,severe,600691,val
mli_damage/mli_damage_600692.png,mli_damage,severe,600692,train
mli_damage/mli_damage_600693.png,mli_damage,severe,600693,val
mli_damage/mli_damage_600694.png,mli_damage,moderate,600694,train
mli_damage/mli_damage_600695.png,mli_damage,minor,600695,train
mli_damage/mli_damage_600696.png,mli_damage,moderate,600696,train
mli_damage/mli_damage_600697.png,mli_damage,minor,600697,train
mli_damage/mli_damage_600698.png,mli_damage,minor,600698,test
mli_damage/mli_damage_600699.png,mli_damage,minor,600699,train
mli_damage/mli_damage_600700.png,mli_damage,moderate,600700,train
mli_damage/mli_damage_600701.png,mli_damage,moderate,600701,train
mli_damage/mli_damage_600702.png,mli_damage,moderate,600702,train
mli_damage/mli_damage_600703.png,mli_damage,moderate,600703,val
mli_damage/mli_damage_600704.png,mli_damage,severe,600704,train
mli_damage/mli_damage_600705.png,mli_damage,moderate,600705,train
mli_damage/mli_damage_600706.png,mli_damage,minor,600706,train
mli_damage/mli_damage_600707.png,mli_damage,moderate,600707,train
mli_damage/mli_damage_600708.png,mli_damage,severe,600708,train
mli_damage/mli_damage_600709.png,mli_damage,moderate,600709,train
mli_damage/mli_damage_600710.png,mli_damage,severe,600710,val
mli_damage/mli_damage_600711.png,mli_damage,moderate,600711,train
mli_damage/mli_damage_600712.png,mli_damage,severe,600712,train
mli_damage/mli_damage_600713.png,mli_damage,minor,600713,train
mli_damage/mli_damage_600714.png,mli_damage,severe,600714,train
mli_damage/mli_damage_600715.png,mli_damage,minor,600715,train
mli_damage/mli_damage_600716.png,mli_damage,severe,600716,train
mli_damage/mli_damage_600717.png,mli_damage,moderate,600717,test
mli_damage/mli_damage_600718.png,mli_damage,minor,600718,val
mli_damage/mli_damage_600719.png,mli_damage,severe,600719,train
mli_damage/mli_damage_600720.png,mli_damage,moderate,600720,val
mli_damage/mli_damage_600721.png,mli_damage,moderate,600721,train
mli_damage/mli_damage_600722.png,mli_damage,severe,600722,train
mli_damage/mli_damage_600723.png,mli_damage,moderate,600723,train
mli_damage/mli_damage_600724.png,mli_damage,minor,600724,train
mli_damage/mli_damage_600725.png,mli_damage,severe,600725,val
mli_damage/mli_damage_600726.png,mli_damage,minor,600726,val
mli_damage/mli_damage_600727.png,mli_damage,minor,600727,train
mli_damage/mli_damage_600728.png,mli_damage,severe,600728,train
mli_damage/mli_damage_600729.png,mli_damage,minor,600729,train
mli_damage/mli_damage_600730.png,mli_damage,minor,600730,train
mli_damage/mli_damage_600731.png,mli_damage,moderate,600731,test
mli_damage/mli_damage_600732.png,mli_damage,moderate,600732,val
mli_damage/mli_damage_600733.png,mli_damage,moderate,600733,train
mli_damage/mli_damage_600734.png,mli_damage,severe,600734,val
mli_damage/mli_damage_600735.png,mli_damage,severe,600735,train
mli_damage/mli_damage_600736.png,mli_damage,minor,600736,train
mli_damage/mli_damage_600737.png,mli_damage,moderate,600737,train
mli_damage/mli_damage_600738.png,mli_damage,minor,600738,train
mli_damage/mli_damage_600739.png,mli_damage,moderate,600739,train
mli_damage/mli_damage_600740.png,mli_damage,minor,600740,train
mli_damage/mli_damage_600741.png,mli_damage,moderate,600741,val
mli_damage/mli_damage_600742.png,mli_damage,moderate,600742,test
mli_damage/mli_damage_600743.png,mli_damage,severe,600743,train
mli_damage/mli_damage_600744.png,mli_damage,moderate,600744,train
mli_damage/mli_damage_600745.png,mli_damage,minor,600745,train
mli_damage/mli_damage_600746.png,mli_damage,severe,600746,train
mli_damage/mli_damage_600747.png,mli_damage,minor,600747,val
mli_damage/mli_damage_600748.png,mli_damage,severe,600748,test
mli_damage/mli_damage_600749.png,mli_damage,moderate,600749,test
mli_damage/mli_damage_600750.png,mli_damage,minor,600750,train
mli_damage/mli_damage_600751.png,mli_damage,severe,600751,train
mli_damage/mli_damage_600752.png,mli_damage,minor,600752,train
mli_damage/mli_damage_600753.png,mli_damage,moderate,600753,train
mli_damage/mli_damage_600754.png,mli_damage,minor,600754,train
mli_damage/mli_damage_600755.png,mli_damage,minor,600755,val
mli_damage/mli_damage_600756.png,mli_damage,moderate,600756,test
mli_damage/mli_damage_600757.png,mli_damage,moderate,600757,train
mli_damage/mli_damage_600758.png,mli_damage,moderate,600758,train
mli_damage/mli_damage_600759.png,mli_damage,moderate,600759,val
mli_damage/mli_damage_600760.png,mli_damage,severe,600760,val
mli_damage/mli_damage_600761.png,mli_damage,severe,600761,train
mli_damage/mli_damage_600762.png,mli_damage,moderate,600762,train
mli_damage/mli_damage_600763.png,mli_damage,minor,600763,val
mli_damage/mli_damage_600764.png,mli_damage,severe,600764,train
mli_damage/mli_damage_600765.png,mli_damage,minor,600765,val
mli_damage/mli_damage_600766.png,mli_damage,moderate,600766,train
mli_damage/mli_damage_600767.png,mli_damage,minor,600767,val
mli_damage/mli_damage_600768.png,mli_damage,moderate,600768,train
mli_damage/mli_damage_600769.png,mli_damage,moderate,600769,train
mli_damage/mli_damage_600770.png,mli_damage,severe,600770,train
mli_damage/mli_damage_600771.png,mli_damage,severe,600771,test
mli_damage/mli_damage_600772.png,mli_damage,moderate,600772,train
mli_damage/mli_damage_600773.png,mli_damage,severe,600773,val
mli_damage/mli_damage_600774.png,mli_damage,minor,600774,train
mli_damage/mli_damage_600775.png,mli_damage,moderate,600775,train
mli_damage/mli_damage_600776.png,mli_damage,moderate,600776,train
mli_damage/mli_damage_600777.png,mli_damage,moderate,600777,train
mli_damage/mli_damage_600778.png,mli_damage,minor,600778,val
mli_damage/mli_damage_600779.png,mli_damage,moderate,600779,val
mli_damage/mli_damage_600780.png,mli_damage,severe,600780,train
mli_damage/mli_damage_600781.png,mli_damage,minor,600781,train
mli_damage/mli_damage_600782.png,mli_damage,minor,600782,train
mli_damage/mli_damage_600783.png,mli_damage,severe,600783,train
mli_damage/mli_damage_600784.png,mli_damage,moderate,600784,train
mli_damage/mli_damage_600785.png,mli_damage,minor,600785,train
mli_damage/mli_damage_600786.png,mli_damage,minor,600786,train
mli_damage/mli_damage_600787.png,mli_damage,minor,600787,train
mli_damage/mli_damage_600788.png,mli_damage,moderate,600788,train
mli_damage/mli_damage_600789.png,mli_damage,minor,600789,train
mli_damage/mli_damage_600790.png,mli_damage,severe,600790,train
mli_damage/mli_damage_600791.png,mli_damage,moderate,600791,train
mli_damage/mli_damage_600792.png,mli_damage,moderate,600792,val
mli_damage/mli_damage_600793.png,mli_damage,minor,600793,train
mli_damage/mli_damage_600794.png,mli_damage,moderate,600794,val
mli_damage/mli_damage_600795.png,mli_damage,severe,600795,val
mli_damage/mli_damage_600796.png,mli_damage,moderate,600796,train
mli_damage/mli_damage_600797.png,mli_damage,moderate,600797,test
mli_damage/mli_damage_600798.png,mli_damage,severe,600798,val
mli_damage/mli_damage_600799.png,mli_damage,severe,600799,val
mli_damage/mli_damage_600800.png,mli_damage,moderate,600800,train
mli_damage/mli_damage_600801.png,mli_damage,severe,600801,train
mli_damage/mli_damage_600802.png,mli_damage,minor,600802,train
mli_damage/mli_damage_600803.png,mli_damage,moderate,600803,train
mli_damage/mli_damage_600804.png,mli_damage,minor,600804,train
mli_damage/mli_damage_600805.png,mli_damage,minor,600805,train
mli_damage/mli_damage_600806.png,mli_damage,minor,600806,test
mli_damage/mli_damage_600807.png,mli_damage,moderate,600807,train
mli_damage/mli_damage_600808.png,mli_damage,severe,600808,train
mli_damage/mli_damage_600809.png,mli_damage,moderate,600809,train
mli_damage/mli_damage_600810.png,mli_damage,moderate,600810,train
mli_damage/mli_damage_600811.png,mli_damage,minor,600811,test
mli_damage/mli_damage_600812.png,mli_damage,minor,600812,val
mli_damage/mli_damage_600813.png,mli_damage,severe,600813,train
mli_damage/mli_damage_600814.png,mli_damage,severe,600814,train
mli_damage/mli_damage_600815.png,mli_damage,severe,600815,train
mli_damage/mli_damage_600816.png,mli_damage,severe,600816,val
mli_damage/mli_damage_600817.png,mli_damage,severe,600817,train
mli_damage/mli_damage_600818.png,mli_damage,moderate,600818,train
mli_damage/mli_damage_600819.png,mli_damage,minor,600819,train
mli_damage/mli_damage_600820.png,mli_damage,moderate,600820,train
mli_damage/mli_damage_600821.png,mli_damage,moderate,600821,train
mli_damage/mli_damage_600822.png,mli_damage,moderate,600822,train
mli_damage/mli_damage_600823.png,mli_damage,minor,600823,train
mli_damage/mli_damage_600824.png,mli_damage,severe,600824,val
mli_damage/mli_damage_600825.png,mli_damage,severe,600825,train
mli_damage/mli_damage_600826.png,mli_damage,minor,600826,train
mli_damage/mli_damage_600827.png,mli_damage,minor,600827,test
mli_damage/mli_damage_600828.png,mli_damage,moderate,600828,train
mli_damage/mli_damage_600829.png,mli_damage,severe,600829,train
mli_damage/mli_damage_600830.png,mli_damage,severe,600830,train
mli_damage/mli_damage_600831.png,mli_damage,severe,600831,train
mli_damage/mli_damage_600832.png,mli_damage,severe,600832,train
mli_damage/mli_damage_600833.png,mli_damage,severe,600833,train
mli_damage/mli_damage_600834.png,mli_damage,severe,600834,val
mli_damage/mli_damage_600835.png,mli_damage,minor,600835,train
mli_damage/mli_damage_600836.png,mli_damage,moderate,600836,train
mli_damage/mli_damage_600837.png,mli_damage,severe,600837,train
mli_damage/mli_damage_600838.png,mli_damage,moderate,600838,val
mli_damage/mli_damage_600839.png,mli_damage,moderate,600839,train
mli_damage/mli_damage_600840.png,mli_damage,minor,600840,train
mli_damage/mli_damage_600841.png,mli_damage,minor,600841,val
mli_damage/mli_damage_600842.png,mli_damage,minor,600842,val
mli_damage/mli_damage_600843.png,mli_damage,moderate,600843,train
mli_damage/mli_damage_600844.png,mli_damage,severe,600844,train
mli_damage/mli_damage_600845.png,mli_damage,minor,600845,val
mli_damage/mli_damage_600846.png,mli_damage,severe,600846,train
mli_damage/mli_damage_600847.png,mli_damage,minor,600847,train
mli_damage/mli_damage_600848.png,mli_damage,minor,600848,train
mli_damage/mli_damage_600849.png,mli_damage,severe,600849,train
mli_damage/mli_damage_600850.png,mli_damage,severe,600850,train
mli_damage/mli_damage_600851.png,mli_damage,severe,600851,train
mli_damage/mli_damage_600852.png,mli_damage,severe,600852,train
mli_damage/mli_damage_600853.png,mli_damage,severe,600853,val
mli_damage/mli_damage_600854.png,mli_damage,minor,600854,train
mli_damage/mli_damage_600855.png,mli_damage,minor,600855,train
mli_damage/mli_damage_600856.png,mli_damage,minor,600856,train
mli_damage/mli_damage_600857.png,mli_damage,minor,600857,test
mli_damage/mli_damage_600858.png,mli_damage,severe,600858,train
mli_damage/mli_damage_600859.png,mli_damage,moderate,600859,train
mli_damage/mli_damage_600860.png,mli_damage,severe,600860,train
mli_damage/mli_damage_600861.png,mli_damage,minor,600861,train
mli_damage/mli_damage_600862.png,mli_damage,moderate,600862,train
mli_damage/mli_damage_600863.png,mli_damage,severe,600863,test
mli_damage/mli_damage_600864.png,mli_damage,severe,600864,train
mli_damage/mli_damage_600865.png,mli_damage,minor,600865,train
mli_damage/mli_damage_600866.png,mli_damage,severe,600866,train
mli_damage/mli_damage_600867.png,mli_damage,minor,600867,train
mli_damage/mli_damage_600868.png,mli_damage,severe,600868,train
mli_damage/mli_damage_600869.png,mli_damage,severe,600869,test
mli_damage/mli_damage_600870.png,mli_damage,moderate,600870,test
mli_damage/mli_damage_600871.png,mli_damage,moderate,600871,train
mli_damage/mli_damage_600872.png,mli_damage,severe,600872,val
mli_damage/mli_damage_600873.png,mli_damage,minor,600873,train
mli_damage/mli_damage_600874.png,mli_damage,moderate,600874,train
mli_damage/mli_damage_600875.png,mli_damage,severe,600875,train
mli_damage/mli_damage_600876.png,mli_damage,moderate,600876,train
mli_damage/mli_damage_600877.png,mli_damage,minor,600877,train
mli_damage/mli_damage_600878.png,mli_damage,minor,600878,train
mli_damage/mli_damage_600879.png,mli_damage,severe,600879,val
mli_damage/mli_damage_600880.png,mli_damage,minor,600880,train
mli_damage/mli_damage_600881.png,mli_damage,minor,600881,train
mli_damage/mli_damage_600882.png,mli_damage,severe,600882,train
mli_damage/mli_damage_600883.png,mli_damage,minor,600883,train
mli_damage/mli_damage_600884.png,mli_damage,moderate,600884,train
mli_damage/mli_damage_600885.png,mli_damage,moderate,600885,val
mli_damage/mli_damage_600886.png,mli_damage,severe,600886,val
mli_damage/mli_damage_600887.png,mli_damage,severe,600887,val
mli_damage/mli_damage_600888.png,mli_damage,moderate,600888,val
mli_damage/mli_damage_600889.png,mli_damage,severe,600889,train
mli_damage/mli_damage_600890.png,mli_damage,minor,600890,train
mli_damage/mli_damage_600891.png,mli_damage,minor,600891,train
mli_damage/mli_damage_600892.png,mli_damage,moderate,600892,train
mli_damage/mli_damage_600893.png,mli_damage,minor,600893,train
mli_damage/mli_damage_600894.png,mli_damage,severe,600894,train
mli_damage/mli_damage_600895.png,mli_damage,moderate,600895,val
mli_damage/mli_damage_600896.png,mli_damage,severe,600896,train
mli_damage/mli_damage_600897.png,mli_damage,moderate,600897,train
mli_damage/mli_damage_600898.png,mli_damage,minor,600898,val
mli_damage/mli_damage_600899.png,mli_damage,severe,600899,train
mli_damage/mli_damage_600900.png,mli_damage,minor,600900,train
mli_damage/mli_damage_600901.png,mli_damage,minor,600901,train
mli_damage/mli_damage_600902.png,mli_damage,severe,600902,train
mli_damage/mli_damage_600903.png,mli_damage,moderate,600903,train
mli_damage/mli_damage_600904.png,mli_damage,moderate,600904,val
mli_damage/mli_damage_600905.png,mli_damage,severe,600905,val
mli_damage/mli_damage_600906.png,mli_damage,moderate,600906,train
mli_damage/mli_damage_600907.png,mli_damage,moderate,600907,train
mli_damage/mli_damage_600908.png,mli_damage,minor,600908,train
mli_damage/mli_damage_600909.png,mli_damage,minor,600909,train
mli_damage/mli_damage_600910.png,mli_damage,minor,600910,train
mli_damage/mli_damage_600911.png,mli_damage,severe,600911,val
mli_damage/mli_damage_600912.png,mli_damage,severe,600912,train
mli_damage/mli_damage_600913.png,mli_damage,severe,600913,train
mli_damage/mli_damage_600914.png,mli_damage,moderate,600914,train
mli_damage/mli_damage_600915.png,mli_damage,minor,600915,train
mli_damage/mli_damage_600916.png,mli_damage,minor,600916,val
mli_damage/mli_damage_600917.png,mli_damage,minor,600917,val
mli_damage/mli_damage_600918.png,mli_damage,moderate,600918,train
mli_damage/mli_damage_600919.png,mli_damage,minor,600919,val
mli_damage/mli_damage_600920.png,mli_damage,moderate,600920,train
mli_damage/mli_damage_600921.png,mli_damage,minor,600921,train
mli_damage/mli_damage_600922.png,mli_damage,severe,600922,train
mli_damage/mli_damage_600923.png,mli_damage,severe,600923,val
mli_damage/mli_damage_600924.png,mli_damage,minor,600924,train
mli_damage/mli_damage_600925.png,mli_damage,minor,600925,train
mli_damage/mli_damage_600926.png,mli_damage,severe,600926,train
mli_damage/mli_damage_600927.png,mli_damage,moderate,600927,train
mli_damage/mli_damage_600928.png,mli_damage,moderate,600928,train
mli_damage/mli_damage_600929.png,mli_damage,severe,600929,train
mli_damage/mli_damage_600930.png,mli_damage,moderate,600930,train
mli_damage/mli_damage_600931.png,mli_damage,severe,600931,train
mli_damage/mli_damage_600932.png,mli_damage,severe,600932,train
mli_damage/mli_damage_600933.png,mli_damage,severe,600933,train
mli_damage/mli_damage_600934.png,mli_damage,moderate,600934,train
mli_damage/mli_damage_600935.png,mli_damage,minor,600935,train
mli_damage/mli_damage_600936.png,mli_damage,moderate,600936,train
mli_damage/mli_damage_600937.png,mli_damage,minor,600937,train
mli_damage/mli_damage_600938.png,mli_damage,minor,600938,train
mli_damage/mli_damage_600939.png,mli_damage,minor,600939,val
mli_damage/mli_damage_600940.png,mli_damage,moderate,600940,test
mli_damage/mli_damage_600941.png,mli_damage,moderate,600941,test
mli_damage/mli_damage_600942.png,mli_damage,moderate,600942,train
mli_damage/mli_damage_600943.png,mli_damage,moderate,600943,train
mli_damage/mli_damage_600944.png,mli_damage,severe,600944,val
mli_damage/mli_damage_600945.png,mli_damage,moderate,600945,val
mli_damage/mli_damage_600946.png,mli_damage,minor,600946,train
mli_damage/mli_damage_600947.png,mli_damage,moderate,600947,train
mli_damage/mli_damage_600948.png,mli_damage,severe,600948,train
mli_damage/mli_damage_600949.png,mli_damage,moderate,600949,val
mli_damage/mli_damage_600950.png,mli_damage,severe,600950,train
mli_damage/mli_damage_600951.png,mli_damage,moderate,600951,train
mli_damage/mli_damage_600952.png,mli_damage,severe,600952,train
mli_damage/mli_damage_600953.png,mli_damage,minor,600953,train
mli_damage/mli_damage_600954.png,mli_damage,severe,600954,train
mli_damage/mli_damage_600955.png,mli_damage,minor,600955,val
mli_damage/mli_damage_600956.png,mli_damage,severe,600956,train
mli_damage/mli_damage_600957.png,mli_damage,moderate,600957,train
mli_damage/mli_damage_600958.png,mli_damage,minor,600958,train
mli_damage/mli_damage_600959.png,mli_damage,severe,600959,train
mli_damage/mli_damage_600960.png,mli_damage,moderate,600960,val
mli_damage/mli_damage_600961.png,mli_damage,moderate,600961,train
mli_damage/mli_damage_600962.png,mli_damage,severe,600962,test
mli_damage/mli_damage_600963.png,mli_damage,moderate,600963,train
mli_damage/mli_damage_600964.png,mli_damage,minor,600964,train
mli_damage/mli_damage_600965.png,mli_damage,severe,600965,val
mli_damage/mli_damage_600966.png,mli_damage,minor,600966,train
mli_damage/mli_damage_600967.png,mli_damage,minor,600967,train
mli_damage/mli_damage_600968.png,mli_damage,severe,600968,train
mli_damage/mli_damage_600969.png,mli_damage,minor,600969,test
mli_damage/mli_damage_600970.png,mli_damage,minor,600970,train
mli_damage/mli_damage_600971.png,mli_damage,moderate,600971,train
mli_damage/mli_damage_600972.png,mli_damage,moderate,600972,train
mli_damage/mli_damage_600973.png,mli_damage,moderate,600973,train
mli_damage/mli_damage_600974.png,mli_damage,severe,600974,train
mli_damage/mli_damage_600975.png,mli_damage,severe,600975,train
mli_damage/mli_damage_600976.png,mli_damage,minor,600976,train
mli_damage/mli_damage_600977.png,mli_damage,moderate,600977,val
mli_damage/mli_damage_600978.png,mli_damage,minor,600978,train
mli_damage/mli_damage_600979.png,mli_damage,moderate,600979,train
mli_damage/mli_damage_600980.png,mli_damage,minor,600980,val
mli_damage/mli_damage_600981.png,mli_damage,moderate,600981,train
mli_damage/mli_damage_600982.png,mli_damage,moderate,600982,val
mli_damage/mli_damage_600983.png,mli_damage,severe,600983,test
mli_damage/mli_damage_600984.png,mli_damage,moderate,600984,test
mli_damage/mli_damage_600985.png,mli_damage,minor,600985,test
mli_damage/mli_damage_600986.png,mli_damage,severe,600986,val
mli_damage/mli_damage_600987.png,mli_damage,minor,600987,train
mli_damage/mli_damage_600988.png,mli_damage,severe,600988,train
mli_damage/mli_damage_600989.png,mli_damage,moderate,600989,train
mli_damage/mli_damage_600990.png,mli_damage,minor,600990,train
mli_damage/mli_damage_600991.png,mli_damage,severe,600991,val
mli_damage/mli_damage_600992.png,mli_damage,minor,600992,train
mli_damage/mli_damage_600993.png,mli_damage,moderate,600993,train
mli_damage/mli_damage_600994.png,mli_damage,minor,600994,train
mli_damage/mli_damage_600995.png,mli_damage,minor,600995,train
mli_damage/mli_damage_600996.png,mli_damage,moderate,600996,test
mli_damage/mli_damage_600997.png,mli_damage,moderate,600997,train
mli_damage/mli_damage_600998.png,mli_damage,moderate,600998,train
mli_damage/mli_damage_600999.png,mli_damage,moderate,600999,train
solar_damage/solar_damage_700000.png,solar_damage,severe,700000,val
solar_damage/solar_damage_700001.png,solar_damage,severe,700001,train
solar_damage/solar_damage_700002.png,solar_damage,severe,700002,train
solar_damage/solar_damage_700003.png,solar_damage,severe,700003,train
solar_damage/solar_damage_700004.png,solar_damage,severe,700004,train
solar_damage/solar_damage_700005.png,solar_damage,minor,700005,train
solar_damage/solar_damage_700006.png,solar_damage,severe,700006,train
solar_damage/solar_damage_700007.png,solar_damage,severe,700007,train
solar_damage/solar_damage_700008.png,solar_damage,minor,700008,train
solar_damage/solar_damage_700009.png,solar_damage,moderate,700009,test
solar_damage/solar_damage_700010.png,solar_damage,minor,700010,train
solar_damage/solar_damage_700011.png,solar_damage,minor,700011,train
solar_damage/solar_damage_700012.png,solar_damage,minor,700012,train
solar_damage/solar_damage_700013.png,solar_damage,minor,700013,val
solar_damage/solar_damage_700014.png,solar_damage,minor,700014,val
solar_damage/solar_damage_700015.png,solar_damage,severe,700015,train
solar_damage/solar_damage_700016.png,solar_damage,moderate,700016,test
solar_damage/solar_damage_700017.png,solar_damage,moderate,700017,val
solar_damage/solar_damage_700018.png,solar_damage,moderate,700018,train
solar_damage/solar_damage_700019.png,solar_damage,minor,700019,train
solar_damage/solar_damage_700020.png,solar_damage,moderate,700020,train
solar_damage/solar_damage_700021.png,solar_damage,severe,700021,val
solar_damage/solar_damage_700022.png,solar_damage,moderate,700022,train
solar_damage/solar_damage_700023.png,solar_damage,moderate,700023,val
solar_damage/solar_damage_700024.png,solar_damage,moderate,700024,val
solar_damage/solar_damage_700025.png,solar_damage,severe,700025,val
solar_damage/solar_damage_700026.png,solar_damage,severe,700026,train
solar_damage/solar_damage_700027.png,solar_damage,minor,700027,train
solar_damage/solar_damage_700028.png,solar_damage,minor,700028,val
solar_damage/solar_damage_700029.png,solar_damage,minor,700029,train
solar_damage/solar_damage_700030.png,solar_damage,moderate,700030,val
solar_damage/solar_damage_700031.png,solar_damage,severe,700031,train
solar_damage/solar_damage_700032.png,solar_damage,severe,700032,val
solar_damage/solar_damage_700033.png,solar_damage,moderate,700033,train
solar_damage/solar_damage_700034.png,solar_damage,severe,700034,train
solar_damage/solar_damage_700035.png,solar_damage,moderate,700035,val
solar_damage/solar_damage_700036.png,solar_damage,minor,700036,train
solar_damage/solar_damage_700037.png,solar_damage,severe,700037,train
solar_damage/solar_damage_700038.png,solar_damage,minor,700038,train
solar_damage/solar_damage_700039.png,solar_damage,minor,700039,train
solar_damage/solar_damage_700040.png,solar_damage,minor,700040,train
solar_damage/solar_damage_700041.png,solar_damage,minor,700041,train
solar_damage/solar_damage_700042.png,solar_damage,minor,700042,train
solar_damage/solar_damage_700043.png,solar_damage,severe,700043,train
solar_damage/solar_damage_700044.png,solar_damage,minor,700044,val
solar_damage/solar_damage_700045.png,solar_damage,severe,700045,val
solar_damage/solar_damage_700046.png,solar_damage,moderate,700046,val
solar_damage/solar_damage_700047.png,solar_damage,severe,700047,train
solar_damage/solar_damage_700048.png,solar_damage,minor,700048,val
solar_damage/solar_damage_700049.png,solar_damage,minor,700049,train
solar_damage/solar_damage_700050.png,solar_damage,minor,700050,train
solar_damage/solar_damage_700051.png,solar_damage,moderate,700051,train
solar_damage/solar_damage_700052.png,solar_damage,moderate,700052,train
solar_damage/solar_damage_700053.png,solar_damage,moderate,700053,train
solar_damage/solar_damage_700054.png,solar_damage,severe,700054,train
solar_damage/solar_damage_700055.png,solar_damage,moderate,700055,train
solar_damage/solar_damage_700056.png,solar_damage,severe,700056,train
solar_damage/solar_damage_700057.png,solar_damage,minor,700057,train
solar_damage/solar_damage_700058.png,solar_damage,minor,700058,test
solar_damage/solar_damage_700059.png,solar_damage,minor,700059,train
solar_damage/solar_damage_700060.png,solar_damage,minor,700060,train
solar_damage/solar_damage_700061.png,solar_damage,severe,700061,train
solar_damage/solar_damage_700062.png,solar_damage,moderate,700062,train
solar_damage/solar_damage_700063.png,solar_damage,moderate,700063,train
solar_damage/solar_damage_700064.png,solar_damage,moderate,700064,train
solar_damage/solar_damage_700065.png,solar_damage,minor,700065,val
solar_damage/solar_damage_700066.png,solar_damage,severe,700066,train
solar_damage/solar_damage_700067.png,solar_damage,moderate,700067,train
solar_damage/solar_damage_700068.png,solar_damage,severe,700068,train
solar_damage/solar_damage_700069.png,solar_damage,moderate,700069,train
solar_damage/solar_damage_700070.png,solar_damage,moderate,700070,train
solar_damage/solar_damage_700071.png,solar_damage,minor,700071,train
solar_damage/solar_damage_700072.png,solar_damage,severe,700072,train
solar_damage/solar_damage_700073.png,solar_damage,severe,700073,train
solar_damage/solar_damage_700074.png,solar_damage,minor,700074,train
solar_damage/solar_damage_700075.png,solar_damage,moderate,700075,val
solar_damage/solar_damage_700076.png,solar_damage,moderate,700076,train
solar_damage/solar_damage_700077.png,solar_damage,moderate,700077,train
solar_damage/solar_damage_700078.png,solar_damage,moderate,700078,train
solar_damage/solar_damage_700079.png,solar_damage,severe,700079,train
solar_damage/solar_damage_700080.png,solar_damage,minor,700080,train
solar_damage/solar_damage_700081.png,solar_damage,minor,700081,train
solar_damage/solar_damage_700082.png,solar_damage,severe,700082,train
solar_damage/solar_damage_700083.png,solar_damage,moderate,700083,train
solar_damage/solar_damage_700084.png,solar_damage,severe,700084,val
solar_damage/solar_damage_700085.png,solar_damage,moderate,700085,train
solar_damage/solar_damage_700086.png,solar_damage,moderate,700086,train
solar_damage/solar_damage_700087.png,solar_damage,moderate,700087,train
solar_damage/solar_damage_700088.png,solar_damage,minor,700088,train
solar_damage/solar_damage_700089.png,solar_damage,severe,700089,val
solar_damage/solar_damage_700090.png,solar_damage,severe,700090,train
solar_damage/solar_damage_700091.png,solar_damage,severe,700091,train
solar_damage/solar_damage_700092.png,solar_damage,severe,700092,val
solar_damage/solar_damage_700093.png,solar_damage,severe,700093,train
solar_damage/solar_damage_700094.png,solar_damage,moderate,700094,train
solar_damage/solar_damage_700095.png,solar_damage,moderate,700095,train
solar_damage/solar_damage_700096.png,solar_damage,moderate,700096,train
solar_damage/solar_damage_700097.png,solar_damage,severe,700097,train
solar_damage/solar_damage_700098.png,solar_damage,moderate,700098,val
solar_damage/solar_damage_700099.png,solar_damage,minor,700099,train
solar_damage/solar_damage_700100.png,solar_damage,moderate,700100,train
solar_damage/solar_damage_700101.png,solar_damage,minor,700101,train
solar_damage/solar_damage_700102.png,solar_damage,severe,700102,train
solar_damage/solar_damage_700103.png,solar_damage,severe,700103,val
solar_damage/solar_damage_700104.png,solar_damage,minor,700104,train
solar_damage/solar_damage_700105.png,solar_damage,moderate,700105,val
solar_damage/solar_damage_700106.png,solar_damage,moderate,700106,train
solar_damage/solar_damage_700107.png,solar_damage,moderate,700107,train
solar_damage/solar_damage_700108.png,solar_damage,moderate,700108,train
solar_damage/solar_damage_700109.png,solar_damage,severe,700109,train
solar_damage/solar_damage_700110.png,solar_damage,severe,700110,train
solar_damage/solar_damage_700111.png,solar_damage,severe,700111,train
solar_damage/solar_damage_700112.png,solar_damage,moderate,700112,train
solar_damage/solar_damage_700113.png,solar_damage,moderate,700113,val
solar_damage/solar_damage_700114.png,solar_damage,severe,700114,val
solar_damage/solar_damage_700115.png,solar_damage,minor,700115,train
solar_damage/solar_damage_700116.png,solar_damage,moderate,700116,test
solar_damage/solar_damage_700117.png,solar_damage,minor,700117,train
solar_damage/solar_damage_700118.png,solar_damage,minor,700118,train
solar_damage/solar_damage_700119.png,solar_damage,severe,700119,val
solar_damage/solar_damage_700120.png,solar_damage,minor,700120,train
solar_damage/solar_damage_700121.png,solar_damage,moderate,700121,train
solar_damage/solar_damage_700122.png,solar_damage,minor,700122,val
solar_damage/solar_damage_700123.png,solar_damage,severe,700123,train
solar_damage/solar_damage_700124.png,solar_damage,severe,700124,train
solar_damage/solar_damage_700125.png,solar_damage,severe,700125,train
solar_damage/solar_damage_700126.png,solar_damage,minor,700126,train
solar_damage/solar_damage_700127.png,solar_damage,moderate,700127,train
solar_damage/solar_damage_700128.png,solar_damage,minor,700128,val
solar_damage/solar_damage_700129.png,solar_damage,moderate,700129,test
solar_damage/solar_damage_700130.png,solar_damage,minor,700130,train
solar_damage/solar_damage_700131.png,solar_damage,minor,700131,train
solar_damage/solar_damage_700132.png,solar_damage,moderate,700132,test
solar_damage/solar_damage_700133.png,solar_damage,severe,700133,val
solar_damage/solar_damage_700134.png,solar_damage,moderate,700134,train
solar_damage/solar_damage_700135.png,solar_damage,minor,700135,val
solar_damage/solar_damage_700136.png,solar_damage,severe,700136,train
solar_damage/solar_damage_700137.png,solar_damage,moderate,700137,train
solar_damage/solar_damage_700138.png,solar_damage,minor,700138,train
solar_damage/solar_damage_700139.png,solar_damage,minor,700139,train
solar_damage/solar_damage_700140.png,solar_damage,severe,700140,train
solar_damage/solar_damage_700141.png,solar_damage,severe,700141,val
solar_damage/solar_damage_700142.png,solar_damage,minor,700142,train
solar_damage/solar_damage_700143.png,solar_damage,severe,700143,train
solar_damage/solar_damage_700144.png,solar_damage,severe,700144,val
solar_damage/solar_damage_700145.png,solar_damage,severe,700145,val
solar_damage/solar_damage_700146.png,solar_damage,severe,700146,train
solar_damage/solar_damage_700147.png,solar_damage,moderate,700147,test
solar_damage/solar_damage_700148.png,solar_damage,severe,700148,train
solar_damage/solar_damage_700149.png,solar_damage,severe,700149,val
solar_damage/solar_damage_700150.png,solar_damage,minor,700150,train
solar_damage/solar_damage_700151.png,solar_damage,severe,700151,train
solar_damage/solar_damage_700152.png,solar_damage,moderate,700152,train
solar_damage/solar_damage_700153.png,solar_damage,moderate,700153,train
solar_damage/solar_damage_700154.png,solar_damage,moderate,700154,train
solar_damage/solar_damage_700155.png,solar_damage,moderate,700155,train
solar_damage/solar_damage_700156.png,solar_damage,moderate,700156,train
solar_damage/solar_damage_700157.png,solar_damage,minor,700157,train
solar_damage/solar_damage_700158.png,solar_damage,severe,700158,train
solar_damage/solar_damage_700159.png,solar_damage,minor,700159,train
solar_damage/solar_damage_700160.png,solar_damage,minor,700160,train
solar_damage/solar_damage_700161.png,solar_damage,minor,700161,train
solar_damage/solar_damage_700162.png,solar_damage,minor,700162,train
solar_damage/solar_damage_700163.png,solar_damage,moderate,700163,train
solar_damage/solar_damage_700164.png,solar_damage,severe,700164,train
solar_damage/solar_damage_700165.png,solar_damage,severe,700165,train
solar_damage/solar_damage_700166.png,solar_damage,minor,700166,train
solar_damage/solar_damage_700167.png,solar_damage,severe,700167,train
solar_damage/solar_damage_700168.png,solar_damage,minor,700168,val
solar_damage/solar_damage_700169.png,solar_damage,moderate,700169,train
solar_damage/solar_damage_700170.png,solar_damage,minor,700170,train
solar_damage/solar_damage_700171.png,solar_damage,minor,700171,train
solar_damage/solar_damage_700172.png,solar_damage,severe,700172,train
solar_damage/solar_damage_700173.png,solar_damage,severe,700173,train
solar_damage/solar_damage_700174.png,solar_damage,severe,700174,val
solar_damage/solar_damage_700175.png,solar_damage,minor,700175,val
solar_damage/solar_damage_700176.png,solar_damage,minor,700176,train
solar_damage/solar_damage_700177.png,solar_damage,severe,700177,train
solar_damage/solar_damage_700178.png,solar_damage,moderate,700178,train
solar_damage/solar_damage_700179.png,solar_damage,minor,700179,val
solar_damage/solar_damage_700180.png,solar_damage,moderate,700180,train
solar_damage/solar_damage_700181.png,solar_damage,severe,700181,train
solar_damage/solar_damage_700182.png,solar_damage,moderate,700182,test
solar_damage/solar_damage_700183.png,solar_damage,minor,700183,val
solar_damage/solar_damage_700184.png,solar_damage,severe,700184,train
solar_damage/solar_damage_700185.png,solar_damage,moderate,700185,train
solar_damage/solar_damage_700186.png,solar_damage,moderate,700186,train
solar_damage/solar_damage_700187.png,solar_damage,severe,700187,train
solar_damage/solar_damage_700188.png,solar_damage,moderate,700188,train
solar_damage/solar_damage_700189.png,solar_damage,moderate,700189,train
solar_damage/solar_damage_700190.png,solar_damage,severe,700190,train
solar_damage/solar_damage_700191.png,solar_damage,moderate,700191,train
solar_damage/solar_damage_700192.png,solar_damage,moderate,700192,train
solar_damage/solar_damage_700193.png,solar_damage,minor,700193,train
solar_damage/solar_damage_700194.png,solar_damage,minor,700194,test
solar_damage/solar_damage_700195.png,solar_damage,moderate,700195,train
solar_damage/solar_damage_700196.png,solar_damage,minor,700196,train
solar_damage/solar_damage_700197.png,solar_damage,severe,700197,train
solar_damage/solar_damage_700198.png,solar_damage,moderate,700198,val
solar_damage/solar_damage_700199.png,solar_damage,minor,700199,train
solar_damage/solar_damage_700200.png,solar_damage,severe,700200,train
solar_damage/solar_damage_700201.png,solar_damage,severe,700201,train
solar_damage/solar_damage_700202.png,solar_damage,minor,700202,val
solar_damage/solar_damage_700203.png,solar_damage,minor,700203,val
solar_damage/solar_damage_700204.png,solar_damage,moderate,700204,train
solar_damage/solar_damage_700205.png,solar_damage,minor,700205,train
solar_damage/solar_damage_700206.png,solar_damage,minor,700206,train
solar_damage/solar_damage_700207.png,solar_damage,severe,700207,test
solar_damage/solar_damage_700208.png,solar_damage,severe,700208,train
solar_damage/solar_damage_700209.png,solar_damage,minor,700209,train
solar_damage/solar_damage_700210.png,solar_damage,severe,700210,train
solar_damage/solar_damage_700211.png,solar_damage,moderate,700211,train
solar_damage/solar_damage_700212.png,solar_damage,moderate,700212,train
solar_damage/solar_damage_700213.png,solar_damage,minor,700213,train
solar_damage/solar_damage_700214.png,solar_damage,severe,700214,train
solar_damage/solar_damage_700215.png,solar_damage,minor,700215,train
solar_damage/solar_damage_700216.png,solar_damage,severe,700216,train
solar_damage/solar_damage_700217.png,solar_damage,moderate,700217,val
solar_damage/solar_damage_700218.png,solar_damage,minor,700218,train
solar_damage/solar_damage_700219.png,solar_damage,moderate,700219,train
solar_damage/solar_damage_700220.png,solar_damage,moderate,700220,val
solar_damage/solar_damage_700221.png,solar_damage,moderate,700221,train
solar_damage/solar_damage_700222.png,solar_damage,moderate,700222,val
solar_damage/solar_damage_700223.png,solar_damage,minor,700223,train
solar_damage/solar_damage_700224.png,solar_damage,minor,700224,train
solar_damage/solar_damage_700225.png,solar_damage,minor,700225,val
solar_damage/solar_damage_700226.png,solar_damage,severe,700226,val
solar_damage/solar_damage_700227.png,solar_damage,severe,700227,train
solar_damage/solar_damage_700228.png,solar_damage,minor,700228,val
solar_damage/solar_damage_700229.png,solar_damage,moderate,700229,test
solar_damage/solar_damage_700230.png,solar_damage,minor,700230,train
solar_damage/solar_damage_700231.png,solar_damage,moderate,700231,train
solar_damage/solar_damage_700232.png,solar_damage,moderate,700232,train
solar_damage/solar_damage_700233.png,solar_damage,severe,700233,train
solar_damage/solar_damage_700234.png,solar_damage,severe,700234,test
solar_damage/solar_damage_700235.png,solar_damage,minor,700235,train
solar_damage/solar_damage_700236.png,solar_damage,moderate,700236,train
solar_damage/solar_damage_700237.png,solar_damage,minor,700237,train
solar_damage/solar_damage_700238.png,solar_damage,severe,700238,test
solar_damage/solar_damage_700239.png,solar_damage,moderate,700239,train
solar_damage/solar_damage_700240.png,solar_damage,severe,700240,train
solar_damage/solar_damage_700241.png,solar_damage,severe,700241,train
solar_damage/solar_damage_700242.png,solar_damage,severe,700242,train
solar_damage/solar_damage_700243.png,solar_damage,severe,700243,test
solar_damage/solar_damage_700244.png,solar_damage,severe,700244,val
solar_damage/solar_damage_700245.png,solar_damage,minor,700245,train
solar_damage/solar_damage_700246.png,solar_damage,severe,700246,train
solar_damage/solar_damage_700247.png,solar_damage,severe,700247,train
solar_damage/solar_damage_700248.png,solar_damage,minor,700248,test
solar_damage/solar_damage_700249.png,solar_damage,moderate,700249,train
solar_damage/solar_damage_700250.png,solar_damage,minor,700250,train
solar_damage/solar_damage_700251.png,solar_damage,minor,700251,train
solar_damage/solar_damage_700252.png,solar_damage,minor,700252,val
solar_damage/solar_damage_700253.png,solar_damage,minor,700253,test
solar_damage/solar_damage_700254.png,solar_damage,minor,700254,val
solar_damage/solar_damage_700255.png,solar_damage,severe,700255,train
solar_damage/solar_damage_700256.png,solar_damage,moderate,700256,train
solar_damage/solar_damage_700257.png,solar_damage,moderate,700257,train
solar_damage/solar_damage_700258.png,solar_damage,moderate,700258,train
solar_damage/solar_damage_700259.png,solar_damage,minor,700259,train
solar_damage/solar_damage_700260.png,solar_damage,moderate,700260,train
solar_damage/solar_damage_700261.png,solar_damage,severe,700261,train
solar_damage/solar_damage_700262.png,solar_damage,moderate,700262,test
solar_damage/solar_damage_700263.png,solar_damage,moderate,700263,train
solar_damage/solar_damage_700264.png,solar_damage,moderate,700264,train
solar_damage/solar_damage_700265.png,solar_damage,severe,700265,test
solar_damage/solar_damage_700266.png,solar_damage,severe,700266,train
solar_damage/solar_damage_700267.png,solar_damage,minor,700267,val
solar_damage/solar_damage_700268.png,solar_damage,minor,700268,train
solar_damage/solar_damage_700269.png,solar_damage,minor,700269,train
solar_damage/solar_damage_700270.png,solar_damage,moderate,700270,train
solar_damage/solar_damage_700271.png,solar_damage,severe,700271,test
solar_damage/solar_damage_700272.png,solar_damage,severe,700272,train
solar_damage/solar_damage_700273.png,solar_damage,moderate,700273,train
solar_damage/solar_damage_700274.png,solar_damage,severe,700274,train
solar_damage/solar_damage_700275.png,solar_damage,moderate,700275,train
solar_damage/solar_damage_700276.png,solar_damage,minor,700276,train
solar_damage/solar_damage_700277.png,solar_damage,severe,700277,train
solar_damage/solar_damage_700278.png,solar_damage,minor,700278,train
solar_damage/solar_damage_700279.png,solar_damage,minor,700279,train
solar_damage/solar_damage_700280.png,solar_damage,minor,700280,test
solar_damage/solar_damage_700281.png,solar_damage,minor,700281,train
solar_damage/solar_damage_700282.png,solar_damage,minor,700282,train
solar_damage/solar_damage_700283.png,solar_damage,severe,700283,val
solar_damage/solar_damage_700284.png,solar_damage,minor,700284,train
solar_damage/solar_damage_700285.png,solar_damage,severe,700285,val
solar_damage/solar_damage_700286.png,solar_damage,moderate,700286,train
solar_damage/solar_damage_700287.png,solar_damage,severe,700287,train
solar_damage/solar_damage_700288.png,solar_damage,minor,700288,test
solar_damage/solar_damage_700289.png,solar_damage,minor,700289,train
solar_damage/solar_damage_700290.png,solar_damage,minor,700290,val
solar_damage/solar_damage_700291.png,solar_damage,moderate,700291,val
solar_damage/solar_damage_700292.png,solar_damage,moderate,700292,train
solar_damage/solar_damage_700293.png,solar_damage,moderate,700293,val
solar_damage/solar_damage_700294.png,solar_damage,severe,700294,train
solar_damage/solar_damage_700295.png,solar_damage,moderate,700295,val
solar_damage/solar_damage_700296.png,solar_damage,severe,700296,val
solar_damage/solar_damage_700297.png,solar_damage,minor,700297,val
solar_damage/solar_damage_700298.png,solar_damage,minor,700298,train
solar_damage/solar_damage_700299.png,solar_damage,minor,700299,val
solar_damage/solar_damage_700300.png,solar_damage,minor,700300,train
solar_damage/solar_damage_700301.png,solar_damage,severe,700301,test
solar_damage/solar_damage_700302.png,solar_damage,moderate,700302,train
solar_damage/solar_damage_700303.png,solar_damage,moderate,700303,test
solar_damage/solar_damage_700304.png,solar_damage,moderate,700304,val
solar_damage/solar_damage_700305.png,solar_damage,minor,700305,train
solar_damage/solar_damage_700306.png,solar_damage,severe,700306,train
solar_damage/solar_damage_700307.png,solar_damage,moderate,700307,train
solar_damage/solar_damage_700308.png,solar_damage,severe,700308,train
solar_damage/solar_damage_700309.png,solar_damage,moderate,700309,val
solar_damage/solar_damage_700310.png,solar_damage,moderate,700310,val
solar_damage/solar_damage_700311.png,solar_damage,minor,700311,train
solar_damage/solar_damage_700312.png,solar_damage,severe,700312,val
solar_damage/solar_damage_700313.png,solar_damage,severe,700313,train
solar_damage/solar_damage_700314.png,solar_damage,minor,700314,train
solar_damage/solar_damage_700315.png,solar_damage,moderate,700315,train
solar_damage/solar_damage_700316.png,solar_damage,moderate,700316,train
solar_damage/solar_damage_700317.png,solar_damage,moderate,700317,test
solar_damage/solar_damage_700318.png,solar_damage,moderate,700318,train
solar_damage/solar_damage_700319.png,solar_damage,severe,700319,val
solar_damage/solar_damage_700320.png,solar_damage,minor,700320,train
solar_damage/solar_damage_700321.png,solar_damage,minor,700321,train
solar_damage/solar_damage_700322.png,solar_damage,severe,700322,val
solar_damage/solar_damage_700323.png,solar_damage,moderate,700323,train
solar_damage/solar_damage_700324.png,solar_damage,severe,700324,train
solar_damage/solar_damage_700325.png,solar_damage,moderate,700325,train
solar_damage/solar_damage_700326.png,solar_damage,moderate,700326,train
solar_damage/solar_damage_700327.png,solar_damage,moderate,700327,train
solar_damage/solar_damage_700328.png,solar_damage,minor,700328,train
solar_damage/solar_damage_700329.png,solar_damage,severe,700329,train
solar_damage/solar_damage_700330.png,solar_damage,severe,700330,val
solar_damage/solar_damage_700331.png,solar_damage,severe,700331,train
solar_damage/solar_damage_700332.png,solar_damage,severe,700332,train
solar_damage/solar_damage_700333.png,solar_damage,severe,700333,train
solar_damage/solar_damage_700334.png,solar_damage,moderate,700334,train
solar_damage/solar_damage_700335.png,solar_damage,moderate,700335,train
solar_damage/solar_damage_700336.png,solar_damage,moderate,700336,val
solar_damage/solar_damage_700337.png,solar_damage,severe,700337,train
solar_damage/solar_damage_700338.png,solar_damage,moderate,700338,val
solar_damage/solar_damage_700339.png,solar_damage,minor,700339,test
solar_damage/solar_damage_700340.png,solar_damage,moderate,700340,train
solar_damage/solar_damage_700341.png,solar_damage,minor,700341,val
solar_damage/solar_damage_700342.png,solar_damage,severe,700342,train
solar_damage/solar_damage_700343.png,solar_damage,severe,700343,train
solar_damage/solar_damage_700344.png,solar_damage,minor,700344,train
solar_damage/solar_damage_700345.png,solar_damage,moderate,700345,val
solar_damage/solar_damage_700346.png,solar_damage,moderate,700346,train
solar_damage/solar_damage_700347.png,solar_damage,moderate,700347,train
solar_damage/solar_damage_700348.png,solar_damage,moderate,700348,train
solar_damage/solar_damage_700349.png,solar_damage,severe,700349,train
solar_damage/solar_damage_700350.png,solar_damage,severe,700350,train
solar_damage/solar_damage_700351.png,solar_damage,severe,700351,train
solar_damage/solar_damage_700352.png,solar_damage,moderate,700352,train
solar_damage/solar_damage_700353.png,solar_damage,moderate,700353,train
solar_damage/solar_damage_700354.png,solar_damage,severe,700354,train
solar_damage/solar_damage_700355.png,solar_damage,minor,700355,train
solar_damage/solar_damage_700356.png,solar_damage,moderate,700356,train
solar_damage/solar_damage_700357.png,solar_damage,minor,700357,train
solar_damage/solar_damage_700358.png,solar_damage,minor,700358,test
solar_damage/solar_damage_700359.png,solar_damage,severe,700359,train
solar_damage/solar_damage_700360.png,solar_damage,minor,700360,train
solar_damage/solar_damage_700361.png,solar_damage,moderate,700361,val
solar_damage/solar_damage_700362.png,solar_damage,minor,700362,val
solar_damage/solar_damage_700363.png,solar_damage,severe,700363,val
solar_damage/solar_damage_700364.png,solar_damage,severe,700364,val
solar_damage/solar_damage_700365.png,solar_damage,severe,700365,val
solar_damage/solar_damage_700366.png,solar_damage,minor,700366,val
solar_damage/solar_damage_700367.png,solar_damage,moderate,700367,val
solar_damage/solar_damage_700368.png,solar_damage,minor,700368,train
solar_damage/solar_damage_700369.png,solar_damage,moderate,700369,val
solar_damage/solar_damage_700370.png,solar_damage,minor,700370,val
solar_damage/solar_damage_700371.png,solar_damage,minor,700371,train
solar_damage/solar_damage_700372.png,solar_damage,moderate,700372,train
solar_damage/solar_damage_700373.png,solar_damage,severe,700373,test
solar_damage/solar_damage_700374.png,solar_damage,moderate,700374,test
solar_damage/solar_damage_700375.png,solar_damage,minor,700375,train
solar_damage/solar_damage_700376.png,solar_damage,severe,700376,train
solar_damage/solar_damage_700377.png,solar_damage,moderate,700377,train
solar_damage/solar_damage_700378.png,solar_damage,minor,700378,train
solar_damage/solar_damage_700379.png,solar_damage,minor,700379,train
solar_damage/solar_damage_700380.png,solar_damage,severe,700380,train
solar_damage/solar_damage_700381.png,solar_damage,severe,700381,train
solar_damage/solar_damage_700382.png,solar_damage,minor,700382,val
solar_damage/solar_damage_700383.png,solar_damage,severe,700383,train
solar_damage/solar_damage_700384.png,solar_damage,severe,700384,train
solar_damage/solar_damage_700385.png,solar_damage,severe,700385,val
solar_damage/solar_damage_700386.png,solar_damage,severe,700386,test
solar_damage/solar_damage_700387.png,solar_damage,moderate,700387,train
solar_damage/solar_damage_700388.png,solar_damage,severe,700388,train
solar_damage/solar_damage_700389.png,solar_damage,severe,700389,train
solar_damage/solar_damage_700390.png,solar_damage,minor,700390,val
solar_damage/solar_damage_700391.png,solar_damage,severe,700391,train
solar_damage/solar_damage_700392.png,solar_damage,moderate,700392,train
solar_damage/solar_damage_700393.png,solar_damage,moderate,700393,val
solar_damage/solar_damage_700394.png,solar_damage,moderate,700394,train
solar_damage/solar_damage_700395.png,solar_damage,moderate,700395,train
solar_damage/solar_damage_700396.png,solar_damage,moderate,700396,train
solar_damage/solar_damage_700397.png,solar_damage,minor,700397,train
solar_damage/solar_damage_700398.png,solar_damage,severe,700398,train
solar_damage/solar_damage_700399.png,solar_damage,minor,700399,test
solar_damage/solar_damage_700400.png,solar_damage,minor,700400,val
solar_damage/solar_damage_700401.png,solar_damage,minor,700401,train
solar_damage/solar_damage_700402.png,solar_damage,minor,700402,train
solar_damage/solar_damage_700403.png,solar_damage,moderate,700403,train
solar_damage/solar_damage_700404.png,solar_damage,severe,700404,test
solar_damage/solar_damage_700405.png,solar_damage,severe,700405,val
solar_damage/solar_damage_700406.png,solar_damage,minor,700406,train
solar_damage/solar_damage_700407.png,solar_damage,severe,700407,train
solar_damage/solar_damage_700408.png,solar_damage,minor,700408,train
solar_damage/solar_damage_700409.png,solar_damage,moderate,700409,train
solar_damage/solar_damage_700410.png,solar_damage,minor,700410,train
solar_damage/solar_damage_700411.png,solar_damage,minor,700411,train
solar_damage/solar_damage_700412.png,solar_damage,severe,700412,val
solar_damage/solar_damage_700413.png,solar_damage,severe,700413,train
solar_damage/solar_damage_700414.png,solar_damage,severe,700414,train
solar_damage/solar_damage_700415.png,solar_damage,minor,700415,train
solar_damage/solar_damage_700416.png,solar_damage,minor,700416,test
solar_damage/solar_damage_700417.png,solar_damage,severe,700417,train
solar_damage/solar_damage_700418.png,solar_damage,moderate,700418,train
solar_damage/solar_damage_700419.png,solar_damage,minor,700419,train
solar_damage/solar_damage_700420.png,solar_damage,moderate,700420,train
solar_damage/solar_damage_700421.png,solar_damage,severe,700421,train
solar_damage/solar_damage_700422.png,solar_damage,moderate,700422,train
solar_damage/solar_damage_700423.png,solar_damage,minor,700423,test
solar_damage/solar_damage_700424.png,solar_damage,severe,700424,train
solar_damage/solar_damage_700425.png,solar_damage,moderate,700425,val
solar_damage/solar_damage_700426.png,solar_damage,moderate,700426,train
solar_damage/solar_damage_700427.png,solar_damage,severe,700427,val
solar_damage/solar_damage_700428.png,solar_damage,moderate,700428,val
solar_damage/solar_damage_700429.png,solar_damage,moderate,700429,val
solar_damage/solar_damage_700430.png,solar_damage,severe,700430,train
solar_damage/solar_damage_700431.png,solar_damage,moderate,700431,val
solar_damage/solar_damage_700432.png,solar_damage,moderate,700432,train
solar_damage/solar_damage_700433.png,solar_damage,minor,700433,train
solar_damage/solar_damage_700434.png,solar_damage,minor,700434,train
solar_damage/solar_damage_700435.png,solar_damage,moderate,700435,train
solar_damage/solar_damage_700436.png,solar_damage,minor,700436,train
solar_damage/solar_damage_700437.png,solar_damage,severe,700437,train
solar_damage/solar_damage_700438.png,solar_damage,moderate,700438,train
solar_damage/solar_damage_700439.png,solar_damage,minor,700439,test
solar_damage/solar_damage_700440.png,solar_damage,severe,700440,train
solar_damage/solar_damage_700441.png,solar_damage,severe,700441,train
solar_damage/solar_damage_700442.png,solar_damage,minor,700442,val
solar_damage/solar_damage_700443.png,solar_damage,minor,700443,val
solar_damage/solar_damage_700444.png,solar_damage,moderate,700444,val
solar_damage/solar_damage_700445.png,solar_damage,minor,700445,train
solar_damage/solar_damage_700446.png,solar_damage,minor,700446,train
solar_damage/solar_damage_700447.png,solar_damage,severe,700447,train
solar_damage/solar_damage_700448.png,solar_damage,severe,700448,train
solar_damage/solar_damage_700449.png,solar_damage,minor,700449,test
solar_damage/solar_damage_700450.png,solar_damage,severe,700450,train
solar_damage/solar_damage_700451.png,solar_damage,moderate,700451,train
solar_damage/solar_damage_700452.png,solar_damage,moderate,700452,val
solar_damage/solar_damage_700453.png,solar_damage,minor,700453,val
solar_damage/solar_damage_700454.png,solar_damage,severe,700454,train
solar_damage/solar_damage_700455.png,solar_damage,minor,700455,test
solar_damage/solar_damage_700456.png,solar_damage,severe,700456,train
solar_damage/solar_damage_700457.png,solar_damage,moderate,700457,train
solar_damage/solar_damage_700458.png,solar_damage,minor,700458,train
solar_damage/solar_damage_700459.png,solar_damage,moderate,700459,train
solar_damage/solar_damage_700460.png,solar_damage,moderate,700460,train
solar_damage/solar_damage_700461.png,solar_damage,moderate,700461,val
solar_damage/solar_damage_700462.png,solar_damage,moderate,700462,train
solar_damage/solar_damage_700463.png,solar_damage,minor,700463,train
solar_damage/solar_damage_700464.png,solar_damage,minor,700464,train
solar_damage/solar_damage_700465.png,solar_damage,minor,700465,train
solar_damage/solar_damage_700466.png,solar_damage,severe,700466,train
solar_damage/solar_damage_700467.png,solar_damage,severe,700467,train
solar_damage/solar_damage_700468.png,solar_damage,minor,700468,test
solar_damage/solar_damage_700469.png,solar_damage,moderate,700469,train
solar_damage/solar_damage_700470.png,solar_damage,minor,700470,train
solar_damage/solar_damage_700471.png,solar_damage,moderate,700471,train
solar_damage/solar_damage_700472.png,solar_damage,moderate,700472,train
solar_damage/solar_damage_700473.png,solar_damage,severe,700473,val
solar_damage/solar_damage_700474.png,solar_damage,severe,700474,train
solar_damage/solar_damage_700475.png,solar_damage,minor,700475,val
solar_damage/solar_damage_700476.png,solar_damage,moderate,700476,val
solar_damage/solar_damage_700477.png,solar_damage,minor,700477,val
solar_damage/solar_damage_700478.png,solar_damage,severe,700478,test
solar_damage/solar_damage_700479.png,solar_damage,moderate,700479,train
solar_damage/solar_damage_700480.png,solar_damage,severe,700480,train
solar_damage/solar_damage_700481.png,solar_damage,severe,700481,train
solar_damage/solar_damage_700482.png,solar_damage,severe,700482,train
solar_damage/solar_damage_700483.png,solar_damage,severe,700483,train
solar_damage/solar_damage_700484.png,solar_damage,severe,700484,test
solar_damage/solar_damage_700485.png,solar_damage,minor,700485,train
solar_damage/solar_damage_700486.png,solar_damage,severe,700486,train
solar_damage/solar_damage_700487.png,solar_damage,severe,700487,test
solar_damage/solar_damage_700488.png,solar_damage,minor,700488,train
solar_damage/solar_damage_700489.png,solar_damage,moderate,700489,train
solar_damage/solar_damage_700490.png,solar_damage,minor,700490,train
solar_damage/solar_damage_700491.png,solar_damage,minor,700491,train
solar_damage/solar_damage_700492.png,solar_damage,minor,700492,train
solar_damage/solar_damage_700493.png,solar_damage,minor,700493,val
solar_damage/solar_damage_700494.png,solar_damage,minor,700494,train
solar_damage/solar_damage_700495.png,solar_damage,severe,700495,train
solar_damage/solar_damage_700496.png,solar_damage,moderate,700496,train
solar_damage/solar_damage_700497.png,solar_damage,moderate,700497,train
solar_damage/solar_damage_700498.png,solar_damage,moderate,700498,train
solar_damage/solar_damage_700499.png,solar_damage,minor,700499,train
solar_damage/solar_damage_700500.png,solar_damage,moderate,700500,train
solar_damage/solar_damage_700501.png,solar_damage,severe,700501,val
solar_damage/solar_damage_700502.png,solar_damage,moderate,700502,train
solar_damage/solar_damage_700503.png,solar_damage,moderate,700503,val
solar_damage/solar_damage_700504.png,solar_damage,moderate,700504,train
solar_damage/solar_damage_700505.png,solar_damage,severe,700505,val
solar_damage/solar_damage_700506.png,solar_damage,severe,700506,train
solar_damage/solar_damage_700507.png,solar_damage,minor,700507,train
solar_damage/solar_damage_700508.png,solar_damage,minor,700508,test
solar_damage/solar_damage_700509.png,solar_damage,minor,700509,test
solar_damage/solar_damage_700510.png,solar_damage,moderate,700510,train
solar_damage/solar_damage_700511.png,solar_damage,severe,700511,train
solar_damage/solar_damage_700512.png,solar_damage,severe,700512,train
solar_damage/solar_damage_700513.png,solar_damage,moderate,700513,train
solar_damage/solar_damage_700514.png,solar_damage,severe,700514,train
solar_damage/solar_damage_700515.png,solar_damage,moderate,700515,train
solar_damage/solar_damage_700516.png,solar_damage,minor,700516,train
solar_damage/solar_damage_700517.png,solar_damage,severe,700517,train
solar_damage/solar_damage_700518.png,solar_damage,minor,700518,train
solar_damage/solar_damage_700519.png,solar_damage,minor,700519,test
solar_damage/solar_damage_700520.png,solar_damage,minor,700520,val
solar_damage/solar_damage_700521.png,solar_damage,minor,700521,train
solar_damage/solar_damage_700522.png,solar_damage,minor,700522,train
solar_damage/solar_damage_700523.png,solar_damage,severe,700523,train
solar_damage/solar_damage_700524.png,solar_damage,minor,700524,train
solar_damage/solar_damage_700525.png,solar_damage,severe,700525,val
solar_damage/solar_damage_700526.png,solar_damage,moderate,700526,val
solar_damage/solar_damage_700527.png,solar_damage,severe,700527,train
solar_damage/solar_damage_700528.png,solar_damage,minor,700528,train
solar_damage/solar_damage_700529.png,solar_damage,minor,700529,train
solar_damage/solar_damage_700530.png,solar_damage,minor,700530,train
solar_damage/solar_damage_700531.png,solar_damage,moderate,700531,train
solar_damage/solar_damage_700532.png,solar_damage,moderate,700532,test
solar_damage/solar_damage_700533.png,solar_damage,moderate,700533,train
solar_damage/solar_damage_700534.png,solar_damage,severe,700534,train
solar_damage/solar_damage_700535.png,solar_damage,moderate,700535,train
solar_damage/solar_damage_700536.png,solar_damage,severe,700536,test
solar_damage/solar_damage_700537.png,solar_damage,minor,700537,val
solar_damage/solar_damage_700538.png,solar_damage,minor,700538,train
solar_damage/solar_damage_700539.png,solar_damage,minor,700539,test
solar_damage/solar_damage_700540.png,solar_damage,minor,700540,val
solar_damage/solar_damage_700541.png,solar_damage,severe,700541,train
solar_damage/solar_damage_700542.png,solar_damage,moderate,700542,train
solar_damage/solar_damage_700543.png,solar_damage,moderate,700543,test
solar_damage/solar_damage_700544.png,solar_damage,moderate,700544,train
solar_damage/solar_damage_700545.png,solar_damage,minor,700545,train
solar_damage/solar_damage_700546.png,solar_damage,severe,700546,train
solar_damage/solar_damage_700547.png,solar_damage,moderate,700547,train
solar_damage/solar_damage_700548.png,solar_damage,severe,700548,train
solar_damage/solar_damage_700549.png,solar_damage,moderate,700549,train
solar_damage/solar_damage_700550.png,solar_damage,moderate,700550,train
solar_damage/solar_damage_700551.png,solar_damage,minor,700551,train
solar_damage/solar_damage_700552.png,solar_damage,severe,700552,train
solar_damage/solar_damage_700553.png,solar_damage,severe,700553,train
solar_damage/solar_damage_700554.png,solar_damage,minor,700554,val
solar_damage/solar_damage_700555.png,solar_damage,moderate,700555,test
solar_damage/solar_damage_700556.png,solar_damage,moderate,700556,test
solar_damage/solar_damage_700557.png,solar_damage,moderate,700557,val
solar_damage/solar_damage_700558.png,solar_damage,moderate,700558,train
solar_damage/solar_damage_700559.png,solar_damage,severe,700559,val
solar_damage/solar_damage_700560.png,solar_damage,minor,700560,train
solar_damage/solar_damage_700561.png,solar_damage,minor,700561,val
solar_damage/solar_damage_700562.png,solar_damage,severe,700562,train
solar_damage/solar_damage_700563.png,solar_damage,moderate,700563,train
solar_damage/solar_damage_700564.png,solar_damage,severe,700564,val
solar_damage/solar_damage_700565.png,solar_damage,moderate,700565,train
solar_damage/solar_damage_700566.png,solar_damage,moderate,700566,val
solar_damage/solar_damage_700567.png,solar_damage,moderate,700567,train
solar_damage/solar_damage_700568.png,solar_damage,minor,700568,test
solar_damage/solar_damage_700569.png,solar_damage,severe,700569,train
solar_damage/solar_damage_700570.png,solar_damage,severe,700570,test
solar_damage/solar_damage_700571.png,solar_damage,severe,700571,val
solar_damage/solar_damage_700572.png,solar_damage,severe,700572,train
solar_damage/solar_damage_700573.png,solar_damage,severe,700573,test
solar_damage/solar_damage_700574.png,solar_damage,moderate,700574,train
solar_damage/solar_damage_700575.png,solar_damage,moderate,700575,train
solar_damage/solar_damage_700576.png,solar_damage,moderate,700576,train
solar_damage/solar_damage_700577.png,solar_damage,severe,700577,train
solar_damage/solar_damage_700578.png,solar_damage,moderate,700578,train
solar_damage/solar_damage_700579.png,solar_damage,minor,700579,train
solar_damage/solar_damage_700580.png,solar_damage,moderate,700580,train
solar_damage/solar_damage_700581.png,solar_damage,minor,700581,train
solar_damage/solar_damage_700582.png,solar_damage,severe,700582,test
solar_damage/solar_damage_700583.png,solar_damage,severe,700583,test
solar_damage/solar_damage_700584.png,solar_damage,minor,700584,train
solar_damage/solar_damage_700585.png,solar_damage,moderate,700585,train
solar_damage/solar_damage_700586.png,solar_damage,moderate,700586,train
solar_damage/solar_damage_700587.png,solar_damage,moderate,700587,val
solar_damage/solar_damage_700588.png,solar_damage,moderate,700588,test
solar_damage/solar_damage_700589.png,solar_damage,severe,700589,train
solar_damage/solar_damage_700590.png,solar_damage,severe,700590,train
solar_damage/solar_damage_700591.png,solar_damage,severe,700591,test
solar_damage/solar_damage_700592.png,solar_damage,moderate,700592,train
solar_damage/solar_damage_700593.png,solar_damage,moderate,700593,train
solar_damage/solar_damage_700594.png,solar_damage,severe,700594,val
solar_damage/solar_damage_700595.png,solar_damage,minor,700595,val
solar_damage/solar_damage_700596.png,solar_damage,moderate,700596,train
solar_damage/solar_damage_700597.png,solar_damage,minor,700597,train
solar_damage/solar_damage_700598.png,solar_damage,minor,700598,train
solar_damage/solar_damage_700599.png,solar_damage,severe,700599,train
solar_damage/solar_damage_700600.png,solar_damage,minor,700600,test
solar_damage/solar_damage_700601.png,solar_damage,moderate,700601,train
solar_damage/solar_damage_700602.png,solar_damage,minor,700602,val
solar_damage/solar_damage_700603.png,solar_damage,severe,700603,train
solar_damage/solar_damage_700604.png,solar_damage,severe,700604,train
solar_damage/solar_damage_700605.png,solar_damage,severe,700605,test
solar_damage/solar_damage_700606.png,solar_damage,minor,700606,train
solar_damage/solar_damage_700607.png,solar_damage,moderate,700607,val
solar_damage/solar_damage_700608.png,solar_damage,minor,700608,val
solar_damage/solar_damage_700609.png,solar_damage,moderate,700609,val
solar_damage/solar_damage_700610.png,solar_damage,minor,700610,train
solar_damage/solar_damage_700611.png,solar_damage,minor,700611,test
solar_damage/solar_damage_700612.png,solar_damage,moderate,700612,val
solar_damage/solar_damage_700613.png,solar_damage,severe,700613,train
solar_damage/solar_damage_700614.png,solar_damage,moderate,700614,train
solar_damage/solar_damage_700615.png,solar_damage,minor,700615,val
solar_damage/solar_damage_700616.png,solar_damage,severe,700616,train
solar_damage/solar_damage_700617.png,solar_damage,moderate,700617,val
solar_damage/solar_damage_700618.png,solar_damage,minor,700618,train
solar_damage/solar_damage_700619.png,solar_damage,minor,700619,val
solar_damage/solar_damage_700620.png,solar_damage,severe,700620,val
solar_damage/solar_damage_700621.png,solar_damage,severe,700621,train
solar_damage/solar_damage_700622.png,solar_damage,minor,700622,train
solar_damage/solar_damage_700623.png,solar_damage,severe,700623,train
solar_damage/solar_damage_700624.png,solar_damage,severe,700624,train
solar_damage/solar_damage_700625.png,solar_damage,severe,700625,train
solar_damage/solar_damage_700626.png,solar_damage,severe,700626,train
solar_damage/solar_damage_700627.png,solar_damage,moderate,700627,train
solar_damage/solar_damage_700628.png,solar_damage,severe,700628,train
solar_damage/solar_damage_700629.png,solar_damage,severe,700629,val
solar_damage/solar_damage_700630.png,solar_damage,minor,700630,train
solar_damage/solar_damage_700631.png,solar_damage,severe,700631,test
solar_damage/solar_damage_700632.png,solar_damage,moderate,700632,train
solar_damage/solar_damage_700633.png,solar_damage,moderate,700633,train
solar_damage/solar_damage_700634.png,solar_damage,moderate,700634,val
solar_damage/solar_damage_700635.png,solar_damage,moderate,700635,train
solar_damage/solar_damage_700636.png,solar_damage,moderate,700636,test
solar_damage/solar_damage_700637.png,solar_damage,minor,700637,train
solar_damage/solar_damage_700638.png,solar_damage,severe,700638,train
solar_damage/solar_damage_700639.png,solar_damage,minor,700639,train
solar_damage/solar_damage_700640.png,solar_damage,minor,700640,train
solar_damage/solar_damage_700641.png,solar_damage,minor,700641,train
solar_damage/solar_damage_700642.png,solar_damage,minor,700642,train
solar_damage/solar_damage_700643.png,solar_damage,moderate,700643,train
solar_damage/solar_damage_700644.png,solar_damage,severe,700644,train
solar_damage/solar_damage_700645.png,solar_damage,severe,700645,test
solar_damage/solar_damage_700646.png,solar_damage,minor,700646,train
solar_damage/solar_damage_700647.png,solar_damage,severe,700647,val
solar_damage/solar_damage_700648.png,solar_damage,minor,700648,train
solar_damage/solar_damage_700649.png,solar_damage,moderate,700649,val
solar_damage/solar_damage_700650.png,solar_damage,minor,700650,train
solar_damage/solar_damage_700651.png,solar_damage,minor,700651,train
solar_damage/solar_damage_700652.png,solar_damage,severe,700652,train
solar_damage/solar_damage_700653.png,solar_damage,severe,700653,train
solar_damage/solar_damage_700654.png,solar_damage,severe,700654,val
solar_damage/solar_damage_700655.png,solar_damage,minor,700655,train
solar_damage/solar_damage_700656.png,solar_damage,minor,700656,val
solar_damage/solar_damage_700657.png,solar_damage,severe,700657,train
solar_damage/solar_damage_700658.png,solar_damage,moderate,700658,train
solar_damage/solar_damage_700659.png,solar_damage,minor,700659,train
solar_damage/solar_damage_700660.png,solar_damage,moderate,700660,test
solar_damage/solar_damage_700661.png,solar_damage,severe,700661,train
solar_damage/solar_damage_700662.png,solar_damage,moderate,700662,test
solar_damage/solar_damage_700663.png,solar_damage,minor,700663,test
solar_damage/solar_damage_700664.png,solar_damage,severe,700664,train
solar_damage/solar_damage_700665.png,solar_damage,moderate,700665,train
solar_damage/solar_damage_700666.png,solar_damage,moderate,700666,train
solar_damage/solar_damage_700667.png,solar_damage,severe,700667,train
solar_damage/solar_damage_700668.png,solar_damage,moderate,700668,train
solar_damage/solar_damage_700669.png,solar_damage,moderate,700669,train
solar_damage/solar_damage_700670.png,solar_damage,severe,700670,train
solar_damage/solar_damage_700671.png,solar_damage,moderate,700671,train
solar_damage/solar_damage_700672.png,solar_damage,moderate,700672,train
solar_damage/solar_damage_700673.png,solar_damage,minor,700673,train
solar_damage/solar_damage_700674.png,solar_damage,minor,700674,val
solar_damage/solar_damage_700675.png,solar_damage,moderate,700675,val
solar_damage/solar_damage_700676.png,solar_damage,minor,700676,train
solar_damage/solar_damage_700677.png,solar_damage,severe,700677,train
solar_damage/solar_damage_700678.png,solar_damage,moderate,700678,train
solar_damage/solar_damage_700679.png,solar_damage,minor,700679,train
solar_damage/solar_damage_700680.png,solar_damage,severe,700680,test
solar_damage/solar_damage_700681.png,solar_damage,severe,700681,train
solar_damage/solar_damage_700682.png,solar_damage,minor,700682,train
solar_damage/solar_damage_700683.png,solar_damage,minor,700683,train
solar_damage/solar_damage_700684.png,solar_damage,moderate,700684,val
solar_damage/solar_damage_700685.png,solar_damage,minor,700685,train
solar_damage/solar_damage_700686.png,solar_damage,minor,700686,test
solar_damage/solar_damage_700687.png,solar_damage,severe,700687,train
solar_damage/solar_damage_700688.png,solar_damage,severe,700688,train
solar_damage/solar_damage_700689.png,solar_damage,minor,700689,val
solar_damage/solar_damage_700690.png,solar_damage,severe,700690,train
solar_damage/solar_damage_700691.png,solar_damage,moderate,700691,val
solar_damage/solar_damage_700692.png,solar_damage,moderate,700692,test
solar_damage/solar_damage_700693.png,solar_damage,minor,700693,val
solar_damage/solar_damage_700694.png,solar_damage,severe,700694,test
solar_damage/solar_damage_700695.png,solar_damage,minor,700695,train
solar_damage/solar_damage_700696.png,solar_damage,severe,700696,val
solar_damage/solar_damage_700697.png,solar_damage,moderate,700697,train
solar_damage/solar_damage_700698.png,solar_damage,minor,700698,val
solar_damage/solar_damage_700699.png,solar_damage,moderate,700699,train
solar_damage/solar_damage_700700.png,solar_damage,moderate,700700,test
solar_damage/solar_damage_700701.png,solar_damage,moderate,700701,train
solar_damage/solar_damage_700702.png,solar_damage,moderate,700702,test
solar_damage/solar_damage_700703.png,solar_damage,minor,700703,train
solar_damage/solar_damage_700704.png,solar_damage,minor,700704,train
solar_damage/solar_damage_700705.png,solar_damage,minor,700705,val
solar_damage/solar_damage_700706.png,solar_damage,severe,700706,train
solar_damage/solar_damage_700707.png,solar_damage,severe,700707,train
solar_damage/solar_damage_700708.png,solar_damage,minor,700708,train
solar_damage/solar_damage_700709.png,solar_damage,moderate,700709,train
solar_damage/solar_damage_700710.png,solar_damage,minor,700710,train
solar_damage/solar_damage_700711.png,solar_damage,moderate,700711,train
solar_damage/solar_damage_700712.png,solar_damage,moderate,700712,train
solar_damage/solar_damage_700713.png,solar_damage,severe,700713,train
solar_damage/solar_damage_700714.png,solar_damage,severe,700714,train
solar_damage/solar_damage_700715.png,solar_damage,minor,700715,val
solar_damage/solar_damage_700716.png,solar_damage,moderate,700716,train
solar_damage/solar_damage_700717.png,solar_damage,minor,700717,train
solar_damage/solar_damage_700718.png,solar_damage,severe,700718,train
solar_damage/solar_damage_700719.png,solar_damage,moderate,700719,train
solar_damage/solar_damage_700720.png,solar_damage,severe,700720,train
solar_damage/solar_damage_700721.png,solar_damage,severe,700721,train
solar_damage/solar_damage_700722.png,solar_damage,severe,700722,val
solar_damage/solar_damage_700723.png,solar_damage,severe,700723,test
solar_damage/solar_damage_700724.png,solar_damage,severe,700724,train
solar_damage/solar_damage_700725.png,solar_damage,minor,700725,train
solar_damage/solar_damage_700726.png,solar_damage,severe,700726,test
solar_damage/solar_damage_700727.png,solar_damage,severe,700727,train
solar_damage/solar_damage_700728.png,solar_damage,minor,700728,train
solar_damage/solar_damage_700729.png,solar_damage,moderate,700729,train
solar_damage/solar_damage_700730.png,solar_damage,minor,700730,train
solar_damage/solar_damage_700731.png,solar_damage,minor,700731,train
solar_damage/solar_damage_700732.png,solar_damage,minor,700732,train
solar_damage/solar_damage_700733.png,solar_damage,minor,700733,train
solar_damage/solar_damage_700734.png,solar_damage,minor,700734,train
solar_damage/solar_damage_700735.png,solar_damage,severe,700735,test
solar_damage/solar_damage_700736.png,solar_damage,moderate,700736,train
solar_damage/solar_damage_700737.png,solar_damage,moderate,700737,test
solar_damage/solar_damage_700738.png,solar_damage,moderate,700738,train
solar_damage/solar_damage_700739.png,solar_damage,minor,700739,train
solar_damage/solar_damage_700740.png,solar_damage,moderate,700740,test
solar_damage/solar_damage_700741.png,solar_damage,severe,700741,train
solar_damage/solar_damage_700742.png,solar_damage,moderate,700742,val
solar_damage/solar_damage_700743.png,solar_damage,moderate,700743,train
solar_damage/solar_damage_700744.png,solar_damage,moderate,700744,val
solar_damage/solar_damage_700745.png,solar_damage,severe,700745,test
solar_damage/solar_damage_700746.png,solar_damage,severe,700746,val
solar_damage/solar_damage_700747.png,solar_damage,minor,700747,train
solar_damage/solar_damage_700748.png,solar_damage,minor,700748,train
solar_damage/solar_damage_700749.png,solar_damage,minor,700749,val
solar_damage/solar_damage_700750.png,solar_damage,moderate,700750,train
solar_damage/solar_damage_700751.png,solar_damage,severe,700751,train
solar_damage/solar_damage_700752.png,solar_damage,severe,700752,val
solar_damage/solar_damage_700753.png,solar_damage,moderate,700753,train
solar_damage/solar_damage_700754.png,solar_damage,severe,700754,train
solar_damage/solar_damage_700755.png,solar_damage,moderate,700755,train
solar_damage/solar_damage_700756.png,solar_damage,minor,700756,train
solar_damage/solar_damage_700757.png,solar_damage,severe,700757,val
solar_damage/solar_damage_700758.png,solar_damage,minor,700758,train
solar_damage/solar_damage_700759.png,solar_damage,minor,700759,train
solar_damage/solar_damage_700760.png,solar_damage,minor,700760,val
solar_damage/solar_damage_700761.png,solar_damage,minor,700761,test
solar_damage/solar_damage_700762.png,solar_damage,minor,700762,train
solar_damage/solar_damage_700763.png,solar_damage,severe,700763,train
solar_damage/solar_damage_700764.png,solar_damage,minor,700764,train
solar_damage/solar_damage_700765.png,solar_damage,severe,700765,val
solar_damage/solar_damage_700766.png,solar_damage,moderate,700766,train
solar_damage/solar_damage_700767.png,solar_damage,severe,700767,train
solar_damage/solar_damage_700768.png,solar_damage,minor,700768,test
solar_damage/solar_damage_700769.png,solar_damage,minor,700769,train
solar_damage/solar_damage_700770.png,solar_damage,minor,700770,train
solar_damage/solar_damage_700771.png,solar_damage,moderate,700771,train
solar_damage/solar_damage_700772.png,solar_damage,moderate,700772,train
solar_damage/solar_damage_700773.png,solar_damage,moderate,700773,train
solar_damage/solar_damage_700774.png,solar_damage,severe,700774,train
solar_damage/solar_damage_700775.png,solar_damage,moderate,700775,train
solar_damage/solar_damage_700776.png,solar_damage,severe,700776,train
solar_damage/solar_damage_700777.png,solar_damage,minor,700777,train
solar_damage/solar_damage_700778.png,solar_damage,minor,700778,train
solar_damage/solar_damage_700779.png,solar_damage,minor,700779,train
solar_damage/solar_damage_700780.png,solar_damage,minor,700780,train
solar_damage/solar_damage_700781.png,solar_damage,severe,700781,val
solar_damage/solar_damage_700782.png,solar_damage,moderate,700782,train
solar_damage/solar_damage_700783.png,solar_damage,moderate,700783,val
solar_damage/solar_damage_700784.png,solar_damage,moderate,700784,train
solar_damage/solar_damage_700785.png,solar_damage,minor,700785,train
solar_damage/solar_damage_700786.png,solar_damage,severe,700786,train
solar_damage/solar_damage_700787.png,solar_damage,moderate,700787,train
solar_damage/solar_damage_700788.png,solar_damage,severe,700788,train
solar_damage/solar_damage_700789.png,solar_damage,moderate,700789,test
solar_damage/solar_damage_700790.png,solar_damage,moderate,700790,train
solar_damage/solar_damage_700791.png,solar_damage,minor,700791,test
solar_damage/solar_damage_700792.png,solar_damage,severe,700792,val
solar_damage/solar_damage_700793.png,solar_damage,severe,700793,train
solar_damage/solar_damage_700794.png,solar_damage,minor,700794,test
solar_damage/solar_damage_700795.png,solar_damage,moderate,700795,train
solar_damage/solar_damage_700796.png,solar_damage,moderate,700796,train
solar_damage/solar_damage_700797.png,solar_damage,moderate,700797,test
solar_damage/solar_damage_700798.png,solar_damage,moderate,700798,train
solar_damage/solar_damage_700799.png,solar_damage,severe,700799,train
solar_damage/solar_damage_700800.png,solar_damage,minor,700800,train
solar_damage/solar_damage_700801.png,solar_damage,minor,700801,train
solar_damage/solar_damage_700802.png,solar_damage,severe,700802,train
solar_damage/solar_damage_700803.png,solar_damage,moderate,700803,train
solar_damage/solar_damage_700804.png,solar_damage,severe,700804,train
solar_damage/solar_damage_700805.png,solar_damage,moderate,700805,train
solar_damage/solar_damage_700806.png,solar_damage,moderate,700806,train
solar_damage/solar_damage_700807.png,solar_damage,moderate,700807,val
solar_damage/solar_damage_700808.png,solar_damage,minor,700808,train
solar_damage/solar_damage_700809.png,solar_damage,severe,700809,train
solar_damage/solar_damage_700810.png,solar_damage,severe,700810,train
solar_damage/solar_damage_700811.png,solar_damage,severe,700811,train
solar_damage/solar_damage_700812.png,solar_damage,severe,700812,train
solar_damage/solar_damage_700813.png,solar_damage,severe,700813,train
solar_damage/solar_damage_700814.png,solar_damage,moderate,700814,train
solar_damage/solar_damage_700815.png,solar_damage,moderate,700815,val
solar_damage/solar_damage_700816.png,solar_damage,moderate,700816,train
solar_damage/solar_damage_700817.png,solar_damage,severe,700817,train
solar_damage/solar_damage_700818.png,solar_damage,moderate,700818,train
solar_damage/solar_damage_700819.png,solar_damage,minor,700819,train
solar_damage/solar_damage_700820.png,solar_damage,moderate,700820,val
solar_damage/solar_damage_700821.png,solar_damage,minor,700821,train
solar_damage/solar_damage_700822.png,solar_damage,severe,700822,val
solar_damage/solar_damage_700823.png,solar_damage,severe,700823,val
solar_damage/solar_damage_700824.png,solar_damage,minor,700824,test
solar_damage/solar_damage_700825.png,solar_damage,moderate,700825,val
solar_damage/solar_damage_700826.png,solar_damage,moderate,700826,train
solar_damage/solar_damage_700827.png,solar_damage,moderate,700827,train
solar_damage/solar_damage_700828.png,solar_damage,moderate,700828,test
solar_damage/solar_damage_700829.png,solar_damage,severe,700829,train
solar_damage/solar_damage_700830.png,solar_damage,severe,700830,train
solar_damage/solar_damage_700831.png,solar_damage,severe,700831,train
solar_damage/solar_damage_700832.png,solar_damage,moderate,700832,train
solar_damage/solar_damage_700833.png,solar_damage,moderate,700833,train
solar_damage/solar_damage_700834.png,solar_damage,severe,700834,train
solar_damage/solar_damage_700835.png,solar_damage,minor,700835,train
solar_damage/solar_damage_700836.png,solar_damage,moderate,700836,train
solar_damage/solar_damage_700837.png,solar_damage,minor,700837,train
solar_damage/solar_damage_700838.png,solar_damage,minor,700838,train
solar_damage/solar_damage_700839.png,solar_damage,severe,700839,train
solar_damage/solar_damage_700840.png,solar_damage,minor,700840,val
solar_damage/solar_damage_700841.png,solar_damage,moderate,700841,train
solar_damage/solar_damage_700842.png,solar_damage,minor,700842,test
solar_damage/solar_damage_700843.png,solar_damage,severe,700843,val
solar_damage/solar_damage_700844.png,solar_damage,severe,700844,val
solar_damage/solar_damage_700845.png,solar_damage,severe,700845,train
solar_damage/solar_damage_700846.png,solar_damage,minor,700846,test
solar_damage/solar_damage_700847.png,solar_damage,moderate,700847,train
solar_damage/solar_damage_700848.png,solar_damage,minor,700848,train
solar_damage/solar_damage_700849.png,solar_damage,moderate,700849,val
solar_damage/solar_damage_700850.png,solar_damage,minor,700850,train
solar_damage/solar_damage_700851.png,solar_damage,minor,700851,train
solar_damage/solar_damage_700852.png,solar_damage,moderate,700852,train
solar_damage/solar_damage_700853.png,solar_damage,severe,700853,train
solar_damage/solar_damage_700854.png,solar_damage,moderate,700854,val
solar_damage/solar_damage_700855.png,solar_damage,minor,700855,train
solar_damage/solar_damage_700856.png,solar_damage,severe,700856,train
solar_damage/solar_damage_700857.png,solar_damage,moderate,700857,test
solar_damage/solar_damage_700858.png,solar_damage,minor,700858,train
solar_damage/solar_damage_700859.png,solar_damage,minor,700859,train
solar_damage/solar_damage_700860.png,solar_damage,severe,700860,train
solar_damage/solar_damage_700861.png,solar_damage,severe,700861,val
solar_damage/solar_damage_700862.png,solar_damage,minor,700862,train
solar_damage/solar_damage_700863.png,solar_damage,severe,700863,train
solar_damage/solar_damage_700864.png,solar_damage,severe,700864,train
solar_damage/solar_damage_700865.png,solar_damage,severe,700865,train
solar_damage/solar_damage_700866.png,solar_damage,severe,700866,train
solar_damage/solar_damage_700867.png,solar_damage,moderate,700867,train
solar_damage/solar_damage_700868.png,solar_damage,severe,700868,train
solar_damage/solar_damage_700869.png,solar_damage,severe,700869,train
solar_damage/solar_damage_700870.png,solar_damage,minor,700870,train
solar_damage/solar_damage_700871.png,solar_damage,severe,700871,train
solar_damage/solar_damage_700872.png,solar_damage,moderate,700872,test
solar_damage/solar_damage_700873.png,solar_damage,moderate,700873,val
solar_damage/solar_damage_700874.png,solar_damage,moderate,700874,val
solar_damage/solar_damage_700875.png,solar_damage,moderate,700875,train
solar_damage/solar_damage_700876.png,solar_damage,moderate,700876,train
solar_damage/solar_damage_700877.png,solar_damage,minor,700877,train
solar_damage/solar_damage_700878.png,solar_damage,severe,700878,train
solar_damage/solar_damage_700879.png,solar_damage,minor,700879,train
solar_damage/solar_damage_700880.png,solar_damage,minor,700880,train
solar_damage/solar_damage_700881.png,solar_damage,minor,700881,val
solar_damage/solar_damage_700882.png,solar_damage,minor,700882,train
solar_damage/solar_damage_700883.png,solar_damage,moderate,700883,train
solar_damage/solar_damage_700884.png,solar_damage,severe,700884,train
solar_damage/solar_damage_700885.png,solar_damage,severe,700885,val
solar_damage/solar_damage_700886.png,solar_damage,minor,700886,train
solar_damage/solar_damage_700887.png,solar_damage,severe,700887,val
solar_damage/solar_damage_700888.png,solar_damage,minor,700888,val
solar_damage/solar_damage_700889.png,solar_damage,moderate,700889,train
solar_damage/solar_damage_700890.png,solar_damage,minor,700890,val
solar_damage/solar_damage_700891.png,solar_damage,minor,700891,train
solar_damage/solar_damage_700892.png,solar_damage,severe,700892,train
solar_damage/solar_damage_700893.png,solar_damage,severe,700893,train
solar_damage/solar_damage_700894.png,solar_damage,severe,700894,val
solar_damage/solar_damage_700895.png,solar_damage,minor,700895,train
solar_damage/solar_damage_700896.png,solar_damage,minor,700896,val
solar_damage/solar_damage_700897.png,solar_damage,severe,700897,test
solar_damage/solar_damage_700898.png,solar_damage,moderate,700898,train
solar_damage/solar_damage_700899.png,solar_damage,minor,700899,train
solar_damage/solar_damage_700900.png,solar_damage,moderate,700900,train
solar_damage/solar_damage_700901.png,solar_damage,severe,700901,train
solar_damage/solar_damage_700902.png,solar_damage,moderate,700902,train
solar_damage/solar_damage_700903.png,solar_damage,minor,700903,train
solar_damage/solar_damage_700904.png,solar_damage,severe,700904,val
solar_damage/solar_damage_700905.png,solar_damage,moderate,700905,train
solar_damage/solar_damage_700906.png,solar_damage,moderate,700906,train
solar_damage/solar_damage_700907.png,solar_damage,severe,700907,train
solar_damage/solar_damage_700908.png,solar_damage,moderate,700908,test
solar_damage/solar_damage_700909.png,solar_damage,moderate,700909,val
solar_damage/solar_damage_700910.png,solar_damage,severe,700910,train
solar_damage/solar_damage_700911.png,solar_damage,moderate,700911,test
solar_damage/solar_damage_700912.png,solar_damage,moderate,700912,train
solar_damage/solar_damage_700913.png,solar_damage,minor,700913,train
solar_damage/solar_damage_700914.png,solar_damage,minor,700914,train
solar_damage/solar_damage_700915.png,solar_damage,moderate,700915,train
solar_damage/solar_damage_700916.png,solar_damage,minor,700916,val
solar_damage/solar_damage_700917.png,solar_damage,severe,700917,train
solar_damage/solar_damage_700918.png,solar_damage,moderate,700918,train
solar_damage/solar_damage_700919.png,solar_damage,minor,700919,test
solar_damage/solar_damage_700920.png,solar_damage,severe,700920,train
solar_damage/solar_damage_700921.png,solar_damage,severe,700921,test
solar_damage/solar_damage_700922.png,solar_damage,minor,700922,train
solar_damage/solar_damage_700923.png,solar_damage,minor,700923,train
solar_damage/solar_damage_700924.png,solar_damage,moderate,700924,train
solar_damage/solar_damage_700925.png,solar_damage,minor,700925,train
solar_damage/solar_damage_700926.png,solar_damage,minor,700926,val
solar_damage/solar_damage_700927.png,solar_damage,severe,700927,test
solar_damage/solar_damage_700928.png,solar_damage,severe,700928,train
solar_damage/solar_damage_700929.png,solar_damage,minor,700929,train
solar_damage/solar_damage_700930.png,solar_damage,severe,700930,train
solar_damage/solar_damage_700931.png,solar_damage,moderate,700931,train
solar_damage/solar_damage_700932.png,solar_damage,moderate,700932,train
solar_damage/solar_damage_700933.png,solar_damage,minor,700933,test
solar_damage/solar_damage_700934.png,solar_damage,severe,700934,val
solar_damage/solar_damage_700935.png,solar_damage,minor,700935,train
solar_damage/solar_damage_700936.png,solar_damage,severe,700936,train
solar_damage/solar_damage_700937.png,solar_damage,moderate,700937,train
solar_damage/solar_damage_700938.png,solar_damage,minor,700938,train
solar_damage/solar_damage_700939.png,solar_damage,moderate,700939,train
solar_damage/solar_damage_700940.png,solar_damage,moderate,700940,val
solar_damage/solar_damage_700941.png,solar_damage,moderate,700941,train
solar_damage/solar_damage_700942.png,solar_damage,moderate,700942,val
solar_damage/solar_damage_700943.png,solar_damage,minor,700943,train
solar_damage/solar_damage_700944.png,solar_damage,minor,700944,val
solar_damage/solar_damage_700945.png,solar_damage,minor,700945,train
solar_damage/solar_damage_700946.png,solar_damage,severe,700946,train
solar_damage/solar_damage_700947.png,solar_damage,severe,700947,val
solar_damage/solar_damage_700948.png,solar_damage,minor,700948,val
solar_damage/solar_damage_700949.png,solar_damage,moderate,700949,train
solar_damage/solar_damage_700950.png,solar_damage,minor,700950,val
solar_damage/solar_damage_700951.png,solar_damage,moderate,700951,train
solar_damage/solar_damage_700952.png,solar_damage,moderate,700952,train
solar_damage/solar_damage_700953.png,solar_damage,severe,700953,val
solar_damage/solar_damage_700954.png,solar_damage,severe,700954,val
solar_damage/solar_damage_700955.png,solar_damage,minor,700955,train
solar_damage/solar_damage_700956.png,solar_damage,moderate,700956,val
solar_damage/solar_damage_700957.png,solar_damage,minor,700957,train
solar_damage/solar_damage_700958.png,solar_damage,severe,700958,train
solar_damage/solar_damage_700959.png,solar_damage,moderate,700959,train
solar_damage/solar_damage_700960.png,solar_damage,severe,700960,train
solar_damage/solar_damage_700961.png,solar_damage,severe,700961,train
solar_damage/solar_damage_700962.png,solar_damage,severe,700962,val
solar_damage/solar_damage_700963.png,solar_damage,severe,700963,train
solar_damage/solar_damage_700964.png,solar_damage,severe,700964,test
solar_damage/solar_damage_700965.png,solar_damage,minor,700965,train
solar_damage/solar_damage_700966.png,solar_damage,severe,700966,train
solar_damage/solar_damage_700967.png,solar_damage,severe,700967,test
solar_damage/solar_damage_700968.png,solar_damage,minor,700968,val
solar_damage/solar_damage_700969.png,solar_damage,moderate,700969,train
solar_damage/solar_damage_700970.png,solar_damage,minor,700970,train
solar_damage/solar_damage_700971.png,solar_damage,minor,700971,train
solar_damage/solar_damage_700972.png,solar_damage,minor,700972,train
solar_damage/solar_damage_700973.png,solar_damage,minor,700973,train
solar_damage/solar_damage_700974.png,solar_damage,minor,700974,train
solar_damage/solar_damage_700975.png,solar_damage,severe,700975,test
solar_damage/solar_damage_700976.png,solar_damage,moderate,700976,train
solar_damage/solar_damage_700977.png,solar_damage,moderate,700977,test
solar_damage/solar_damage_700978.png,solar_damage,moderate,700978,train
solar_damage/solar_damage_700979.png,solar_damage,minor,700979,train
solar_damage/solar_damage_700980.png,solar_damage,moderate,700980,val
solar_damage/solar_damage_700981.png,solar_damage,severe,700981,train
solar_damage/solar_damage_700982.png,solar_damage,moderate,700982,val
solar_damage/solar_damage_700983.png,solar_damage,moderate,700983,train
solar_damage/solar_damage_700984.png,solar_damage,moderate,700984,train
solar_damage/solar_damage_700985.png,solar_damage,severe,700985,train
solar_damage/solar_damage_700986.png,solar_damage,severe,700986,train
solar_damage/solar_damage_700987.png,solar_damage,minor,700987,train
solar_damage/solar_damage_700988.png,solar_damage,minor,700988,train
solar_damage/solar_damage_700989.png,solar_damage,minor,700989,val
solar_damage/solar_damage_700990.png,solar_damage,moderate,700990,train
solar_damage/solar_damage_700991.png,solar_damage,severe,700991,train
solar_damage/solar_damage_700992.png,solar_damage,severe,700992,train
solar_damage/solar_damage_700993.png,solar_damage,moderate,700993,train
solar_damage/solar_damage_700994.png,solar_damage,severe,700994,train
solar_damage/solar_damage_700995.png,solar_damage,moderate,700995,train
solar_damage/solar_damage_700996.png,solar_damage,minor,700996,train
solar_damage/solar_damage_700997.png,solar_damage,severe,700997,train
solar_damage/solar_damage_700998.png,solar_damage,minor,700998,train
solar_damage/solar_damage_700999.png,solar_damage,minor,700999,train
debris_spray/debris_spray_800000.png,debris_spray,moderate,800000,train
debris_spray/debris_spray_800001.png,debris_spray,severe,800001,train
debris_spray/debris_spray_800002.png,debris_spray,minor,800002,train
debris_spray/debris_spray_800003.png,debris_spray,severe,800003,train
debris_spray/debris_spray_800004.png,debris_spray,severe,800004,train
debris_spray/debris_spray_800005.png,debris_spray,severe,800005,train
debris_spray/debris_spray_800006.png,debris_spray,severe,800006,train
debris_spray/debris_spray_800007.png,debris_spray,moderate,800007,test
debris_spray/debris_spray_800008.png,debris_spray,severe,800008,val
debris_spray/debris_spray_800009.png,debris_spray,minor,800009,train
debris_spray/debris_spray_800010.png,debris_spray,moderate,800010,train
debris_spray/debris_spray_800011.png,debris_spray,severe,800011,train
debris_spray/debris_spray_800012.png,debris_spray,severe,800012,train
debris_spray/debris_spray_800013.png,debris_spray,severe,800013,train
debris_spray/debris_spray_800014.png,debris_spray,severe,800014,train
debris_spray/debris_spray_800015.png,debris_spray,moderate,800015,val
debris_spray/debris_spray_800016.png,debris_spray,moderate,800016,train
debris_spray/debris_spray_800017.png,debris_spray,moderate,800017,train
debris_spray/debris_spray_800018.png,debris_spray,moderate,800018,train
debris_spray/debris_spray_800019.png,debris_spray,minor,800019,test
debris_spray/debris_spray_800020.png,debris_spray,moderate,800020,test
debris_spray/debris_spray_800021.png,debris_spray,minor,800021,test
debris_spray/debris_spray_800022.png,debris_spray,minor,800022,train
debris_spray/debris_spray_800023.png,debris_spray,minor,800023,val
debris_spray/debris_spray_800024.png,debris_spray,severe,800024,train
debris_spray/debris_spray_800025.png,debris_spray,minor,800025,train
debris_spray/debris_spray_800026.png,debris_spray,severe,800026,train
debris_spray/debris_spray_800027.png,debris_spray,moderate,800027,train
debris_spray/debris_spray_800028.png,debris_spray,severe,800028,train
debris_spray/debris_spray_800029.png,debris_spray,minor,800029,train
debris_spray/debris_spray_800030.png,debris_spray,minor,800030,val
debris_spray/debris_spray_800031.png,debris_spray,severe,800031,train
debris_spray/debris_spray_800032.png,debris_spray,moderate,800032,val
debris_spray/debris_spray_800033.png,debris_spray,minor,800033,val
debris_spray/debris_spray_800034.png,debris_spray,severe,800034,val
debris_spray/debris_spray_800035.png,debris_spray,severe,800035,val
debris_spray/debris_spray_800036.png,debris_spray,moderate,800036,train
debris_spray/debris_spray_800037.png,debris_spray,severe,800037,test
debris_spray/debris_spray_800038.png,debris_spray,moderate,800038,train
debris_spray/debris_spray_800039.png,debris_spray,severe,800039,train
debris_spray/debris_spray_800040.png,debris_spray,minor,800040,train
debris_spray/debris_spray_800041.png,debris_spray,moderate,800041,train
debris_spray/debris_spray_800042.png,debris_spray,severe,800042,train
debris_spray/debris_spray_800043.png,debris_spray,severe,800043,train
debris_spray/debris_spray_800044.png,debris_spray,severe,800044,train
debris_spray/debris_spray_800045.png,debris_spray,minor,800045,train
debris_spray/debris_spray_800046.png,debris_spray,minor,800046,train
debris_spray/debris_spray_800047.png,debris_spray,severe,800047,val
debris_spray/debris_spray_800048.png,debris_spray,severe,800048,train
debris_spray/debris_spray_800049.png,debris_spray,severe,800049,train
debris_spray/debris_spray_800050.png,debris_spray,severe,800050,train
debris_spray/debris_spray_800051.png,debris_spray,severe,800051,train
debris_spray/debris_spray_800052.png,debris_spray,severe,800052,test
debris_spray/debris_spray_800053.png,debris_spray,moderate,800053,train
debris_spray/debris_spray_800054.png,debris_spray,severe,800054,train
debris_spray/debris_spray_800055.png,debris_spray,severe,800055,val
debris_spray/debris_spray_800056.png,debris_spray,severe,800056,train
debris_spray/debris_spray_800057.png,debris_spray,moderate,800057,train
debris_spray/debris_spray_800058.png,debris_spray,moderate,800058,train
debris_spray/debris_spray_800059.png,debris_spray,severe,800059,train
debris_spray/debris_spray_800060.png,debris_spray,minor,800060,train
debris_spray/debris_spray_800061.png,debris_spray,minor,800061,val
debris_spray/debris_spray_800062.png,debris_spray,minor,800062,train
debris_spray/debris_spray_800063.png,debris_spray,moderate,800063,train
debris_spray/debris_spray_800064.png,debris_spray,moderate,800064,train
debris_spray/debris_spray_800065.png,debris_spray,severe,800065,val
debris_spray/debris_spray_800066.png,debris_spray,minor,800066,val
debris_spray/debris_spray_800067.png,debris_spray,severe,800067,train
debris_spray/debris_spray_800068.png,debris_spray,minor,800068,train
debris_spray/debris_spray_800069.png,debris_spray,minor,800069,val
debris_spray/debris_spray_800070.png,debris_spray,moderate,800070,train
debris_spray/debris_spray_800071.png,debris_spray,severe,800071,val
debris_spray/debris_spray_800072.png,debris_spray,severe,800072,train
debris_spray/debris_spray_800073.png,debris_spray,moderate,800073,train
debris_spray/debris_spray_800074.png,debris_spray,minor,800074,test
debris_spray/debris_spray_800075.png,debris_spray,severe,800075,train
debris_spray/debris_spray_800076.png,debris_spray,severe,800076,train
debris_spray/debris_spray_800077.png,debris_spray,minor,800077,train
debris_spray/debris_spray_800078.png,debris_spray,minor,800078,train
debris_spray/debris_spray_800079.png,debris_spray,moderate,800079,train
debris_spray/debris_spray_800080.png,debris_spray,minor,800080,train
debris_spray/debris_spray_800081.png,debris_spray,minor,800081,train
debris_spray/debris_spray_800082.png,debris_spray,minor,800082,test
debris_spray/debris_spray_800083.png,debris_spray,moderate,800083,val
debris_spray/debris_spray_800084.png,debris_spray,severe,800084,train
debris_spray/debris_spray_800085.png,debris_spray,severe,800085,test
debris_spray/debris_spray_800086.png,debris_spray,moderate,800086,train
debris_spray/debris_spray_800087.png,debris_spray,severe,800087,train
debris_spray/debris_spray_800088.png,debris_spray,severe,800088,test
debris_spray/debris_spray_800089.png,debris_spray,moderate,800089,train
debris_spray/debris_spray_800090.png,debris_spray,severe,800090,val
debris_spray/debris_spray_800091.png,debris_spray,minor,800091,train
debris_spray/debris_spray_800092.png,debris_spray,severe,800092,val
debris_spray/debris_spray_800093.png,debris_spray,moderate,800093,train
debris_spray/debris_spray_800094.png,debris_spray,minor,800094,test
debris_spray/debris_spray_800095.png,debris_spray,severe,800095,train
debris_spray/debris_spray_800096.png,debris_spray,moderate,800096,val
debris_spray/debris_spray_800097.png,debris_spray,severe,800097,val
debris_spray/debris_spray_800098.png,debris_spray,minor,800098,train
debris_spray/debris_spray_800099.png,debris_spray,severe,800099,train
debris_spray/debris_spray_800100.png,debris_spray,moderate,800100,train
debris_spray/debris_spray_800101.png,debris_spray,moderate,800101,val
debris_spray/debris_spray_800102.png,debris_spray,minor,800102,train
debris_spray/debris_spray_800103.png,debris_spray,moderate,800103,train
debris_spray/debris_spray_800104.png,debris_spray,minor,800104,train
debris_spray/debris_spray_800105.png,debris_spray,severe,800105,val
debris_spray/debris_spray_800106.png,debris_spray,moderate,800106,train
debris_spray/debris_spray_800107.png,debris_spray,moderate,800107,train
debris_spray/debris_spray_800108.png,debris_spray,severe,800108,train
debris_spray/debris_spray_800109.png,debris_spray,moderate,800109,train
debris_spray/debris_spray_800110.png,debris_spray,moderate,800110,val
debris_spray/debris_spray_800111.png,debris_spray,minor,800111,train
debris_spray/debris_spray_800112.png,debris_spray,severe,800112,train
debris_spray/debris_spray_800113.png,debris_spray,severe,800113,test
debris_spray/debris_spray_800114.png,debris_spray,minor,800114,train
debris_spray/debris_spray_800115.png,debris_spray,moderate,800115,train
debris_spray/debris_spray_800116.png,debris_spray,minor,800116,val
debris_spray/debris_spray_800117.png,debris_spray,minor,800117,val
debris_spray/debris_spray_800118.png,debris_spray,severe,800118,train
debris_spray/debris_spray_800119.png,debris_spray,minor,800119,train
debris_spray/debris_spray_800120.png,debris_spray,moderate,800120,train
debris_spray/debris_spray_800121.png,debris_spray,minor,800121,train
debris_spray/debris_spray_800122.png,debris_spray,moderate,800122,train
debris_spray/debris_spray_800123.png,debris_spray,moderate,800123,train
debris_spray/debris_spray_800124.png,debris_spray,minor,800124,train
debris_spray/debris_spray_800125.png,debris_spray,minor,800125,train
debris_spray/debris_spray_800126.png,debris_spray,minor,800126,train
debris_spray/debris_spray_800127.png,debris_spray,severe,800127,val
debris_spray/debris_spray_800128.png,debris_spray,moderate,800128,test
debris_spray/debris_spray_800129.png,debris_spray,minor,800129,val
debris_spray/debris_spray_800130.png,debris_spray,severe,800130,train
debris_spray/debris_spray_800131.png,debris_spray,minor,800131,val
debris_spray/debris_spray_800132.png,debris_spray,severe,800132,train
debris_spray/debris_spray_800133.png,debris_spray,minor,800133,train
debris_spray/debris_spray_800134.png,debris_spray,moderate,800134,train
debris_spray/debris_spray_800135.png,debris_spray,severe,800135,train
debris_spray/debris_spray_800136.png,debris_spray,moderate,800136,train
debris_spray/debris_spray_800137.png,debris_spray,minor,800137,train
debris_spray/debris_spray_800138.png,debris_spray,moderate,800138,test
debris_spray/debris_spray_800139.png,debris_spray,moderate,800139,test
debris_spray/debris_spray_800140.png,debris_spray,moderate,800140,train
debris_spray/debris_spray_800141.png,debris_spray,moderate,800141,val
debris_spray/debris_spray_800142.png,debris_spray,severe,800142,train
debris_spray/debris_spray_800143.png,debris_spray,moderate,800143,train
debris_spray/debris_spray_800144.png,debris_spray,moderate,800144,val
debris_spray/debris_spray_800145.png,debris_spray,moderate,800145,val
debris_spray/debris_spray_800146.png,debris_spray,minor,800146,val
debris_spray/debris_spray_800147.png,debris_spray,moderate,800147,train
debris_spray/debris_spray_800148.png,debris_spray,moderate,800148,train
debris_spray/debris_spray_800149.png,debris_spray,moderate,800149,train
debris_spray/debris_spray_800150.png,debris_spray,moderate,800150,train
debris_spray/debris_spray_800151.png,debris_spray,moderate,800151,train
debris_spray/debris_spray_800152.png,debris_spray,severe,800152,train
debris_spray/debris_spray_800153.png,debris_spray,severe,800153,val
debris_spray/debris_spray_800154.png,debris_spray,severe,800154,train
debris_spray/debris_spray_800155.png,debris_spray,moderate,800155,train
debris_spray/debris_spray_800156.png,debris_spray,minor,800156,train
debris_spray/debris_spray_800157.png,debris_spray,severe,800157,test
debris_spray/debris_spray_800158.png,debris_spray,severe,800158,val
debris_spray/debris_spray_800159.png,debris_spray,minor,800159,val
debris_spray/debris_spray_800160.png,debris_spray,moderate,800160,train
debris_spray/debris_spray_800161.png,debris_spray,moderate,800161,train
debris_spray/debris_spray_800162.png,debris_spray,severe,800162,train
debris_spray/debris_spray_800163.png,debris_spray,moderate,800163,train
debris_spray/debris_spray_800164.png,debris_spray,minor,800164,val
debris_spray/debris_spray_800165.png,debris_spray,minor,800165,val
debris_spray/debris_spray_800166.png,debris_spray,moderate,800166,train
debris_spray/debris_spray_800167.png,debris_spray,minor,800167,val
debris_spray/debris_spray_800168.png,debris_spray,minor,800168,train
debris_spray/debris_spray_800169.png,debris_spray,minor,800169,train
debris_spray/debris_spray_800170.png,debris_spray,severe,800170,train
debris_spray/debris_spray_800171.png,debris_spray,moderate,800171,train
debris_spray/debris_spray_800172.png,debris_spray,minor,800172,train
debris_spray/debris_spray_800173.png,debris_spray,severe,800173,val
debris_spray/debris_spray_800174.png,debris_spray,severe,800174,train
debris_spray/debris_spray_800175.png,debris_spray,minor,800175,train
debris_spray/debris_spray_800176.png,debris_spray,moderate,800176,train
debris_spray/debris_spray_800177.png,debris_spray,moderate,800177,train
debris_spray/debris_spray_800178.png,debris_spray,moderate,800178,val
debris_spray/debris_spray_800179.png,debris_spray,minor,800179,train
debris_spray/debris_spray_800180.png,debris_spray,moderate,800180,val
debris_spray/debris_spray_800181.png,debris_spray,minor,800181,train
debris_spray/debris_spray_800182.png,debris_spray,minor,800182,val
debris_spray/debris_spray_800183.png,debris_spray,minor,800183,val
debris_spray/debris_spray_800184.png,debris_spray,severe,800184,train
debris_spray/debris_spray_800185.png,debris_spray,severe,800185,train
debris_spray/debris_spray_800186.png,debris_spray,moderate,800186,val
debris_spray/debris_spray_800187.png,debris_spray,minor,800187,train
debris_spray/debris_spray_800188.png,debris_spray,moderate,800188,train
debris_spray/debris_spray_800189.png,debris_spray,minor,800189,train
debris_spray/debris_spray_800190.png,debris_spray,moderate,800190,test
debris_spray/debris_spray_800191.png,debris_spray,severe,800191,train
debris_spray/debris_spray_800192.png,debris_spray,minor,800192,train
debris_spray/debris_spray_800193.png,debris_spray,minor,800193,train
debris_spray/debris_spray_800194.png,debris_spray,minor,800194,train
debris_spray/debris_spray_800195.png,debris_spray,severe,800195,train
debris_spray/debris_spray_800196.png,debris_spray,severe,800196,train
debris_spray/debris_spray_800197.png,debris_spray,moderate,800197,train
debris_spray/debris_spray_800198.png,debris_spray,minor,800198,val
debris_spray/debris_spray_800199.png,debris_spray,moderate,800199,test
debris_spray/debris_spray_800200.png,debris_spray,severe,800200,train
debris_spray/debris_spray_800201.png,debris_spray,moderate,800201,train
debris_spray/debris_spray_800202.png,debris_spray,minor,800202,train
debris_spray/debris_spray_800203.png,debris_spray,moderate,800203,train
debris_spray/debris_spray_800204.png,debris_spray,moderate,800204,train
debris_spray/debris_spray_800205.png,debris_spray,moderate,800205,val
debris_spray/debris_spray_800206.png,debris_spray,severe,800206,test
debris_spray/debris_spray_800207.png,debris_spray,severe,800207,train
debris_spray/debris_spray_800208.png,debris_spray,moderate,800208,val
debris_spray/debris_spray_800209.png,debris_spray,moderate,800209,val
debris_spray/debris_spray_800210.png,debris_spray,moderate,800210,val
debris_spray/debris_spray_800211.png,debris_spray,minor,800211,train
debris_spray/debris_spray_800212.png,debris_spray,severe,800212,val
debris_spray/debris_spray_800213.png,debris_spray,minor,800213,train
debris_spray/debris_spray_800214.png,debris_spray,moderate,800214,test
debris_spray/debris_spray_800215.png,debris_spray,severe,800215,val
debris_spray/debris_spray_800216.png,debris_spray,severe,800216,train
debris_spray/debris_spray_800217.png,debris_spray,moderate,800217,test
debris_spray/debris_spray_800218.png,debris_spray,minor,800218,test
debris_spray/debris_spray_800219.png,debris_spray,minor,800219,train
debris_spray/debris_spray_800220.png,debris_spray,minor,800220,train
debris_spray/debris_spray_800221.png,debris_spray,minor,800221,train
debris_spray/debris_spray_800222.png,debris_spray,minor,800222,train
debris_spray/debris_spray_800223.png,debris_spray,moderate,800223,val
debris_spray/debris_spray_800224.png,debris_spray,severe,800224,val
debris_spray/debris_spray_800225.png,debris_spray,minor,800225,train
debris_spray/debris_spray_800226.png,debris_spray,severe,800226,train
debris_spray/debris_spray_800227.png,debris_spray,moderate,800227,train
debris_spray/debris_spray_800228.png,debris_spray,severe,800228,train
debris_spray/debris_spray_800229.png,debris_spray,moderate,800229,train
debris_spray/debris_spray_800230.png,debris_spray,minor,800230,train
debris_spray/debris_spray_800231.png,debris_spray,severe,800231,train
debris_spray/debris_spray_800232.png,debris_spray,severe,800232,train
debris_spray/debris_spray_800233.png,debris_spray,minor,800233,train
debris_spray/debris_spray_800234.png,debris_spray,severe,800234,train
debris_spray/debris_spray_800235.png,debris_spray,severe,800235,train
debris_spray/debris_spray_800236.png,debris_spray,moderate,800236,test
debris_spray/debris_spray_800237.png,debris_spray,severe,800237,val
debris_spray/debris_spray_800238.png,debris_spray,moderate,800238,val
debris_spray/debris_spray_800239.png,debris_spray,severe,800239,train
debris_spray/debris_spray_800240.png,debris_spray,moderate,800240,val
debris_spray/debris_spray_800241.png,debris_spray,severe,800241,train
debris_spray/debris_spray_800242.png,debris_spray,minor,800242,train
debris_spray/debris_spray_800243.png,debris_spray,severe,800243,train
debris_spray/debris_spray_800244.png,debris_spray,severe,800244,train
debris_spray/debris_spray_800245.png,debris_spray,minor,800245,train
debris_spray/debris_spray_800246.png,debris_spray,moderate,800246,train
debris_spray/debris_spray_800247.png,debris_spray,severe,800247,val
debris_spray/debris_spray_800248.png,debris_spray,severe,800248,val
debris_spray/debris_spray_800249.png,debris_spray,severe,800249,train
debris_spray/debris_spray_800250.png,debris_spray,moderate,800250,train
debris_spray/debris_spray_800251.png,debris_spray,minor,800251,train
debris_spray/debris_spray_800252.png,debris_spray,moderate,800252,train
debris_spray/debris_spray_800253.png,debris_spray,severe,800253,train
debris_spray/debris_spray_800254.png,debris_spray,minor,800254,test
debris_spray/debris_spray_800255.png,debris_spray,minor,800255,train
debris_spray/debris_spray_800256.png,debris_spray,moderate,800256,train
debris_spray/debris_spray_800257.png,debris_spray,moderate,800257,train
debris_spray/debris_spray_800258.png,debris_spray,minor,800258,train
debris_spray/debris_spray_800259.png,debris_spray,moderate,800259,train
debris_spray/debris_spray_800260.png,debris_spray,moderate,800260,train
debris_spray/debris_spray_800261.png,debris_spray,minor,800261,train
debris_spray/debris_spray_800262.png,debris_spray,moderate,800262,val
debris_spray/debris_spray_800263.png,debris_spray,moderate,800263,train
debris_spray/debris_spray_800264.png,debris_spray,minor,800264,train
debris_spray/debris_spray_800265.png,debris_spray,minor,800265,train
debris_spray/debris_spray_800266.png,debris_spray,moderate,800266,test
debris_spray/debris_spray_800267.png,debris_spray,minor,800267,train
debris_spray/debris_spray_800268.png,debris_spray,severe,800268,train
debris_spray/debris_spray_800269.png,debris_spray,minor,800269,train
debris_spray/debris_spray_800270.png,debris_spray,moderate,800270,train
debris_spray/debris_spray_800271.png,debris_spray,moderate,800271,train
debris_spray/debris_spray_800272.png,debris_spray,severe,800272,train
debris_spray/debris_spray_800273.png,debris_spray,severe,800273,train
debris_spray/debris_spray_800274.png,debris_spray,moderate,800274,test
debris_spray/debris_spray_800275.png,debris_spray,minor,800275,train
debris_spray/debris_spray_800276.png,debris_spray,severe,800276,test
debris_spray/debris_spray_800277.png,debris_spray,minor,800277,test
debris_spray/debris_spray_800278.png,debris_spray,severe,800278,train
debris_spray/debris_spray_800279.png,debris_spray,minor,800279,train
debris_spray/debris_spray_800280.png,debris_spray,severe,800280,train
debris_spray/debris_spray_800281.png,debris_spray,minor,800281,train
debris_spray/debris_spray_800282.png,debris_spray,minor,800282,train
debris_spray/debris_spray_800283.png,debris_spray,moderate,800283,train
debris_spray/debris_spray_800284.png,debris_spray,minor,800284,train
debris_spray/debris_spray_800285.png,debris_spray,severe,800285,train
debris_spray/debris_spray_800286.png,debris_spray,moderate,800286,train
debris_spray/debris_spray_800287.png,debris_spray,moderate,800287,val
debris_spray/debris_spray_800288.png,debris_spray,moderate,800288,train
debris_spray/debris_spray_800289.png,debris_spray,moderate,800289,val
debris_spray/debris_spray_800290.png,debris_spray,minor,800290,train
debris_spray/debris_spray_800291.png,debris_spray,severe,800291,val
debris_spray/debris_spray_800292.png,debris_spray,moderate,800292,train
debris_spray/debris_spray_800293.png,debris_spray,moderate,800293,train
debris_spray/debris_spray_800294.png,debris_spray,minor,800294,test
debris_spray/debris_spray_800295.png,debris_spray,moderate,800295,val
debris_spray/debris_spray_800296.png,debris_spray,minor,800296,train
debris_spray/debris_spray_800297.png,debris_spray,moderate,800297,train
debris_spray/debris_spray_800298.png,debris_spray,moderate,800298,val
debris_spray/debris_spray_800299.png,debris_spray,moderate,800299,val
debris_spray/debris_spray_800300.png,debris_spray,severe,800300,train
debris_spray/debris_spray_800301.png,debris_spray,severe,800301,train
debris_spray/debris_spray_800302.png,debris_spray,moderate,800302,train
debris_spray/debris_spray_800303.png,debris_spray,severe,800303,test
debris_spray/debris_spray_800304.png,debris_spray,severe,800304,val
debris_spray/debris_spray_800305.png,debris_spray,severe,800305,train
debris_spray/debris_spray_800306.png,debris_spray,moderate,800306,train
debris_spray/debris_spray_800307.png,debris_spray,severe,800307,train
debris_spray/debris_spray_800308.png,debris_spray,moderate,800308,train
debris_spray/debris_spray_800309.png,debris_spray,severe,800309,train
debris_spray/debris_spray_800310.png,debris_spray,minor,800310,train
debris_spray/debris_spray_800311.png,debris_spray,minor,800311,train
debris_spray/debris_spray_800312.png,debris_spray,moderate,800312,val
debris_spray/debris_spray_800313.png,debris_spray,minor,800313,train
debris_spray/debris_spray_800314.png,debris_spray,moderate,800314,train
debris_spray/debris_spray_800315.png,debris_spray,moderate,800315,train
debris_spray/debris_spray_800316.png,debris_spray,severe,800316,train
debris_spray/debris_spray_800317.png,debris_spray,minor,800317,train
debris_spray/debris_spray_800318.png,debris_spray,severe,800318,train
debris_spray/debris_spray_800319.png,debris_spray,minor,800319,train
debris_spray/debris_spray_800320.png,debris_spray,minor,800320,val
debris_spray/debris_spray_800321.png,debris_spray,minor,800321,train
debris_spray/debris_spray_800322.png,debris_spray,minor,800322,train
debris_spray/debris_spray_800323.png,debris_spray,severe,800323,test
debris_spray/debris_spray_800324.png,debris_spray,minor,800324,val
debris_spray/debris_spray_800325.png,debris_spray,severe,800325,val
debris_spray/debris_spray_800326.png,debris_spray,moderate,800326,train
debris_spray/debris_spray_800327.png,debris_spray,moderate,800327,train
debris_spray/debris_spray_800328.png,debris_spray,severe,800328,train
debris_spray/debris_spray_800329.png,debris_spray,minor,800329,val
debris_spray/debris_spray_800330.png,debris_spray,minor,800330,val
debris_spray/debris_spray_800331.png,debris_spray,moderate,800331,train
debris_spray/debris_spray_800332.png,debris_spray,moderate,800332,train
debris_spray/debris_spray_800333.png,debris_spray,severe,800333,val
debris_spray/debris_spray_800334.png,debris_spray,minor,800334,train
debris_spray/debris_spray_800335.png,debris_spray,severe,800335,train
debris_spray/debris_spray_800336.png,debris_spray,moderate,800336,train
debris_spray/debris_spray_800337.png,debris_spray,severe,800337,train
debris_spray/debris_spray_800338.png,debris_spray,moderate,800338,train
debris_spray/debris_spray_800339.png,debris_spray,severe,800339,train
debris_spray/debris_spray_800340.png,debris_spray,minor,800340,val
debris_spray/debris_spray_800341.png,debris_spray,moderate,800341,train
debris_spray/debris_spray_800342.png,debris_spray,moderate,800342,train
debris_spray/debris_spray_800343.png,debris_spray,minor,800343,train
debris_spray/debris_spray_800344.png,debris_spray,moderate,800344,train
debris_spray/debris_spray_800345.png,debris_spray,moderate,800345,val
debris_spray/debris_spray_800346.png,debris_spray,severe,800346,test
debris_spray/debris_spray_800347.png,debris_spray,minor,800347,train
debris_spray/debris_spray_800348.png,debris_spray,minor,800348,train
debris_spray/debris_spray_800349.png,debris_spray,severe,800349,train
debris_spray/debris_spray_800350.png,debris_spray,severe,800350,train
debris_spray/debris_spray_800351.png,debris_spray,minor,800351,train
debris_spray/debris_spray_800352.png,debris_spray,severe,800352,train
debris_spray/debris_spray_800353.png,debris_spray,severe,800353,train
debris_spray/debris_spray_800354.png,debris_spray,minor,800354,train
debris_spray/debris_spray_800355.png,debris_spray,moderate,800355,train
debris_spray/debris_spray_800356.png,debris_spray,moderate,800356,train
debris_spray/debris_spray_800357.png,debris_spray,severe,800357,test
debris_spray/debris_spray_800358.png,debris_spray,moderate,800358,val
debris_spray/debris_spray_800359.png,debris_spray,minor,800359,train
debris_spray/debris_spray_800360.png,debris_spray,moderate,800360,train
debris_spray/debris_spray_800361.png,debris_spray,moderate,800361,val
debris_spray/debris_spray_800362.png,debris_spray,minor,800362,train
debris_spray/debris_spray_800363.png,debris_spray,minor,800363,val
debris_spray/debris_spray_800364.png,debris_spray,severe,800364,train
debris_spray/debris_spray_800365.png,debris_spray,moderate,800365,train
debris_spray/debris_spray_800366.png,debris_spray,moderate,800366,train
debris_spray/debris_spray_800367.png,debris_spray,moderate,800367,train
debris_spray/debris_spray_800368.png,debris_spray,minor,800368,train
debris_spray/debris_spray_800369.png,debris_spray,minor,800369,train
debris_spray/debris_spray_800370.png,debris_spray,minor,800370,train
debris_spray/debris_spray_800371.png,debris_spray,minor,800371,train
debris_spray/debris_spray_800372.png,debris_spray,severe,800372,val
debris_spray/debris_spray_800373.png,debris_spray,severe,800373,train
debris_spray/debris_spray_800374.png,debris_spray,severe,800374,train
debris_spray/debris_spray_800375.png,debris_spray,severe,800375,train
debris_spray/debris_spray_800376.png,debris_spray,severe,800376,train
debris_spray/debris_spray_800377.png,debris_spray,severe,800377,val
debris_spray/debris_spray_800378.png,debris_spray,severe,800378,train
debris_spray/debris_spray_800379.png,debris_spray,moderate,800379,train
debris_spray/debris_spray_800380.png,debris_spray,severe,800380,train
debris_spray/debris_spray_800381.png,debris_spray,moderate,800381,train
debris_spray/debris_spray_800382.png,debris_spray,minor,800382,train
debris_spray/debris_spray_800383.png,debris_spray,minor,800383,train
debris_spray/debris_spray_800384.png,debris_spray,moderate,800384,test
debris_spray/debris_spray_800385.png,debris_spray,moderate,800385,train
debris_spray/debris_spray_800386.png,debris_spray,severe,800386,train
debris_spray/debris_spray_800387.png,debris_spray,minor,800387,train
debris_spray/debris_spray_800388.png,debris_spray,minor,800388,train
debris_spray/debris_spray_800389.png,debris_spray,minor,800389,train
debris_spray/debris_spray_800390.png,debris_spray,severe,800390,train
debris_spray/debris_spray_800391.png,debris_spray,severe,800391,train
debris_spray/debris_spray_800392.png,debris_spray,minor,800392,test
debris_spray/debris_spray_800393.png,debris_spray,severe,800393,test
debris_spray/debris_spray_800394.png,debris_spray,severe,800394,val
debris_spray/debris_spray_800395.png,debris_spray,minor,800395,train
debris_spray/debris_spray_800396.png,debris_spray,minor,800396,test
debris_spray/debris_spray_800397.png,debris_spray,moderate,800397,train
debris_spray/debris_spray_800398.png,debris_spray,moderate,800398,train
debris_spray/debris_spray_800399.png,debris_spray,minor,800399,val
debris_spray/debris_spray_800400.png,debris_spray,minor,800400,train
debris_spray/debris_spray_800401.png,debris_spray,severe,800401,train
debris_spray/debris_spray_800402.png,debris_spray,severe,800402,train
debris_spray/debris_spray_800403.png,debris_spray,minor,800403,val
debris_spray/debris_spray_800404.png,debris_spray,minor,800404,train
debris_spray/debris_spray_800405.png,debris_spray,severe,800405,train
debris_spray/debris_spray_800406.png,debris_spray,minor,800406,train
debris_spray/debris_spray_800407.png,debris_spray,severe,800407,train
debris_spray/debris_spray_800408.png,debris_spray,severe,800408,train
debris_spray/debris_spray_800409.png,debris_spray,minor,800409,train
debris_spray/debris_spray_800410.png,debris_spray,moderate,800410,train
debris_spray/debris_spray_800411.png,debris_spray,severe,800411,train
debris_spray/debris_spray_800412.png,debris_spray,severe,800412,test
debris_spray/debris_spray_800413.png,debris_spray,severe,800413,train
debris_spray/debris_spray_800414.png,debris_spray,minor,800414,test
debris_spray/debris_spray_800415.png,debris_spray,severe,800415,train
debris_spray/debris_spray_800416.png,debris_spray,minor,800416,train
debris_spray/debris_spray_800417.png,debris_spray,minor,800417,train
debris_spray/debris_spray_800418.png,debris_spray,moderate,800418,train
debris_spray/debris_spray_800419.png,debris_spray,severe,800419,train
debris_spray/debris_spray_800420.png,debris_spray,moderate,800420,val
debris_spray/debris_spray_800421.png,debris_spray,severe,800421,val
debris_spray/debris_spray_800422.png,debris_spray,minor,800422,train
debris_spray/debris_spray_800423.png,debris_spray,moderate,800423,val
debris_spray/debris_spray_800424.png,debris_spray,minor,800424,train
debris_spray/debris_spray_800425.png,debris_spray,moderate,800425,train
debris_spray/debris_spray_800426.png,debris_spray,minor,800426,train
debris_spray/debris_spray_800427.png,debris_spray,minor,800427,train
debris_spray/debris_spray_800428.png,debris_spray,minor,800428,val
debris_spray/debris_spray_800429.png,debris_spray,moderate,800429,val
debris_spray/debris_spray_800430.png,debris_spray,moderate,800430,test
debris_spray/debris_spray_800431.png,debris_spray,minor,800431,train
debris_spray/debris_spray_800432.png,debris_spray,minor,800432,train
debris_spray/debris_spray_800433.png,debris_spray,minor,800433,train
debris_spray/debris_spray_800434.png,debris_spray,minor,800434,train
debris_spray/debris_spray_800435.png,debris_spray,severe,800435,train
debris_spray/debris_spray_800436.png,debris_spray,severe,800436,test
debris_spray/debris_spray_800437.png,debris_spray,minor,800437,val
debris_spray/debris_spray_800438.png,debris_spray,severe,800438,val
debris_spray/debris_spray_800439.png,debris_spray,moderate,800439,train
debris_spray/debris_spray_800440.png,debris_spray,moderate,800440,train
debris_spray/debris_spray_800441.png,debris_spray,moderate,800441,test
debris_spray/debris_spray_800442.png,debris_spray,severe,800442,train
debris_spray/debris_spray_800443.png,debris_spray,minor,800443,train
debris_spray/debris_spray_800444.png,debris_spray,moderate,800444,train
debris_spray/debris_spray_800445.png,debris_spray,moderate,800445,train
debris_spray/debris_spray_800446.png,debris_spray,moderate,800446,val
debris_spray/debris_spray_800447.png,debris_spray,severe,800447,test
debris_spray/debris_spray_800448.png,debris_spray,minor,800448,train
debris_spray/debris_spray_800449.png,debris_spray,minor,800449,train
debris_spray/debris_spray_800450.png,debris_spray,moderate,800450,train
debris_spray/debris_spray_800451.png,debris_spray,moderate,800451,train
debris_spray/debris_spray_800452.png,debris_spray,minor,800452,val
debris_spray/debris_spray_800453.png,debris_spray,minor,800453,val
debris_spray/debris_spray_800454.png,debris_spray,severe,800454,train
debris_spray/debris_spray_800455.png,debris_spray,severe,800455,train
debris_spray/debris_spray_800456.png,debris_spray,moderate,800456,train
debris_spray/debris_spray_800457.png,debris_spray,moderate,800457,train
debris_spray/debris_spray_800458.png,debris_spray,minor,800458,train
debris_spray/debris_spray_800459.png,debris_spray,moderate,800459,train
debris_spray/debris_spray_800460.png,debris_spray,minor,800460,train
debris_spray/debris_spray_800461.png,debris_spray,moderate,800461,val
debris_spray/debris_spray_800462.png,debris_spray,moderate,800462,train
debris_spray/debris_spray_800463.png,debris_spray,minor,800463,val
debris_spray/debris_spray_800464.png,debris_spray,moderate,800464,train
debris_spray/debris_spray_800465.png,debris_spray,severe,800465,train
debris_spray/debris_spray_800466.png,debris_spray,moderate,800466,train
debris_spray/debris_spray_800467.png,debris_spray,minor,800467,train
debris_spray/debris_spray_800468.png,debris_spray,severe,800468,train
debris_spray/debris_spray_800469.png,debris_spray,moderate,800469,train
debris_spray/debris_spray_800470.png,debris_spray,moderate,800470,test
debris_spray/debris_spray_800471.png,debris_spray,minor,800471,train
debris_spray/debris_spray_800472.png,debris_spray,minor,800472,train
debris_spray/debris_spray_800473.png,debris_spray,severe,800473,train
debris_spray/debris_spray_800474.png,debris_spray,severe,800474,val
debris_spray/debris_spray_800475.png,debris_spray,severe,800475,val
debris_spray/debris_spray_800476.png,debris_spray,minor,800476,val
debris_spray/debris_spray_800477.png,debris_spray,minor,800477,train
debris_spray/debris_spray_800478.png,debris_spray,severe,800478,val
debris_spray/debris_spray_800479.png,debris_spray,minor,800479,train
debris_spray/debris_spray_800480.png,debris_spray,moderate,800480,train
debris_spray/debris_spray_800481.png,debris_spray,severe,800481,train
debris_spray/debris_spray_800482.png,debris_spray,minor,800482,val
debris_spray/debris_spray_800483.png,debris_spray,severe,800483,train
debris_spray/debris_spray_800484.png,debris_spray,severe,800484,train
debris_spray/debris_spray_800485.png,debris_spray,severe,800485,train
debris_spray/debris_spray_800486.png,debris_spray,severe,800486,train
debris_spray/debris_spray_800487.png,debris_spray,moderate,800487,val
debris_spray/debris_spray_800488.png,debris_spray,severe,800488,train
debris_spray/debris_spray_800489.png,debris_spray,minor,800489,train
debris_spray/debris_spray_800490.png,debris_spray,moderate,800490,train
debris_spray/debris_spray_800491.png,debris_spray,severe,800491,train
debris_spray/debris_spray_800492.png,debris_spray,severe,800492,train
debris_spray/debris_spray_800493.png,debris_spray,severe,800493,train
debris_spray/debris_spray_800494.png,debris_spray,severe,800494,test
debris_spray/debris_spray_800495.png,debris_spray,moderate,800495,train
debris_spray/debris_spray_800496.png,debris_spray,moderate,800496,train
debris_spray/debris_spray_800497.png,debris_spray,moderate,800497,train
debris_spray/debris_spray_800498.png,debris_spray,moderate,800498,train
debris_spray/debris_spray_800499.png,debris_spray,minor,800499,test
debris_spray/debris_spray_800500.png,debris_spray,moderate,800500,train
debris_spray/debris_spray_800501.png,debris_spray,minor,800501,val
debris_spray/debris_spray_800502.png,debris_spray,minor,800502,train
debris_spray/debris_spray_800503.png,debris_spray,minor,800503,train
debris_spray/debris_spray_800504.png,debris_spray,severe,800504,train
debris_spray/debris_spray_800505.png,debris_spray,minor,800505,test
debris_spray/debris_spray_800506.png,debris_spray,severe,800506,train
debris_spray/debris_spray_800507.png,debris_spray,moderate,800507,train
debris_spray/debris_spray_800508.png,debris_spray,severe,800508,train
debris_spray/debris_spray_800509.png,debris_spray,minor,800509,val
debris_spray/debris_spray_800510.png,debris_spray,minor,800510,train
debris_spray/debris_spray_800511.png,debris_spray,severe,800511,train
debris_spray/debris_spray_800512.png,debris_spray,moderate,800512,train
debris_spray/debris_spray_800513.png,debris_spray,minor,800513,train
debris_spray/debris_spray_800514.png,debris_spray,severe,800514,train
debris_spray/debris_spray_800515.png,debris_spray,severe,800515,val
debris_spray/debris_spray_800516.png,debris_spray,moderate,800516,train
debris_spray/debris_spray_800517.png,debris_spray,severe,800517,train
debris_spray/debris_spray_800518.png,debris_spray,moderate,800518,train
debris_spray/debris_spray_800519.png,debris_spray,severe,800519,train
debris_spray/debris_spray_800520.png,debris_spray,minor,800520,test
debris_spray/debris_spray_800521.png,debris_spray,moderate,800521,val
debris_spray/debris_spray_800522.png,debris_spray,severe,800522,train
debris_spray/debris_spray_800523.png,debris_spray,severe,800523,val
debris_spray/debris_spray_800524.png,debris_spray,severe,800524,test
debris_spray/debris_spray_800525.png,debris_spray,minor,800525,test
debris_spray/debris_spray_800526.png,debris_spray,minor,800526,val
debris_spray/debris_spray_800527.png,debris_spray,severe,800527,val
debris_spray/debris_spray_800528.png,debris_spray,severe,800528,val
debris_spray/debris_spray_800529.png,debris_spray,severe,800529,train
debris_spray/debris_spray_800530.png,debris_spray,severe,800530,test
debris_spray/debris_spray_800531.png,debris_spray,severe,800531,train
debris_spray/debris_spray_800532.png,debris_spray,severe,800532,train
debris_spray/debris_spray_800533.png,debris_spray,moderate,800533,val
debris_spray/debris_spray_800534.png,debris_spray,severe,800534,val
debris_spray/debris_spray_800535.png,debris_spray,severe,800535,train
debris_spray/debris_spray_800536.png,debris_spray,severe,800536,train
debris_spray/debris_spray_800537.png,debris_spray,moderate,800537,train
debris_spray/debris_spray_800538.png,debris_spray,moderate,800538,val
debris_spray/debris_spray_800539.png,debris_spray,severe,800539,test
debris_spray/debris_spray_800540.png,debris_spray,minor,800540,test
debris_spray/debris_spray_800541.png,debris_spray,minor,800541,val
debris_spray/debris_spray_800542.png,debris_spray,minor,800542,val
debris_spray/debris_spray_800543.png,debris_spray,moderate,800543,val
debris_spray/debris_spray_800544.png,debris_spray,moderate,800544,train
debris_spray/debris_spray_800545.png,debris_spray,severe,800545,train
debris_spray/debris_spray_800546.png,debris_spray,minor,800546,train
debris_spray/debris_spray_800547.png,debris_spray,severe,800547,val
debris_spray/debris_spray_800548.png,debris_spray,minor,800548,train
debris_spray/debris_spray_800549.png,debris_spray,minor,800549,train
debris_spray/debris_spray_800550.png,debris_spray,moderate,800550,train
debris_spray/debris_spray_800551.png,debris_spray,severe,800551,val
debris_spray/debris_spray_800552.png,debris_spray,severe,800552,train
debris_spray/debris_spray_800553.png,debris_spray,moderate,800553,train
debris_spray/debris_spray_800554.png,debris_spray,minor,800554,train
debris_spray/debris_spray_800555.png,debris_spray,severe,800555,train
debris_spray/debris_spray_800556.png,debris_spray,severe,800556,train
debris_spray/debris_spray_800557.png,debris_spray,minor,800557,train
debris_spray/debris_spray_800558.png,debris_spray,minor,800558,test
debris_spray/debris_spray_800559.png,debris_spray,moderate,800559,train
debris_spray/debris_spray_800560.png,debris_spray,minor,800560,train
debris_spray/debris_spray_800561.png,debris_spray,minor,800561,train
debris_spray/debris_spray_800562.png,debris_spray,minor,800562,test
debris_spray/debris_spray_800563.png,debris_spray,moderate,800563,train
debris_spray/debris_spray_800564.png,debris_spray,severe,800564,val
debris_spray/debris_spray_800565.png,debris_spray,severe,800565,train
debris_spray/debris_spray_800566.png,debris_spray,moderate,800566,train
debris_spray/debris_spray_800567.png,debris_spray,severe,800567,train
debris_spray/debris_spray_800568.png,debris_spray,severe,800568,train
debris_spray/debris_spray_800569.png,debris_spray,moderate,800569,train
debris_spray/debris_spray_800570.png,debris_spray,severe,800570,train
debris_spray/debris_spray_800571.png,debris_spray,minor,800571,train
debris_spray/debris_spray_800572.png,debris_spray,severe,800572,train
debris_spray/debris_spray_800573.png,debris_spray,moderate,800573,train
debris_spray/debris_spray_800574.png,debris_spray,minor,800574,train
debris_spray/debris_spray_800575.png,debris_spray,severe,800575,train
debris_spray/debris_spray_800576.png,debris_spray,moderate,800576,test
debris_spray/debris_spray_800577.png,debris_spray,severe,800577,train
debris_spray/debris_spray_800578.png,debris_spray,minor,800578,test
debris_spray/debris_spray_800579.png,debris_spray,severe,800579,train
debris_spray/debris_spray_800580.png,debris_spray,moderate,800580,train
debris_spray/debris_spray_800581.png,debris_spray,moderate,800581,test
debris_spray/debris_spray_800582.png,debris_spray,minor,800582,train
debris_spray/debris_spray_800583.png,debris_spray,moderate,800583,train
debris_spray/debris_spray_800584.png,debris_spray,minor,800584,train
debris_spray/debris_spray_800585.png,debris_spray,severe,800585,test
debris_spray/debris_spray_800586.png,debris_spray,moderate,800586,train
debris_spray/debris_spray_800587.png,debris_spray,moderate,800587,test
debris_spray/debris_spray_800588.png,debris_spray,severe,800588,val
debris_spray/debris_spray_800589.png,debris_spray,moderate,800589,train
debris_spray/debris_spray_800590.png,debris_spray,moderate,800590,train
debris_spray/debris_spray_800591.png,debris_spray,minor,800591,train
debris_spray/debris_spray_800592.png,debris_spray,severe,800592,train
debris_spray/debris_spray_800593.png,debris_spray,severe,800593,train
debris_spray/debris_spray_800594.png,debris_spray,minor,800594,train
debris_spray/debris_spray_800595.png,debris_spray,moderate,800595,train
debris_spray/debris_spray_800596.png,debris_spray,minor,800596,train
debris_spray/debris_spray_800597.png,debris_spray,minor,800597,val
debris_spray/debris_spray_800598.png,debris_spray,severe,800598,train
debris_spray/debris_spray_800599.png,debris_spray,minor,800599,train
cfrp_delamination/cfrp_delamination_900000.png,cfrp_delamination,minor,900000,val
cfrp_delamination/cfrp_delamination_900001.png,cfrp_delamination,severe,900001,train
cfrp_delamination/cfrp_delamination_900002.png,cfrp_delamination,minor,900002,train
cfrp_delamination/cfrp_delamination_900003.png,cfrp_delamination,moderate,900003,train
cfrp_delamination/cfrp_delamination_900004.png,cfrp_delamination,minor,900004,test
cfrp_delamination/cfrp_delamination_900005.png,cfrp_delamination,minor,900005,test
cfrp_delamination/cfrp_delamination_900006.png,cfrp_delamination,minor,900006,train
cfrp_delamination/cfrp_delamination_900007.png,cfrp_delamination,moderate,900007,train
cfrp_delamination/cfrp_delamination_900008.png,cfrp_delamination,moderate,900008,test
cfrp_delamination/cfrp_delamination_900009.png,cfrp_delamination,moderate,900009,test
cfrp_delamination/cfrp_delamination_900010.png,cfrp_delamination,minor,900010,val
cfrp_delamination/cfrp_delamination_900011.png,cfrp_delamination,minor,900011,train
cfrp_delamination/cfrp_delamination_900012.png,cfrp_delamination,minor,900012,train
cfrp_delamination/cfrp_delamination_900013.png,cfrp_delamination,moderate,900013,val
cfrp_delamination/cfrp_delamination_900014.png,cfrp_delamination,minor,900014,train
cfrp_delamination/cfrp_delamination_900015.png,cfrp_delamination,minor,900015,train
cfrp_delamination/cfrp_delamination_900016.png,cfrp_delamination,minor,900016,val
cfrp_delamination/cfrp_delamination_900017.png,cfrp_delamination,minor,900017,train
cfrp_delamination/cfrp_delamination_900018.png,cfrp_delamination,severe,900018,val
cfrp_delamination/cfrp_delamination_900019.png,cfrp_delamination,severe,900019,train
cfrp_delamination/cfrp_delamination_900020.png,cfrp_delamination,moderate,900020,train
cfrp_delamination/cfrp_delamination_900021.png,cfrp_delamination,minor,900021,val
cfrp_delamination/cfrp_delamination_900022.png,cfrp_delamination,severe,900022,train
cfrp_delamination/cfrp_delamination_900023.png,cfrp_delamination,severe,900023,train
cfrp_delamination/cfrp_delamination_900024.png,cfrp_delamination,moderate,900024,train
cfrp_delamination/cfrp_delamination_900025.png,cfrp_delamination,moderate,900025,train
cfrp_delamination/cfrp_delamination_900026.png,cfrp_delamination,severe,900026,train
cfrp_delamination/cfrp_delamination_900027.png,cfrp_delamination,moderate,900027,train
cfrp_delamination/cfrp_delamination_900028.png,cfrp_delamination,severe,900028,train
cfrp_delamination/cfrp_delamination_900029.png,cfrp_delamination,minor,900029,test
cfrp_delamination/cfrp_delamination_900030.png,cfrp_delamination,severe,900030,val
cfrp_delamination/cfrp_delamination_900031.png,cfrp_delamination,severe,900031,train
cfrp_delamination/cfrp_delamination_900032.png,cfrp_delamination,severe,900032,train
cfrp_delamination/cfrp_delamination_900033.png,cfrp_delamination,moderate,900033,val
cfrp_delamination/cfrp_delamination_900034.png,cfrp_delamination,severe,900034,train
cfrp_delamination/cfrp_delamination_900035.png,cfrp_delamination,minor,900035,train
cfrp_delamination/cfrp_delamination_900036.png,cfrp_delamination,moderate,900036,train
cfrp_delamination/cfrp_delamination_900037.png,cfrp_delamination,moderate,900037,train
cfrp_delamination/cfrp_delamination_900038.png,cfrp_delamination,moderate,900038,test
cfrp_delamination/cfrp_delamination_900039.png,cfrp_delamination,moderate,900039,train
cfrp_delamination/cfrp_delamination_900040.png,cfrp_delamination,minor,900040,val
cfrp_delamination/cfrp_delamination_900041.png,cfrp_delamination,moderate,900041,val
cfrp_delamination/cfrp_delamination_900042.png,cfrp_delamination,moderate,900042,train
cfrp_delamination/cfrp_delamination_900043.png,cfrp_delamination,moderate,900043,train
cfrp_delamination/cfrp_delamination_900044.png,cfrp_delamination,minor,900044,val
cfrp_delamination/cfrp_delamination_900045.png,cfrp_delamination,minor,900045,train
cfrp_delamination/cfrp_delamination_900046.png,cfrp_delamination,severe,900046,train
cfrp_delamination/cfrp_delamination_900047.png,cfrp_delamination,severe,900047,val
cfrp_delamination/cfrp_delamination_900048.png,cfrp_delamination,moderate,900048,train
cfrp_delamination/cfrp_delamination_900049.png,cfrp_delamination,moderate,900049,train
cfrp_delamination/cfrp_delamination_900050.png,cfrp_delamination,minor,900050,train
cfrp_delamination/cfrp_delamination_900051.png,cfrp_delamination,moderate,900051,train
cfrp_delamination/cfrp_delamination_900052.png,cfrp_delamination,minor,900052,train
cfrp_delamination/cfrp_delamination_900053.png,cfrp_delamination,minor,900053,train
cfrp_delamination/cfrp_delamination_900054.png,cfrp_delamination,moderate,900054,train
cfrp_delamination/cfrp_delamination_900055.png,cfrp_delamination,moderate,900055,train
cfrp_delamination/cfrp_delamination_900056.png,cfrp_delamination,minor,900056,train
cfrp_delamination/cfrp_delamination_900057.png,cfrp_delamination,minor,900057,train
cfrp_delamination/cfrp_delamination_900058.png,cfrp_delamination,severe,900058,train
cfrp_delamination/cfrp_delamination_900059.png,cfrp_delamination,severe,900059,train
cfrp_delamination/cfrp_delamination_900060.png,cfrp_delamination,moderate,900060,val
cfrp_delamination/cfrp_delamination_900061.png,cfrp_delamination,severe,900061,train
cfrp_delamination/cfrp_delamination_900062.png,cfrp_delamination,minor,900062,train
cfrp_delamination/cfrp_delamination_900063.png,cfrp_delamination,severe,900063,train
cfrp_delamination/cfrp_delamination_900064.png,cfrp_delamination,moderate,900064,train
cfrp_delamination/cfrp_delamination_900065.png,cfrp_delamination,minor,900065,train
cfrp_delamination/cfrp_delamination_900066.png,cfrp_delamination,severe,900066,train
cfrp_delamination/cfrp_delamination_900067.png,cfrp_delamination,severe,900067,val
cfrp_delamination/cfrp_delamination_900068.png,cfrp_delamination,minor,900068,train
cfrp_delamination/cfrp_delamination_900069.png,cfrp_delamination,severe,900069,train
cfrp_delamination/cfrp_delamination_900070.png,cfrp_delamination,moderate,900070,train
cfrp_delamination/cfrp_delamination_900071.png,cfrp_delamination,moderate,900071,train
cfrp_delamination/cfrp_delamination_900072.png,cfrp_delamination,severe,900072,val
cfrp_delamination/cfrp_delamination_900073.png,cfrp_delamination,moderate,900073,val
cfrp_delamination/cfrp_delamination_900074.png,cfrp_delamination,minor,900074,train
cfrp_delamination/cfrp_delamination_900075.png,cfrp_delamination,moderate,900075,train
cfrp_delamination/cfrp_delamination_900076.png,cfrp_delamination,severe,900076,val
cfrp_delamination/cfrp_delamination_900077.png,cfrp_delamination,minor,900077,train
cfrp_delamination/cfrp_delamination_900078.png,cfrp_delamination,moderate,900078,test
cfrp_delamination/cfrp_delamination_900079.png,cfrp_delamination,moderate,900079,val
cfrp_delamination/cfrp_delamination_900080.png,cfrp_delamination,moderate,900080,train
cfrp_delamination/cfrp_delamination_900081.png,cfrp_delamination,severe,900081,train
cfrp_delamination/cfrp_delamination_900082.png,cfrp_delamination,severe,900082,train
cfrp_delamination/cfrp_delamination_900083.png,cfrp_delamination,severe,900083,train
cfrp_delamination/cfrp_delamination_900084.png,cfrp_delamination,severe,900084,train
cfrp_delamination/cfrp_delamination_900085.png,cfrp_delamination,moderate,900085,train
cfrp_delamination/cfrp_delamination_900086.png,cfrp_delamination,severe,900086,train
cfrp_delamination/cfrp_delamination_900087.png,cfrp_delamination,moderate,900087,val
cfrp_delamination/cfrp_delamination_900088.png,cfrp_delamination,minor,900088,train
cfrp_delamination/cfrp_delamination_900089.png,cfrp_delamination,severe,900089,train
cfrp_delamination/cfrp_delamination_900090.png,cfrp_delamination,severe,900090,train
cfrp_delamination/cfrp_delamination_900091.png,cfrp_delamination,severe,900091,val
cfrp_delamination/cfrp_delamination_900092.png,cfrp_delamination,severe,900092,val
cfrp_delamination/cfrp_delamination_900093.png,cfrp_delamination,minor,900093,train
cfrp_delamination/cfrp_delamination_900094.png,cfrp_delamination,moderate,900094,train
cfrp_delamination/cfrp_delamination_900095.png,cfrp_delamination,moderate,900095,val
cfrp_delamination/cfrp_delamination_900096.png,cfrp_delamination,moderate,900096,train
cfrp_delamination/cfrp_delamination_900097.png,cfrp_delamination,severe,900097,val
cfrp_delamination/cfrp_delamination_900098.png,cfrp_delamination,minor,900098,test
cfrp_delamination/cfrp_delamination_900099.png,cfrp_delamination,minor,900099,train
cfrp_delamination/cfrp_delamination_900100.png,cfrp_delamination,severe,900100,train
cfrp_delamination/cfrp_delamination_900101.png,cfrp_delamination,minor,900101,val
cfrp_delamination/cfrp_delamination_900102.png,cfrp_delamination,moderate,900102,train
cfrp_delamination/cfrp_delamination_900103.png,cfrp_delamination,minor,900103,train
cfrp_delamination/cfrp_delamination_900104.png,cfrp_delamination,minor,900104,train
cfrp_delamination/cfrp_delamination_900105.png,cfrp_delamination,minor,900105,train
cfrp_delamination/cfrp_delamination_900106.png,cfrp_delamination,minor,900106,val
cfrp_delamination/cfrp_delamination_900107.png,cfrp_delamination,moderate,900107,train
cfrp_delamination/cfrp_delamination_900108.png,cfrp_delamination,moderate,900108,test
cfrp_delamination/cfrp_delamination_900109.png,cfrp_delamination,severe,900109,train
cfrp_delamination/cfrp_delamination_900110.png,cfrp_delamination,moderate,900110,val
cfrp_delamination/cfrp_delamination_900111.png,cfrp_delamination,moderate,900111,train
cfrp_delamination/cfrp_delamination_900112.png,cfrp_delamination,severe,900112,val
cfrp_delamination/cfrp_delamination_900113.png,cfrp_delamination,minor,900113,val
cfrp_delamination/cfrp_delamination_900114.png,cfrp_delamination,severe,900114,train
cfrp_delamination/cfrp_delamination_900115.png,cfrp_delamination,severe,900115,val
cfrp_delamination/cfrp_delamination_900116.png,cfrp_delamination,severe,900116,train
cfrp_delamination/cfrp_delamination_900117.png,cfrp_delamination,minor,900117,train
cfrp_delamination/cfrp_delamination_900118.png,cfrp_delamination,moderate,900118,val
cfrp_delamination/cfrp_delamination_900119.png,cfrp_delamination,minor,900119,train
cfrp_delamination/cfrp_delamination_900120.png,cfrp_delamination,moderate,900120,val
cfrp_delamination/cfrp_delamination_900121.png,cfrp_delamination,severe,900121,train
cfrp_delamination/cfrp_delamination_900122.png,cfrp_delamination,severe,900122,train
cfrp_delamination/cfrp_delamination_900123.png,cfrp_delamination,moderate,900123,test
cfrp_delamination/cfrp_delamination_900124.png,cfrp_delamination,moderate,900124,test
cfrp_delamination/cfrp_delamination_900125.png,cfrp_delamination,minor,900125,train
cfrp_delamination/cfrp_delamination_900126.png,cfrp_delamination,severe,900126,train
cfrp_delamination/cfrp_delamination_900127.png,cfrp_delamination,minor,900127,train
cfrp_delamination/cfrp_delamination_900128.png,cfrp_delamination,moderate,900128,val
cfrp_delamination/cfrp_delamination_900129.png,cfrp_delamination,moderate,900129,train
cfrp_delamination/cfrp_delamination_900130.png,cfrp_delamination,moderate,900130,val
cfrp_delamination/cfrp_delamination_900131.png,cfrp_delamination,minor,900131,val
cfrp_delamination/cfrp_delamination_900132.png,cfrp_delamination,moderate,900132,train
cfrp_delamination/cfrp_delamination_900133.png,cfrp_delamination,moderate,900133,train
cfrp_delamination/cfrp_delamination_900134.png,cfrp_delamination,severe,900134,train
cfrp_delamination/cfrp_delamination_900135.png,cfrp_delamination,severe,900135,train
cfrp_delamination/cfrp_delamination_900136.png,cfrp_delamination,severe,900136,val
cfrp_delamination/cfrp_delamination_900137.png,cfrp_delamination,minor,900137,val
cfrp_delamination/cfrp_delamination_900138.png,cfrp_delamination,moderate,900138,val
cfrp_delamination/cfrp_delamination_900139.png,cfrp_delamination,severe,900139,train
cfrp_delamination/cfrp_delamination_900140.png,cfrp_delamination,minor,900140,test
cfrp_delamination/cfrp_delamination_900141.png,cfrp_delamination,moderate,900141,train
cfrp_delamination/cfrp_delamination_900142.png,cfrp_delamination,moderate,900142,train
cfrp_delamination/cfrp_delamination_900143.png,cfrp_delamination,moderate,900143,train
cfrp_delamination/cfrp_delamination_900144.png,cfrp_delamination,minor,900144,test
cfrp_delamination/cfrp_delamination_900145.png,cfrp_delamination,severe,900145,train
cfrp_delamination/cfrp_delamination_900146.png,cfrp_delamination,minor,900146,train
cfrp_delamination/cfrp_delamination_900147.png,cfrp_delamination,minor,900147,val
cfrp_delamination/cfrp_delamination_900148.png,cfrp_delamination,moderate,900148,train
cfrp_delamination/cfrp_delamination_900149.png,cfrp_delamination,moderate,900149,val
cfrp_delamination/cfrp_delamination_900150.png,cfrp_delamination,severe,900150,train
cfrp_delamination/cfrp_delamination_900151.png,cfrp_delamination,minor,900151,train
cfrp_delamination/cfrp_delamination_900152.png,cfrp_delamination,moderate,900152,train
cfrp_delamination/cfrp_delamination_900153.png,cfrp_delamination,minor,900153,train
cfrp_delamination/cfrp_delamination_900154.png,cfrp_delamination,severe,900154,test
cfrp_delamination/cfrp_delamination_900155.png,cfrp_delamination,minor,900155,train
cfrp_delamination/cfrp_delamination_900156.png,cfrp_delamination,minor,900156,train
cfrp_delamination/cfrp_delamination_900157.png,cfrp_delamination,severe,900157,train
cfrp_delamination/cfrp_delamination_900158.png,cfrp_delamination,moderate,900158,train
cfrp_delamination/cfrp_delamination_900159.png,cfrp_delamination,minor,900159,val
cfrp_delamination/cfrp_delamination_900160.png,cfrp_delamination,minor,900160,train
cfrp_delamination/cfrp_delamination_900161.png,cfrp_delamination,minor,900161,train
cfrp_delamination/cfrp_delamination_900162.png,cfrp_delamination,moderate,900162,train
cfrp_delamination/cfrp_delamination_900163.png,cfrp_delamination,minor,900163,train
cfrp_delamination/cfrp_delamination_900164.png,cfrp_delamination,minor,900164,train
cfrp_delamination/cfrp_delamination_900165.png,cfrp_delamination,moderate,900165,train
cfrp_delamination/cfrp_delamination_900166.png,cfrp_delamination,severe,900166,train
cfrp_delamination/cfrp_delamination_900167.png,cfrp_delamination,severe,900167,val
cfrp_delamination/cfrp_delamination_900168.png,cfrp_delamination,severe,900168,train
cfrp_delamination/cfrp_delamination_900169.png,cfrp_delamination,moderate,900169,train
cfrp_delamination/cfrp_delamination_900170.png,cfrp_delamination,severe,900170,train
cfrp_delamination/cfrp_delamination_900171.png,cfrp_delamination,moderate,900171,train
cfrp_delamination/cfrp_delamination_900172.png,cfrp_delamination,severe,900172,train
cfrp_delamination/cfrp_delamination_900173.png,cfrp_delamination,severe,900173,test
cfrp_delamination/cfrp_delamination_900174.png,cfrp_delamination,minor,900174,train
cfrp_delamination/cfrp_delamination_900175.png,cfrp_delamination,moderate,900175,train
cfrp_delamination/cfrp_delamination_900176.png,cfrp_delamination,minor,900176,train
cfrp_delamination/cfrp_delamination_900177.png,cfrp_delamination,moderate,900177,train
cfrp_delamination/cfrp_delamination_900178.png,cfrp_delamination,severe,900178,train
cfrp_delamination/cfrp_delamination_900179.png,cfrp_delamination,severe,900179,train
cfrp_delamination/cfrp_delamination_900180.png,cfrp_delamination,minor,900180,train
cfrp_delamination/cfrp_delamination_900181.png,cfrp_delamination,severe,900181,train
cfrp_delamination/cfrp_delamination_900182.png,cfrp_delamination,minor,900182,val
cfrp_delamination/cfrp_delamination_900183.png,cfrp_delamination,minor,900183,val
cfrp_delamination/cfrp_delamination_900184.png,cfrp_delamination,moderate,900184,train
cfrp_delamination/cfrp_delamination_900185.png,cfrp_delamination,moderate,900185,train
cfrp_delamination/cfrp_delamination_900186.png,cfrp_delamination,moderate,900186,val
cfrp_delamination/cfrp_delamination_900187.png,cfrp_delamination,severe,900187,train
cfrp_delamination/cfrp_delamination_900188.png,cfrp_delamination,moderate,900188,train
cfrp_delamination/cfrp_delamination_900189.png,cfrp_delamination,minor,900189,train
cfrp_delamination/cfrp_delamination_900190.png,cfrp_delamination,moderate,900190,val
cfrp_delamination/cfrp_delamination_900191.png,cfrp_delamination,severe,900191,val
cfrp_delamination/cfrp_delamination_900192.png,cfrp_delamination,minor,900192,train
cfrp_delamination/cfrp_delamination_900193.png,cfrp_delamination,severe,900193,train
cfrp_delamination/cfrp_delamination_900194.png,cfrp_delamination,severe,900194,test
cfrp_delamination/cfrp_delamination_900195.png,cfrp_delamination,severe,900195,val
cfrp_delamination/cfrp_delamination_900196.png,cfrp_delamination,moderate,900196,train
cfrp_delamination/cfrp_delamination_900197.png,cfrp_delamination,severe,900197,train
cfrp_delamination/cfrp_delamination_900198.png,cfrp_delamination,moderate,900198,test
cfrp_delamination/cfrp_delamination_900199.png,cfrp_delamination,severe,900199,train
cfrp_delamination/cfrp_delamination_900200.png,cfrp_delamination,severe,900200,train
cfrp_delamination/cfrp_delamination_900201.png,cfrp_delamination,moderate,900201,train
cfrp_delamination/cfrp_delamination_900202.png,cfrp_delamination,minor,900202,test
cfrp_delamination/cfrp_delamination_900203.png,cfrp_delamination,severe,900203,train
cfrp_delamination/cfrp_delamination_900204.png,cfrp_delamination,minor,900204,train
cfrp_delamination/cfrp_delamination_900205.png,cfrp_delamination,severe,900205,train
cfrp_delamination/cfrp_delamination_900206.png,cfrp_delamination,severe,900206,train
cfrp_delamination/cfrp_delamination_900207.png,cfrp_delamination,minor,900207,test
cfrp_delamination/cfrp_delamination_900208.png,cfrp_delamination,moderate,900208,train
cfrp_delamination/cfrp_delamination_900209.png,cfrp_delamination,moderate,900209,val
cfrp_delamination/cfrp_delamination_900210.png,cfrp_delamination,moderate,900210,train
cfrp_delamination/cfrp_delamination_900211.png,cfrp_delamination,moderate,900211,test
cfrp_delamination/cfrp_delamination_900212.png,cfrp_delamination,severe,900212,test
cfrp_delamination/cfrp_delamination_900213.png,cfrp_delamination,minor,900213,train
cfrp_delamination/cfrp_delamination_900214.png,cfrp_delamination,minor,900214,train
cfrp_delamination/cfrp_delamination_900215.png,cfrp_delamination,severe,900215,train
cfrp_delamination/cfrp_delamination_900216.png,cfrp_delamination,minor,900216,val
cfrp_delamination/cfrp_delamination_900217.png,cfrp_delamination,severe,900217,train
cfrp_delamination/cfrp_delamination_900218.png,cfrp_delamination,minor,900218,train
cfrp_delamination/cfrp_delamination_900219.png,cfrp_delamination,minor,900219,train
cfrp_delamination/cfrp_delamination_900220.png,cfrp_delamination,severe,900220,train
cfrp_delamination/cfrp_delamination_900221.png,cfrp_delamination,severe,900221,train
cfrp_delamination/cfrp_delamination_900222.png,cfrp_delamination,moderate,900222,test
cfrp_delamination/cfrp_delamination_900223.png,cfrp_delamination,moderate,900223,val
cfrp_delamination/cfrp_delamination_900224.png,cfrp_delamination,severe,900224,train
cfrp_delamination/cfrp_delamination_900225.png,cfrp_delamination,severe,900225,test
cfrp_delamination/cfrp_delamination_900226.png,cfrp_delamination,minor,900226,train
cfrp_delamination/cfrp_delamination_900227.png,cfrp_delamination,severe,900227,train
cfrp_delamination/cfrp_delamination_900228.png,cfrp_delamination,moderate,900228,test
cfrp_delamination/cfrp_delamination_900229.png,cfrp_delamination,severe,900229,train
cfrp_delamination/cfrp_delamination_900230.png,cfrp_delamination,severe,900230,train
cfrp_delamination/cfrp_delamination_900231.png,cfrp_delamination,minor,900231,val
cfrp_delamination/cfrp_delamination_900232.png,cfrp_delamination,minor,900232,train
cfrp_delamination/cfrp_delamination_900233.png,cfrp_delamination,minor,900233,train
cfrp_delamination/cfrp_delamination_900234.png,cfrp_delamination,minor,900234,test
cfrp_delamination/cfrp_delamination_900235.png,cfrp_delamination,severe,900235,train
cfrp_delamination/cfrp_delamination_900236.png,cfrp_delamination,moderate,900236,train
cfrp_delamination/cfrp_delamination_900237.png,cfrp_delamination,minor,900237,train
cfrp_delamination/cfrp_delamination_900238.png,cfrp_delamination,minor,900238,train
cfrp_delamination/cfrp_delamination_900239.png,cfrp_delamination,minor,900239,train
cfrp_delamination/cfrp_delamination_900240.png,cfrp_delamination,minor,900240,val
cfrp_delamination/cfrp_delamination_900241.png,cfrp_delamination,severe,900241,val
cfrp_delamination/cfrp_delamination_900242.png,cfrp_delamination,minor,900242,train
cfrp_delamination/cfrp_delamination_900243.png,cfrp_delamination,moderate,900243,val
cfrp_delamination/cfrp_delamination_900244.png,cfrp_delamination,minor,900244,train
cfrp_delamination/cfrp_delamination_900245.png,cfrp_delamination,minor,900245,train
cfrp_delamination/cfrp_delamination_900246.png,cfrp_delamination,minor,900246,train
cfrp_delamination/cfrp_delamination_900247.png,cfrp_delamination,moderate,900247,train
cfrp_delamination/cfrp_delamination_900248.png,cfrp_delamination,moderate,900248,val
cfrp_delamination/cfrp_delamination_900249.png,cfrp_delamination,moderate,900249,train
cfrp_delamination/cfrp_delamination_900250.png,cfrp_delamination,minor,900250,train
cfrp_delamination/cfrp_delamination_900251.png,cfrp_delamination,minor,900251,train
cfrp_delamination/cfrp_delamination_900252.png,cfrp_delamination,minor,900252,train
cfrp_delamination/cfrp_delamination_900253.png,cfrp_delamination,moderate,900253,train
cfrp_delamination/cfrp_delamination_900254.png,cfrp_delamination,minor,900254,train
cfrp_delamination/cfrp_delamination_900255.png,cfrp_delamination,minor,900255,train
cfrp_delamination/cfrp_delamination_900256.png,cfrp_delamination,minor,900256,train
cfrp_delamination/cfrp_delamination_900257.png,cfrp_delamination,minor,900257,train
cfrp_delamination/cfrp_delamination_900258.png,cfrp_delamination,severe,900258,val
cfrp_delamination/cfrp_delamination_900259.png,cfrp_delamination,severe,900259,train
cfrp_delamination/cfrp_delamination_900260.png,cfrp_delamination,moderate,900260,train
cfrp_delamination/cfrp_delamination_900261.png,cfrp_delamination,minor,900261,train
cfrp_delamination/cfrp_delamination_900262.png,cfrp_delamination,severe,900262,test
cfrp_delamination/cfrp_delamination_900263.png,cfrp_delamination,severe,900263,train
cfrp_delamination/cfrp_delamination_900264.png,cfrp_delamination,moderate,900264,train
cfrp_delamination/cfrp_delamination_900265.png,cfrp_delamination,moderate,900265,train
cfrp_delamination/cfrp_delamination_900266.png,cfrp_delamination,severe,900266,train
cfrp_delamination/cfrp_delamination_900267.png,cfrp_delamination,moderate,900267,train
cfrp_delamination/cfrp_delamination_900268.png,cfrp_delamination,severe,900268,train
cfrp_delamination/cfrp_delamination_900269.png,cfrp_delamination,minor,900269,train
cfrp_delamination/cfrp_delamination_900270.png,cfrp_delamination,severe,900270,val
cfrp_delamination/cfrp_delamination_900271.png,cfrp_delamination,severe,900271,test
cfrp_delamination/cfrp_delamination_900272.png,cfrp_delamination,severe,900272,train
cfrp_delamination/cfrp_delamination_900273.png,cfrp_delamination,moderate,900273,train
cfrp_delamination/cfrp_delamination_900274.png,cfrp_delamination,severe,900274,train
cfrp_delamination/cfrp_delamination_900275.png,cfrp_delamination,minor,900275,train
cfrp_delamination/cfrp_delamination_900276.png,cfrp_delamination,moderate,900276,train
cfrp_delamination/cfrp_delamination_900277.png,cfrp_delamination,moderate,900277,train
cfrp_delamination/cfrp_delamination_900278.png,cfrp_delamination,moderate,900278,val
cfrp_delamination/cfrp_delamination_900279.png,cfrp_delamination,moderate,900279,train
cfrp_delamination/cfrp_delamination_900280.png,cfrp_delamination,minor,900280,val
cfrp_delamination/cfrp_delamination_900281.png,cfrp_delamination,moderate,900281,test
cfrp_delamination/cfrp_delamination_900282.png,cfrp_delamination,moderate,900282,train
cfrp_delamination/cfrp_delamination_900283.png,cfrp_delamination,moderate,900283,train
cfrp_delamination/cfrp_delamination_900284.png,cfrp_delamination,minor,900284,train
cfrp_delamination/cfrp_delamination_900285.png,cfrp_delamination,minor,900285,train
cfrp_delamination/cfrp_delamination_900286.png,cfrp_delamination,severe,900286,train
cfrp_delamination/cfrp_delamination_900287.png,cfrp_delamination,severe,900287,val
cfrp_delamination/cfrp_delamination_900288.png,cfrp_delamination,moderate,900288,val
cfrp_delamination/cfrp_delamination_900289.png,cfrp_delamination,moderate,900289,val
cfrp_delamination/cfrp_delamination_900290.png,cfrp_delamination,minor,900290,train
cfrp_delamination/cfrp_delamination_900291.png,cfrp_delamination,moderate,900291,test
cfrp_delamination/cfrp_delamination_900292.png,cfrp_delamination,minor,900292,train
cfrp_delamination/cfrp_delamination_900293.png,cfrp_delamination,minor,900293,train
cfrp_delamination/cfrp_delamination_900294.png,cfrp_delamination,moderate,900294,train
cfrp_delamination/cfrp_delamination_900295.png,cfrp_delamination,moderate,900295,test
cfrp_delamination/cfrp_delamination_900296.png,cfrp_delamination,minor,900296,test
cfrp_delamination/cfrp_delamination_900297.png,cfrp_delamination,minor,900297,train
cfrp_delamination/cfrp_delamination_900298.png,cfrp_delamination,severe,900298,train
cfrp_delamination/cfrp_delamination_900299.png,cfrp_delamination,severe,900299,train
cfrp_delamination/cfrp_delamination_900300.png,cfrp_delamination,moderate,900300,train
cfrp_delamination/cfrp_delamination_900301.png,cfrp_delamination,severe,900301,val
cfrp_delamination/cfrp_delamination_900302.png,cfrp_delamination,minor,900302,val
cfrp_delamination/cfrp_delamination_900303.png,cfrp_delamination,severe,900303,val
cfrp_delamination/cfrp_delamination_900304.png,cfrp_delamination,moderate,900304,train
cfrp_delamination/cfrp_delamination_900305.png,cfrp_delamination,minor,900305,train
cfrp_delamination/cfrp_delamination_900306.png,cfrp_delamination,severe,900306,train
cfrp_delamination/cfrp_delamination_900307.png,cfrp_delamination,severe,900307,train
cfrp_delamination/cfrp_delamination_900308.png,cfrp_delamination,minor,900308,val
cfrp_delamination/cfrp_delamination_900309.png,cfrp_delamination,severe,900309,train
cfrp_delamination/cfrp_delamination_900310.png,cfrp_delamination,moderate,900310,train
cfrp_delamination/cfrp_delamination_900311.png,cfrp_delamination,moderate,900311,train
cfrp_delamination/cfrp_delamination_900312.png,cfrp_delamination,severe,900312,train
cfrp_delamination/cfrp_delamination_900313.png,cfrp_delamination,moderate,900313,val
cfrp_delamination/cfrp_delamination_900314.png,cfrp_delamination,minor,900314,val
cfrp_delamination/cfrp_delamination_900315.png,cfrp_delamination,moderate,900315,train
cfrp_delamination/cfrp_delamination_900316.png,cfrp_delamination,severe,900316,train
cfrp_delamination/cfrp_delamination_900317.png,cfrp_delamination,minor,900317,train
cfrp_delamination/cfrp_delamination_900318.png,cfrp_delamination,moderate,900318,train
cfrp_delamination/cfrp_delamination_900319.png,cfrp_delamination,moderate,900319,train
cfrp_delamination/cfrp_delamination_900320.png,cfrp_delamination,moderate,900320,train
cfrp_delamination/cfrp_delamination_900321.png,cfrp_delamination,severe,900321,train
cfrp_delamination/cfrp_delamination_900322.png,cfrp_delamination,severe,900322,val
cfrp_delamination/cfrp_delamination_900323.png,cfrp_delamination,severe,900323,train
cfrp_delamination/cfrp_delamination_900324.png,cfrp_delamination,severe,900324,train
cfrp_delamination/cfrp_delamination_900325.png,cfrp_delamination,moderate,900325,train
cfrp_delamination/cfrp_delamination_900326.png,cfrp_delamination,severe,900326,val
cfrp_delamination/cfrp_delamination_900327.png,cfrp_delamination,moderate,900327,train
cfrp_delamination/cfrp_delamination_900328.png,cfrp_delamination,minor,900328,train
cfrp_delamination/cfrp_delamination_900329.png,cfrp_delamination,severe,900329,train
cfrp_delamination/cfrp_delamination_900330.png,cfrp_delamination,severe,900330,train
cfrp_delamination/cfrp_delamination_900331.png,cfrp_delamination,severe,900331,train
cfrp_delamination/cfrp_delamination_900332.png,cfrp_delamination,severe,900332,train
cfrp_delamination/cfrp_delamination_900333.png,cfrp_delamination,minor,900333,train
cfrp_delamination/cfrp_delamination_900334.png,cfrp_delamination,moderate,900334,train
cfrp_delamination/cfrp_delamination_900335.png,cfrp_delamination,moderate,900335,train
cfrp_delamination/cfrp_delamination_900336.png,cfrp_delamination,moderate,900336,train
cfrp_delamination/cfrp_delamination_900337.png,cfrp_delamination,severe,900337,train
cfrp_delamination/cfrp_delamination_900338.png,cfrp_delamination,minor,900338,val
cfrp_delamination/cfrp_delamination_900339.png,cfrp_delamination,minor,900339,test
cfrp_delamination/cfrp_delamination_900340.png,cfrp_delamination,severe,900340,train
cfrp_delamination/cfrp_delamination_900341.png,cfrp_delamination,minor,900341,train
cfrp_delamination/cfrp_delamination_900342.png,cfrp_delamination,moderate,900342,train
cfrp_delamination/cfrp_delamination_900343.png,cfrp_delamination,minor,900343,val
cfrp_delamination/cfrp_delamination_900344.png,cfrp_delamination,minor,900344,train
cfrp_delamination/cfrp_delamination_900345.png,cfrp_delamination,minor,900345,train
cfrp_delamination/cfrp_delamination_900346.png,cfrp_delamination,minor,900346,train
cfrp_delamination/cfrp_delamination_900347.png,cfrp_delamination,moderate,900347,train
cfrp_delamination/cfrp_delamination_900348.png,cfrp_delamination,moderate,900348,train
cfrp_delamination/cfrp_delamination_900349.png,cfrp_delamination,severe,900349,train
cfrp_delamination/cfrp_delamination_900350.png,cfrp_delamination,moderate,900350,train
cfrp_delamination/cfrp_delamination_900351.png,cfrp_delamination,moderate,900351,test
cfrp_delamination/cfrp_delamination_900352.png,cfrp_delamination,severe,900352,train
cfrp_delamination/cfrp_delamination_900353.png,cfrp_delamination,minor,900353,train
cfrp_delamination/cfrp_delamination_900354.png,cfrp_delamination,severe,900354,test
cfrp_delamination/cfrp_delamination_900355.png,cfrp_delamination,severe,900355,train
cfrp_delamination/cfrp_delamination_900356.png,cfrp_delamination,severe,900356,train
cfrp_delamination/cfrp_delamination_900357.png,cfrp_delamination,minor,900357,train
cfrp_delamination/cfrp_delamination_900358.png,cfrp_delamination,moderate,900358,train
cfrp_delamination/cfrp_delamination_900359.png,cfrp_delamination,minor,900359,train
cfrp_delamination/cfrp_delamination_900360.png,cfrp_delamination,moderate,900360,test
cfrp_delamination/cfrp_delamination_900361.png,cfrp_delamination,severe,900361,val
cfrp_delamination/cfrp_delamination_900362.png,cfrp_delamination,severe,900362,test
cfrp_delamination/cfrp_delamination_900363.png,cfrp_delamination,moderate,900363,val
cfrp_delamination/cfrp_delamination_900364.png,cfrp_delamination,moderate,900364,train
cfrp_delamination/cfrp_delamination_900365.png,cfrp_delamination,minor,900365,train
cfrp_delamination/cfrp_delamination_900366.png,cfrp_delamination,severe,900366,train
cfrp_delamination/cfrp_delamination_900367.png,cfrp_delamination,minor,900367,test
cfrp_delamination/cfrp_delamination_900368.png,cfrp_delamination,moderate,900368,train
cfrp_delamination/cfrp_delamination_900369.png,cfrp_delamination,moderate,900369,train
cfrp_delamination/cfrp_delamination_900370.png,cfrp_delamination,moderate,900370,val
cfrp_delamination/cfrp_delamination_900371.png,cfrp_delamination,minor,900371,val
cfrp_delamination/cfrp_delamination_900372.png,cfrp_delamination,moderate,900372,train
cfrp_delamination/cfrp_delamination_900373.png,cfrp_delamination,moderate,900373,train
cfrp_delamination/cfrp_delamination_900374.png,cfrp_delamination,severe,900374,train
cfrp_delamination/cfrp_delamination_900375.png,cfrp_delamination,severe,900375,test
cfrp_delamination/cfrp_delamination_900376.png,cfrp_delamination,severe,900376,train
cfrp_delamination/cfrp_delamination_900377.png,cfrp_delamination,minor,900377,train
cfrp_delamination/cfrp_delamination_900378.png,cfrp_delamination,moderate,900378,test
cfrp_delamination/cfrp_delamination_900379.png,cfrp_delamination,severe,900379,train
cfrp_delamination/cfrp_delamination_900380.png,cfrp_delamination,minor,900380,train
cfrp_delamination/cfrp_delamination_900381.png,cfrp_delamination,moderate,900381,train
cfrp_delamination/cfrp_delamination_900382.png,cfrp_delamination,moderate,900382,train
cfrp_delamination/cfrp_delamination_900383.png,cfrp_delamination,moderate,900383,val
cfrp_delamination/cfrp_delamination_900384.png,cfrp_delamination,minor,900384,val
cfrp_delamination/cfrp_delamination_900385.png,cfrp_delamination,severe,900385,test
cfrp_delamination/cfrp_delamination_900386.png,cfrp_delamination,minor,900386,val
cfrp_delamination/cfrp_delamination_900387.png,cfrp_delamination,minor,900387,train
cfrp_delamination/cfrp_delamination_900388.png,cfrp_delamination,moderate,900388,train
cfrp_delamination/cfrp_delamination_900389.png,cfrp_delamination,moderate,900389,val
cfrp_delamination/cfrp_delamination_900390.png,cfrp_delamination,severe,900390,train
cfrp_delamination/cfrp_delamination_900391.png,cfrp_delamination,minor,900391,test
cfrp_delamination/cfrp_delamination_900392.png,cfrp_delamination,moderate,900392,train
cfrp_delamination/cfrp_delamination_900393.png,cfrp_delamination,minor,900393,train
cfrp_delamination/cfrp_delamination_900394.png,cfrp_delamination,severe,900394,test
cfrp_delamination/cfrp_delamination_900395.png,cfrp_delamination,minor,900395,test
cfrp_delamination/cfrp_delamination_900396.png,cfrp_delamination,minor,900396,train
cfrp_delamination/cfrp_delamination_900397.png,cfrp_delamination,severe,900397,val
cfrp_delamination/cfrp_delamination_900398.png,cfrp_delamination,moderate,900398,train
cfrp_delamination/cfrp_delamination_900399.png,cfrp_delamination,minor,900399,train
cfrp_delamination/cfrp_delamination_900400.png,cfrp_delamination,minor,900400,train
cfrp_delamination/cfrp_delamination_900401.png,cfrp_delamination,minor,900401,train
cfrp_delamination/cfrp_delamination_900402.png,cfrp_delamination,moderate,900402,train
cfrp_delamination/cfrp_delamination_900403.png,cfrp_delamination,minor,900403,train
cfrp_delamination/cfrp_delamination_900404.png,cfrp_delamination,minor,900404,test
cfrp_delamination/cfrp_delamination_900405.png,cfrp_delamination,moderate,900405,train
cfrp_delamination/cfrp_delamination_900406.png,cfrp_delamination,severe,900406,val
cfrp_delamination/cfrp_delamination_900407.png,cfrp_delamination,severe,900407,train
cfrp_delamination/cfrp_delamination_900408.png,cfrp_delamination,severe,900408,train
cfrp_delamination/cfrp_delamination_900409.png,cfrp_delamination,moderate,900409,train
cfrp_delamination/cfrp_delamination_900410.png,cfrp_delamination,severe,900410,val
cfrp_delamination/cfrp_delamination_900411.png,cfrp_delamination,moderate,900411,train
cfrp_delamination/cfrp_delamination_900412.png,cfrp_delamination,severe,900412,val
cfrp_delamination/cfrp_delamination_900413.png,cfrp_delamination,severe,900413,val
cfrp_delamination/cfrp_delamination_900414.png,cfrp_delamination,minor,900414,train
cfrp_delamination/cfrp_delamination_900415.png,cfrp_delamination,moderate,900415,train
cfrp_delamination/cfrp_delamination_900416.png,cfrp_delamination,minor,900416,train
cfrp_delamination/cfrp_delamination_900417.png,cfrp_delamination,moderate,900417,train
cfrp_delamination/cfrp_delamination_900418.png,cfrp_delamination,severe,900418,val
cfrp_delamination/cfrp_delamination_900419.png,cfrp_delamination,severe,900419,train
cfrp_delamination/cfrp_delamination_900420.png,cfrp_delamination,minor,900420,train
cfrp_delamination/cfrp_delamination_900421.png,cfrp_delamination,severe,900421,train
cfrp_delamination/cfrp_delamination_900422.png,cfrp_delamination,minor,900422,train
cfrp_delamination/cfrp_delamination_900423.png,cfrp_delamination,minor,900423,train
cfrp_delamination/cfrp_delamination_900424.png,cfrp_delamination,moderate,900424,train
cfrp_delamination/cfrp_delamination_900425.png,cfrp_delamination,moderate,900425,train
cfrp_delamination/cfrp_delamination_900426.png,cfrp_delamination,moderate,900426,train
cfrp_delamination/cfrp_delamination_900427.png,cfrp_delamination,severe,900427,train
cfrp_delamination/cfrp_delamination_900428.png,cfrp_delamination,moderate,900428,train
cfrp_delamination/cfrp_delamination_900429.png,cfrp_delamination,minor,900429,train
cfrp_delamination/cfrp_delamination_900430.png,cfrp_delamination,moderate,900430,train
cfrp_delamination/cfrp_delamination_900431.png,cfrp_delamination,severe,900431,train
cfrp_delamination/cfrp_delamination_900432.png,cfrp_delamination,minor,900432,train
cfrp_delamination/cfrp_delamination_900433.png,cfrp_delamination,severe,900433,train
cfrp_delamination/cfrp_delamination_900434.png,cfrp_delamination,severe,900434,train
cfrp_delamination/cfrp_delamination_900435.png,cfrp_delamination,severe,900435,val
cfrp_delamination/cfrp_delamination_900436.png,cfrp_delamination,moderate,900436,val
cfrp_delamination/cfrp_delamination_900437.png,cfrp_delamination,severe,900437,train
cfrp_delamination/cfrp_delamination_900438.png,cfrp_delamination,moderate,900438,train
cfrp_delamination/cfrp_delamination_900439.png,cfrp_delamination,severe,900439,train
cfrp_delamination/cfrp_delamination_900440.png,cfrp_delamination,severe,900440,train
cfrp_delamination/cfrp_delamination_900441.png,cfrp_delamination,moderate,900441,train
cfrp_delamination/cfrp_delamination_900442.png,cfrp_delamination,minor,900442,val
cfrp_delamination/cfrp_delamination_900443.png,cfrp_delamination,severe,900443,val
cfrp_delamination/cfrp_delamination_900444.png,cfrp_delamination,minor,900444,val
cfrp_delamination/cfrp_delamination_900445.png,cfrp_delamination,severe,900445,train
cfrp_delamination/cfrp_delamination_900446.png,cfrp_delamination,severe,900446,train
cfrp_delamination/cfrp_delamination_900447.png,cfrp_delamination,minor,900447,train
cfrp_delamination/cfrp_delamination_900448.png,cfrp_delamination,moderate,900448,train
cfrp_delamination/cfrp_delamination_900449.png,cfrp_delamination,moderate,900449,train
cfrp_delamination/cfrp_delamination_900450.png,cfrp_delamination,moderate,900450,test
cfrp_delamination/cfrp_delamination_900451.png,cfrp_delamination,moderate,900451,test
cfrp_delamination/cfrp_delamination_900452.png,cfrp_delamination,severe,900452,train
cfrp_delamination/cfrp_delamination_900453.png,cfrp_delamination,minor,900453,train
cfrp_delamination/cfrp_delamination_900454.png,cfrp_delamination,minor,900454,train
cfrp_delamination/cfrp_delamination_900455.png,cfrp_delamination,severe,900455,train
cfrp_delamination/cfrp_delamination_900456.png,cfrp_delamination,minor,900456,train
cfrp_delamination/cfrp_delamination_900457.png,cfrp_delamination,severe,900457,train
cfrp_delamination/cfrp_delamination_900458.png,cfrp_delamination,minor,900458,train
cfrp_delamination/cfrp_delamination_900459.png,cfrp_delamination,minor,900459,train
cfrp_delamination/cfrp_delamination_900460.png,cfrp_delamination,severe,900460,train
cfrp_delamination/cfrp_delamination_900461.png,cfrp_delamination,severe,900461,train
cfrp_delamination/cfrp_delamination_900462.png,cfrp_delamination,moderate,900462,train
cfrp_delamination/cfrp_delamination_900463.png,cfrp_delamination,moderate,900463,train
cfrp_delamination/cfrp_delamination_900464.png,cfrp_delamination,severe,900464,test
cfrp_delamination/cfrp_delamination_900465.png,cfrp_delamination,severe,900465,train
cfrp_delamination/cfrp_delamination_900466.png,cfrp_delamination,minor,900466,train
cfrp_delamination/cfrp_delamination_900467.png,cfrp_delamination,severe,900467,test
cfrp_delamination/cfrp_delamination_900468.png,cfrp_delamination,moderate,900468,val
cfrp_delamination/cfrp_delamination_900469.png,cfrp_delamination,severe,900469,val
cfrp_delamination/cfrp_delamination_900470.png,cfrp_delamination,severe,900470,train
cfrp_delamination/cfrp_delamination_900471.png,cfrp_delamination,minor,900471,val
cfrp_delamination/cfrp_delamination_900472.png,cfrp_delamination,minor,900472,train
cfrp_delamination/cfrp_delamination_900473.png,cfrp_delamination,minor,900473,train
cfrp_delamination/cfrp_delamination_900474.png,cfrp_delamination,minor,900474,train
cfrp_delamination/cfrp_delamination_900475.png,cfrp_delamination,severe,900475,test
cfrp_delamination/cfrp_delamination_900476.png,cfrp_delamination,moderate,900476,val
cfrp_delamination/cfrp_delamination_900477.png,cfrp_delamination,minor,900477,train
cfrp_delamination/cfrp_delamination_900478.png,cfrp_delamination,minor,900478,test
cfrp_delamination/cfrp_delamination_900479.png,cfrp_delamination,minor,900479,val
cfrp_delamination/cfrp_delamination_900480.png,cfrp_delamination,minor,900480,val
cfrp_delamination/cfrp_delamination_900481.png,cfrp_delamination,severe,900481,train
cfrp_delamination/cfrp_delamination_900482.png,cfrp_delamination,minor,900482,val
cfrp_delamination/cfrp_delamination_900483.png,cfrp_delamination,moderate,900483,train
cfrp_delamination/cfrp_delamination_900484.png,cfrp_delamination,minor,900484,val
cfrp_delamination/cfrp_delamination_900485.png,cfrp_delamination,minor,900485,train
cfrp_delamination/cfrp_delamination_900486.png,cfrp_delamination,minor,900486,train
cfrp_delamination/cfrp_delamination_900487.png,cfrp_delamination,moderate,900487,train
cfrp_delamination/cfrp_delamination_900488.png,cfrp_delamination,moderate,900488,train
cfrp_delamination/cfrp_delamination_900489.png,cfrp_delamination,moderate,900489,train
cfrp_delamination/cfrp_delamination_900490.png,cfrp_delamination,minor,900490,train
cfrp_delamination/cfrp_delamination_900491.png,cfrp_delamination,minor,900491,train
cfrp_delamination/cfrp_delamination_900492.png,cfrp_delamination,minor,900492,test
cfrp_delamination/cfrp_delamination_900493.png,cfrp_delamination,moderate,900493,train
cfrp_delamination/cfrp_delamination_900494.png,cfrp_delamination,minor,900494,train
cfrp_delamination/cfrp_delamination_900495.png,cfrp_delamination,minor,900495,train
cfrp_delamination/cfrp_delamination_900496.png,cfrp_delamination,minor,900496,test
cfrp_delamination/cfrp_delamination_900497.png,cfrp_delamination,minor,900497,val
cfrp_delamination/cfrp_delamination_900498.png,cfrp_delamination,severe,900498,train
cfrp_delamination/cfrp_delamination_900499.png,cfrp_delamination,severe,900499,train
cfrp_delamination/cfrp_delamination_900500.png,cfrp_delamination,moderate,900500,val
cfrp_delamination/cfrp_delamination_900501.png,cfrp_delamination,minor,900501,val
cfrp_delamination/cfrp_delamination_900502.png,cfrp_delamination,severe,900502,train
cfrp_delamination/cfrp_delamination_900503.png,cfrp_delamination,severe,900503,train
cfrp_delamination/cfrp_delamination_900504.png,cfrp_delamination,moderate,900504,train
cfrp_delamination/cfrp_delamination_900505.png,cfrp_delamination,moderate,900505,val
cfrp_delamination/cfrp_delamination_900506.png,cfrp_delamination,severe,900506,train
cfrp_delamination/cfrp_delamination_900507.png,cfrp_delamination,moderate,900507,train
cfrp_delamination/cfrp_delamination_900508.png,cfrp_delamination,severe,900508,train
cfrp_delamination/cfrp_delamination_900509.png,cfrp_delamination,minor,900509,train
cfrp_delamination/cfrp_delamination_900510.png,cfrp_delamination,severe,900510,train
cfrp_delamination/cfrp_delamination_900511.png,cfrp_delamination,severe,900511,val
cfrp_delamination/cfrp_delamination_900512.png,cfrp_delamination,severe,900512,train
cfrp_delamination/cfrp_delamination_900513.png,cfrp_delamination,moderate,900513,train
cfrp_delamination/cfrp_delamination_900514.png,cfrp_delamination,severe,900514,val
cfrp_delamination/cfrp_delamination_900515.png,cfrp_delamination,minor,900515,train
cfrp_delamination/cfrp_delamination_900516.png,cfrp_delamination,moderate,900516,val
cfrp_delamination/cfrp_delamination_900517.png,cfrp_delamination,moderate,900517,train
cfrp_delamination/cfrp_delamination_900518.png,cfrp_delamination,moderate,900518,train
cfrp_delamination/cfrp_delamination_900519.png,cfrp_delamination,moderate,900519,train
cfrp_delamination/cfrp_delamination_900520.png,cfrp_delamination,minor,900520,train
cfrp_delamination/cfrp_delamination_900521.png,cfrp_delamination,moderate,900521,train
cfrp_delamination/cfrp_delamination_900522.png,cfrp_delamination,moderate,900522,train
cfrp_delamination/cfrp_delamination_900523.png,cfrp_delamination,moderate,900523,train
cfrp_delamination/cfrp_delamination_900524.png,cfrp_delamination,minor,900524,train
cfrp_delamination/cfrp_delamination_900525.png,cfrp_delamination,minor,900525,train
cfrp_delamination/cfrp_delamination_900526.png,cfrp_delamination,severe,900526,val
cfrp_delamination/cfrp_delamination_900527.png,cfrp_delamination,severe,900527,train
cfrp_delamination/cfrp_delamination_900528.png,cfrp_delamination,moderate,900528,train
cfrp_delamination/cfrp_delamination_900529.png,cfrp_delamination,moderate,900529,train
cfrp_delamination/cfrp_delamination_900530.png,cfrp_delamination,minor,900530,train
cfrp_delamination/cfrp_delamination_900531.png,cfrp_delamination,moderate,900531,val
cfrp_delamination/cfrp_delamination_900532.png,cfrp_delamination,minor,900532,train
cfrp_delamination/cfrp_delamination_900533.png,cfrp_delamination,minor,900533,train
cfrp_delamination/cfrp_delamination_900534.png,cfrp_delamination,moderate,900534,train
cfrp_delamination/cfrp_delamination_900535.png,cfrp_delamination,moderate,900535,train
cfrp_delamination/cfrp_delamination_900536.png,cfrp_delamination,minor,900536,train
cfrp_delamination/cfrp_delamination_900537.png,cfrp_delamination,minor,900537,train
cfrp_delamination/cfrp_delamination_900538.png,cfrp_delamination,severe,900538,train
cfrp_delamination/cfrp_delamination_900539.png,cfrp_delamination,severe,900539,test
cfrp_delamination/cfrp_delamination_900540.png,cfrp_delamination,moderate,900540,train
cfrp_delamination/cfrp_delamination_900541.png,cfrp_delamination,severe,900541,train
cfrp_delamination/cfrp_delamination_900542.png,cfrp_delamination,minor,900542,train
cfrp_delamination/cfrp_delamination_900543.png,cfrp_delamination,severe,900543,train
cfrp_delamination/cfrp_delamination_900544.png,cfrp_delamination,moderate,900544,train
cfrp_delamination/cfrp_delamination_900545.png,cfrp_delamination,minor,900545,train
cfrp_delamination/cfrp_delamination_900546.png,cfrp_delamination,severe,900546,val
cfrp_delamination/cfrp_delamination_900547.png,cfrp_delamination,severe,900547,val
cfrp_delamination/cfrp_delamination_900548.png,cfrp_delamination,minor,900548,train
cfrp_delamination/cfrp_delamination_900549.png,cfrp_delamination,severe,900549,val
cfrp_delamination/cfrp_delamination_900550.png,cfrp_delamination,moderate,900550,val
cfrp_delamination/cfrp_delamination_900551.png,cfrp_delamination,moderate,900551,train
cfrp_delamination/cfrp_delamination_900552.png,cfrp_delamination,severe,900552,train
cfrp_delamination/cfrp_delamination_900553.png,cfrp_delamination,moderate,900553,train
cfrp_delamination/cfrp_delamination_900554.png,cfrp_delamination,minor,900554,val
cfrp_delamination/cfrp_delamination_900555.png,cfrp_delamination,moderate,900555,test
cfrp_delamination/cfrp_delamination_900556.png,cfrp_delamination,severe,900556,test
cfrp_delamination/cfrp_delamination_900557.png,cfrp_delamination,minor,900557,test
cfrp_delamination/cfrp_delamination_900558.png,cfrp_delamination,moderate,900558,train
cfrp_delamination/cfrp_delamination_900559.png,cfrp_delamination,moderate,900559,train
cfrp_delamination/cfrp_delamination_900560.png,cfrp_delamination,moderate,900560,train
cfrp_delamination/cfrp_delamination_900561.png,cfrp_delamination,severe,900561,train
cfrp_delamination/cfrp_delamination_900562.png,cfrp_delamination,severe,900562,train
cfrp_delamination/cfrp_delamination_900563.png,cfrp_delamination,severe,900563,train
cfrp_delamination/cfrp_delamination_900564.png,cfrp_delamination,severe,900564,train
cfrp_delamination/cfrp_delamination_900565.png,cfrp_delamination,moderate,900565,train
cfrp_delamination/cfrp_delamination_900566.png,cfrp_delamination,severe,900566,train
cfrp_delamination/cfrp_delamination_900567.png,cfrp_delamination,moderate,900567,train
cfrp_delamination/cfrp_delamination_900568.png,cfrp_delamination,minor,900568,train
cfrp_delamination/cfrp_delamination_900569.png,cfrp_delamination,severe,900569,val
cfrp_delamination/cfrp_delamination_900570.png,cfrp_delamination,severe,900570,train
cfrp_delamination/cfrp_delamination_900571.png,cfrp_delamination,severe,900571,train
cfrp_delamination/cfrp_delamination_900572.png,cfrp_delamination,severe,900572,train
cfrp_delamination/cfrp_delamination_900573.png,cfrp_delamination,minor,900573,train
cfrp_delamination/cfrp_delamination_900574.png,cfrp_delamination,moderate,900574,train
cfrp_delamination/cfrp_delamination_900575.png,cfrp_delamination,moderate,900575,val
cfrp_delamination/cfrp_delamination_900576.png,cfrp_delamination,moderate,900576,train
cfrp_delamination/cfrp_delamination_900577.png,cfrp_delamination,severe,900577,test
cfrp_delamination/cfrp_delamination_900578.png,cfrp_delamination,minor,900578,train
cfrp_delamination/cfrp_delamination_900579.png,cfrp_delamination,minor,900579,train
cfrp_delamination/cfrp_delamination_900580.png,cfrp_delamination,severe,900580,train
cfrp_delamination/cfrp_delamination_900581.png,cfrp_delamination,minor,900581,val
cfrp_delamination/cfrp_delamination_900582.png,cfrp_delamination,moderate,900582,train
cfrp_delamination/cfrp_delamination_900583.png,cfrp_delamination,minor,900583,test
cfrp_delamination/cfrp_delamination_900584.png,cfrp_delamination,minor,900584,val
cfrp_delamination/cfrp_delamination_900585.png,cfrp_delamination,minor,900585,val
cfrp_delamination/cfrp_delamination_900586.png,cfrp_delamination,minor,900586,train
cfrp_delamination/cfrp_delamination_900587.png,cfrp_delamination,moderate,900587,val
cfrp_delamination/cfrp_delamination_900588.png,cfrp_delamination,moderate,900588,train
cfrp_delamination/cfrp_delamination_900589.png,cfrp_delamination,severe,900589,test
cfrp_delamination/cfrp_delamination_900590.png,cfrp_delamination,moderate,900590,val
cfrp_delamination/cfrp_delamination_900591.png,cfrp_delamination,moderate,900591,train
cfrp_delamination/cfrp_delamination_900592.png,cfrp_delamination,severe,900592,train
cfrp_delamination/cfrp_delamination_900593.png,cfrp_delamination,minor,900593,train
cfrp_delamination/cfrp_delamination_900594.png,cfrp_delamination,severe,900594,test
cfrp_delamination/cfrp_delamination_900595.png,cfrp_delamination,severe,900595,train
cfrp_delamination/cfrp_delamination_900596.png,cfrp_delamination,severe,900596,train
cfrp_delamination/cfrp_delamination_900597.png,cfrp_delamination,minor,900597,train
cfrp_delamination/cfrp_delamination_900598.png,cfrp_delamination,moderate,900598,train
cfrp_delamination/cfrp_delamination_900599.png,cfrp_delamination,minor,900599,train
microcrater_field/microcrater_field_1000000.png,microcrater_field,severe,1000000,train
microcrater_field/microcrater_field_1000001.png,microcrater_field,severe,1000001,test
microcrater_field/microcrater_field_1000002.png,microcrater_field,minor,1000002,train
microcrater_field/microcrater_field_1000003.png,microcrater_field,minor,1000003,train
microcrater_field/microcrater_field_1000004.png,microcrater_field,minor,1000004,train
microcrater_field/microcrater_field_1000005.png,microcrater_field,moderate,1000005,train
microcrater_field/microcrater_field_1000006.png,microcrater_field,severe,1000006,train
microcrater_field/microcrater_field_1000007.png,microcrater_field,severe,1000007,train
microcrater_field/microcrater_field_1000008.png,microcrater_field,moderate,1000008,train
microcrater_field/microcrater_field_1000009.png,microcrater_field,severe,1000009,test
microcrater_field/microcrater_field_1000010.png,microcrater_field,minor,1000010,train
microcrater_field/microcrater_field_1000011.png,microcrater_field,moderate,1000011,train
microcrater_field/microcrater_field_1000012.png,microcrater_field,moderate,1000012,train
microcrater_field/microcrater_field_1000013.png,microcrater_field,moderate,1000013,train
microcrater_field/microcrater_field_1000014.png,microcrater_field,severe,1000014,train
microcrater_field/microcrater_field_1000015.png,microcrater_field,severe,1000015,train
microcrater_field/microcrater_field_1000016.png,microcrater_field,moderate,1000016,train
microcrater_field/microcrater_field_1000017.png,microcrater_field,minor,1000017,train
microcrater_field/microcrater_field_1000018.png,microcrater_field,minor,1000018,test
microcrater_field/microcrater_field_1000019.png,microcrater_field,moderate,1000019,train
microcrater_field/microcrater_field_1000020.png,microcrater_field,severe,1000020,train
microcrater_field/microcrater_field_1000021.png,microcrater_field,moderate,1000021,train
microcrater_field/microcrater_field_1000022.png,microcrater_field,moderate,1000022,train
microcrater_field/microcrater_field_1000023.png,microcrater_field,moderate,1000023,train
microcrater_field/microcrater_field_1000024.png,microcrater_field,severe,1000024,train
microcrater_field/microcrater_field_1000025.png,microcrater_field,moderate,1000025,train
microcrater_field/microcrater_field_1000026.png,microcrater_field,severe,1000026,val
microcrater_field/microcrater_field_1000027.png,microcrater_field,minor,1000027,train
microcrater_field/microcrater_field_1000028.png,microcrater_field,minor,1000028,train
microcrater_field/microcrater_field_1000029.png,microcrater_field,moderate,1000029,train
microcrater_field/microcrater_field_1000030.png,microcrater_field,severe,1000030,train
microcrater_field/microcrater_field_1000031.png,microcrater_field,moderate,1000031,train
microcrater_field/microcrater_field_1000032.png,microcrater_field,moderate,1000032,test
microcrater_field/microcrater_field_1000033.png,microcrater_field,minor,1000033,train
microcrater_field/microcrater_field_1000034.png,microcrater_field,minor,1000034,val
microcrater_field/microcrater_field_1000035.png,microcrater_field,severe,1000035,train
microcrater_field/microcrater_field_1000036.png,microcrater_field,severe,1000036,train
microcrater_field/microcrater_field_1000037.png,microcrater_field,minor,1000037,train
microcrater_field/microcrater_field_1000038.png,microcrater_field,severe,1000038,train
microcrater_field/microcrater_field_1000039.png,microcrater_field,minor,1000039,train
microcrater_field/microcrater_field_1000040.png,microcrater_field,moderate,1000040,val
microcrater_field/microcrater_field_1000041.png,microcrater_field,moderate,1000041,train
microcrater_field/microcrater_field_1000042.png,microcrater_field,minor,1000042,test
microcrater_field/microcrater_field_1000043.png,microcrater_field,moderate,1000043,train
microcrater_field/microcrater_field_1000044.png,microcrater_field,severe,1000044,train
microcrater_field/microcrater_field_1000045.png,microcrater_field,severe,1000045,val
microcrater_field/microcrater_field_1000046.png,microcrater_field,moderate,1000046,val
microcrater_field/microcrater_field_1000047.png,microcrater_field,severe,1000047,test
microcrater_field/microcrater_field_1000048.png,microcrater_field,minor,1000048,train
microcrater_field/microcrater_field_1000049.png,microcrater_field,moderate,1000049,test
microcrater_field/microcrater_field_1000050.png,microcrater_field,severe,1000050,train
microcrater_field/microcrater_field_1000051.png,microcrater_field,minor,1000051,train
microcrater_field/microcrater_field_1000052.png,microcrater_field,minor,1000052,train
microcrater_field/microcrater_field_1000053.png,microcrater_field,moderate,1000053,train
microcrater_field/microcrater_field_1000054.png,microcrater_field,severe,1000054,train
microcrater_field/microcrater_field_1000055.png,microcrater_field,minor,1000055,val
microcrater_field/microcrater_field_1000056.png,microcrater_field,moderate,1000056,val
microcrater_field/microcrater_field_1000057.png,microcrater_field,moderate,1000057,train
microcrater_field/microcrater_field_1000058.png,microcrater_field,moderate,1000058,train
microcrater_field/microcrater_field_1000059.png,microcrater_field,minor,1000059,train
microcrater_field/microcrater_field_1000060.png,microcrater_field,minor,1000060,train
microcrater_field/microcrater_field_1000061.png,microcrater_field,severe,1000061,train
microcrater_field/microcrater_field_1000062.png,microcrater_field,moderate,1000062,train
microcrater_field/microcrater_field_1000063.png,microcrater_field,severe,1000063,test
microcrater_field/microcrater_field_1000064.png,microcrater_field,minor,1000064,train
microcrater_field/microcrater_field_1000065.png,microcrater_field,moderate,1000065,train
microcrater_field/microcrater_field_1000066.png,microcrater_field,minor,1000066,train
microcrater_field/microcrater_field_1000067.png,microcrater_field,minor,1000067,train
microcrater_field/microcrater_field_1000068.png,microcrater_field,moderate,1000068,train
microcrater_field/microcrater_field_1000069.png,microcrater_field,moderate,1000069,train
microcrater_field/microcrater_field_1000070.png,microcrater_field,moderate,1000070,train
microcrater_field/microcrater_field_1000071.png,microcrater_field,moderate,1000071,test
microcrater_field/microcrater_field_1000072.png,microcrater_field,minor,1000072,train
microcrater_field/microcrater_field_1000073.png,microcrater_field,moderate,1000073,test
microcrater_field/microcrater_field_1000074.png,microcrater_field,minor,1000074,val
microcrater_field/microcrater_field_1000075.png,microcrater_field,severe,1000075,train
microcrater_field/microcrater_field_1000076.png,microcrater_field,minor,1000076,val
microcrater_field/microcrater_field_1000077.png,microcrater_field,moderate,1000077,train
microcrater_field/microcrater_field_1000078.png,microcrater_field,moderate,1000078,train
microcrater_field/microcrater_field_1000079.png,microcrater_field,minor,1000079,train
microcrater_field/microcrater_field_1000080.png,microcrater_field,severe,1000080,train
microcrater_field/microcrater_field_1000081.png,microcrater_field,severe,1000081,train
microcrater_field/microcrater_field_1000082.png,microcrater_field,minor,1000082,train
microcrater_field/microcrater_field_1000083.png,microcrater_field,severe,1000083,train
microcrater_field/microcrater_field_1000084.png,microcrater_field,moderate,1000084,val
microcrater_field/microcrater_field_1000085.png,microcrater_field,severe,1000085,train
microcrater_field/microcrater_field_1000086.png,microcrater_field,moderate,1000086,train
microcrater_field/microcrater_field_1000087.png,microcrater_field,moderate,1000087,train
microcrater_field/microcrater_field_1000088.png,microcrater_field,severe,1000088,train
microcrater_field/microcrater_field_1000089.png,microcrater_field,minor,1000089,test
microcrater_field/microcrater_field_1000090.png,microcrater_field,severe,1000090,train
microcrater_field/microcrater_field_1000091.png,microcrater_field,severe,1000091,train
microcrater_field/microcrater_field_1000092.png,microcrater_field,minor,1000092,train
microcrater_field/microcrater_field_1000093.png,microcrater_field,minor,1000093,val
microcrater_field/microcrater_field_1000094.png,microcrater_field,severe,1000094,test
microcrater_field/microcrater_field_1000095.png,microcrater_field,moderate,1000095,train
microcrater_field/microcrater_field_1000096.png,microcrater_field,severe,1000096,train
microcrater_field/microcrater_field_1000097.png,microcrater_field,moderate,1000097,train
microcrater_field/microcrater_field_1000098.png,microcrater_field,severe,1000098,test
microcrater_field/microcrater_field_1000099.png,microcrater_field,moderate,1000099,train
microcrater_field/microcrater_field_1000100.png,microcrater_field,minor,1000100,train
microcrater_field/microcrater_field_1000101.png,microcrater_field,minor,1000101,train
microcrater_field/microcrater_field_1000102.png,microcrater_field,moderate,1000102,train
microcrater_field/microcrater_field_1000103.png,microcrater_field,moderate,1000103,train
microcrater_field/microcrater_field_1000104.png,microcrater_field,moderate,1000104,train
microcrater_field/microcrater_field_1000105.png,microcrater_field,severe,1000105,train
microcrater_field/microcrater_field_1000106.png,microcrater_field,minor,1000106,val
microcrater_field/microcrater_field_1000107.png,microcrater_field,minor,1000107,train
microcrater_field/microcrater_field_1000108.png,microcrater_field,minor,1000108,train
microcrater_field/microcrater_field_1000109.png,microcrater_field,minor,1000109,train
microcrater_field/microcrater_field_1000110.png,microcrater_field,minor,1000110,train
microcrater_field/microcrater_field_1000111.png,microcrater_field,severe,1000111,train
microcrater_field/microcrater_field_1000112.png,microcrater_field,moderate,1000112,test
microcrater_field/microcrater_field_1000113.png,microcrater_field,minor,1000113,test
microcrater_field/microcrater_field_1000114.png,microcrater_field,severe,1000114,train
microcrater_field/microcrater_field_1000115.png,microcrater_field,minor,1000115,train
microcrater_field/microcrater_field_1000116.png,microcrater_field,severe,1000116,val
microcrater_field/microcrater_field_1000117.png,microcrater_field,severe,1000117,train
microcrater_field/microcrater_field_1000118.png,microcrater_field,severe,1000118,train
microcrater_field/microcrater_field_1000119.png,microcrater_field,severe,1000119,train
microcrater_field/microcrater_field_1000120.png,microcrater_field,moderate,1000120,train
microcrater_field/microcrater_field_1000121.png,microcrater_field,minor,1000121,train
microcrater_field/microcrater_field_1000122.png,microcrater_field,severe,1000122,train
microcrater_field/microcrater_field_1000123.png,microcrater_field,minor,1000123,test
microcrater_field/microcrater_field_1000124.png,microcrater_field,moderate,1000124,val
microcrater_field/microcrater_field_1000125.png,microcrater_field,severe,1000125,train
microcrater_field/microcrater_field_1000126.png,microcrater_field,minor,1000126,train
microcrater_field/microcrater_field_1000127.png,microcrater_field,severe,1000127,train
microcrater_field/microcrater_field_1000128.png,microcrater_field,moderate,1000128,train
microcrater_field/microcrater_field_1000129.png,microcrater_field,minor,1000129,train
microcrater_field/microcrater_field_1000130.png,microcrater_field,minor,1000130,val
microcrater_field/microcrater_field_1000131.png,microcrater_field,minor,1000131,train
microcrater_field/microcrater_field_1000132.png,microcrater_field,severe,1000132,train
microcrater_field/microcrater_field_1000133.png,microcrater_field,minor,1000133,val
microcrater_field/microcrater_field_1000134.png,microcrater_field,severe,1000134,train
microcrater_field/microcrater_field_1000135.png,microcrater_field,severe,1000135,train
microcrater_field/microcrater_field_1000136.png,microcrater_field,moderate,1000136,train
microcrater_field/microcrater_field_1000137.png,microcrater_field,severe,1000137,train
microcrater_field/microcrater_field_1000138.png,microcrater_field,severe,1000138,train
microcrater_field/microcrater_field_1000139.png,microcrater_field,severe,1000139,val
microcrater_field/microcrater_field_1000140.png,microcrater_field,minor,1000140,train
microcrater_field/microcrater_field_1000141.png,microcrater_field,severe,1000141,val
microcrater_field/microcrater_field_1000142.png,microcrater_field,moderate,1000142,test
microcrater_field/microcrater_field_1000143.png,microcrater_field,severe,1000143,val
microcrater_field/microcrater_field_1000144.png,microcrater_field,moderate,1000144,train
microcrater_field/microcrater_field_1000145.png,microcrater_field,moderate,1000145,train
microcrater_field/microcrater_field_1000146.png,microcrater_field,severe,1000146,train
microcrater_field/microcrater_field_1000147.png,microcrater_field,severe,1000147,val
microcrater_field/microcrater_field_1000148.png,microcrater_field,minor,1000148,val
microcrater_field/microcrater_field_1000149.png,microcrater_field,minor,1000149,train
microcrater_field/microcrater_field_1000150.png,microcrater_field,severe,1000150,train
microcrater_field/microcrater_field_1000151.png,microcrater_field,moderate,1000151,val
microcrater_field/microcrater_field_1000152.png,microcrater_field,minor,1000152,val
microcrater_field/microcrater_field_1000153.png,microcrater_field,minor,1000153,train
microcrater_field/microcrater_field_1000154.png,microcrater_field,moderate,1000154,train
microcrater_field/microcrater_field_1000155.png,microcrater_field,severe,1000155,train
microcrater_field/microcrater_field_1000156.png,microcrater_field,minor,1000156,test
microcrater_field/microcrater_field_1000157.png,microcrater_field,moderate,1000157,train
microcrater_field/microcrater_field_1000158.png,microcrater_field,severe,1000158,train
microcrater_field/microcrater_field_1000159.png,microcrater_field,severe,1000159,test
microcrater_field/microcrater_field_1000160.png,microcrater_field,minor,1000160,train
microcrater_field/microcrater_field_1000161.png,microcrater_field,severe,1000161,train
microcrater_field/microcrater_field_1000162.png,microcrater_field,severe,1000162,train
microcrater_field/microcrater_field_1000163.png,microcrater_field,severe,1000163,test
microcrater_field/microcrater_field_1000164.png,microcrater_field,moderate,1000164,train
microcrater_field/microcrater_field_1000165.png,microcrater_field,minor,1000165,test
microcrater_field/microcrater_field_1000166.png,microcrater_field,moderate,1000166,train
microcrater_field/microcrater_field_1000167.png,microcrater_field,moderate,1000167,train
microcrater_field/microcrater_field_1000168.png,microcrater_field,minor,1000168,train
microcrater_field/microcrater_field_1000169.png,microcrater_field,moderate,1000169,train
microcrater_field/microcrater_field_1000170.png,microcrater_field,moderate,1000170,train
microcrater_field/microcrater_field_1000171.png,microcrater_field,severe,1000171,val
microcrater_field/microcrater_field_1000172.png,microcrater_field,moderate,1000172,train
microcrater_field/microcrater_field_1000173.png,microcrater_field,moderate,1000173,val
microcrater_field/microcrater_field_1000174.png,microcrater_field,moderate,1000174,train
microcrater_field/microcrater_field_1000175.png,microcrater_field,minor,1000175,train
microcrater_field/microcrater_field_1000176.png,microcrater_field,severe,1000176,train
microcrater_field/microcrater_field_1000177.png,microcrater_field,severe,1000177,train
microcrater_field/microcrater_field_1000178.png,microcrater_field,moderate,1000178,train
microcrater_field/microcrater_field_1000179.png,microcrater_field,moderate,1000179,val
microcrater_field/microcrater_field_1000180.png,microcrater_field,minor,1000180,val
microcrater_field/microcrater_field_1000181.png,microcrater_field,moderate,1000181,train
microcrater_field/microcrater_field_1000182.png,microcrater_field,moderate,1000182,train
microcrater_field/microcrater_field_1000183.png,microcrater_field,minor,1000183,train
microcrater_field/microcrater_field_1000184.png,microcrater_field,severe,1000184,train
microcrater_field/microcrater_field_1000185.png,microcrater_field,minor,1000185,train
microcrater_field/microcrater_field_1000186.png,microcrater_field,minor,1000186,val
microcrater_field/microcrater_field_1000187.png,microcrater_field,minor,1000187,test
microcrater_field/microcrater_field_1000188.png,microcrater_field,severe,1000188,train
microcrater_field/microcrater_field_1000189.png,microcrater_field,minor,1000189,train
microcrater_field/microcrater_field_1000190.png,microcrater_field,minor,1000190,test
microcrater_field/microcrater_field_1000191.png,microcrater_field,moderate,1000191,val
microcrater_field/microcrater_field_1000192.png,microcrater_field,minor,1000192,train
microcrater_field/microcrater_field_1000193.png,microcrater_field,minor,1000193,val
microcrater_field/microcrater_field_1000194.png,microcrater_field,minor,1000194,train
microcrater_field/microcrater_field_1000195.png,microcrater_field,moderate,1000195,val
microcrater_field/microcrater_field_1000196.png,microcrater_field,minor,1000196,train
microcrater_field/microcrater_field_1000197.png,microcrater_field,minor,1000197,train
microcrater_field/microcrater_field_1000198.png,microcrater_field,minor,1000198,train
microcrater_field/microcrater_field_1000199.png,microcrater_field,minor,1000199,test
microcrater_field/microcrater_field_1000200.png,microcrater_field,severe,1000200,val
microcrater_field/microcrater_field_1000201.png,microcrater_field,moderate,1000201,train
microcrater_field/microcrater_field_1000202.png,microcrater_field,severe,1000202,train
microcrater_field/microcrater_field_1000203.png,microcrater_field,severe,1000203,train
microcrater_field/microcrater_field_1000204.png,microcrater_field,severe,1000204,train
microcrater_field/microcrater_field_1000205.png,microcrater_field,moderate,1000205,train
microcrater_field/microcrater_field_1000206.png,microcrater_field,moderate,1000206,val
microcrater_field/microcrater_field_1000207.png,microcrater_field,severe,1000207,val
microcrater_field/microcrater_field_1000208.png,microcrater_field,severe,1000208,train
microcrater_field/microcrater_field_1000209.png,microcrater_field,minor,1000209,train
microcrater_field/microcrater_field_1000210.png,microcrater_field,moderate,1000210,train
microcrater_field/microcrater_field_1000211.png,microcrater_field,severe,1000211,train
microcrater_field/microcrater_field_1000212.png,microcrater_field,moderate,1000212,val
microcrater_field/microcrater_field_1000213.png,microcrater_field,minor,1000213,val
microcrater_field/microcrater_field_1000214.png,microcrater_field,moderate,1000214,train
microcrater_field/microcrater_field_1000215.png,microcrater_field,moderate,1000215,val
microcrater_field/microcrater_field_1000216.png,microcrater_field,severe,1000216,val
microcrater_field/microcrater_field_1000217.png,microcrater_field,moderate,1000217,train
microcrater_field/microcrater_field_1000218.png,microcrater_field,severe,1000218,train
microcrater_field/microcrater_field_1000219.png,microcrater_field,severe,1000219,train
microcrater_field/microcrater_field_1000220.png,microcrater_field,moderate,1000220,train
microcrater_field/microcrater_field_1000221.png,microcrater_field,severe,1000221,val
microcrater_field/microcrater_field_1000222.png,microcrater_field,moderate,1000222,train
microcrater_field/microcrater_field_1000223.png,microcrater_field,minor,1000223,train
microcrater_field/microcrater_field_1000224.png,microcrater_field,minor,1000224,train
microcrater_field/microcrater_field_1000225.png,microcrater_field,minor,1000225,val
microcrater_field/microcrater_field_1000226.png,microcrater_field,minor,1000226,train
microcrater_field/microcrater_field_1000227.png,microcrater_field,minor,1000227,train
microcrater_field/microcrater_field_1000228.png,microcrater_field,minor,1000228,train
microcrater_field/microcrater_field_1000229.png,microcrater_field,severe,1000229,train
microcrater_field/microcrater_field_1000230.png,microcrater_field,severe,1000230,train
microcrater_field/microcrater_field_1000231.png,microcrater_field,minor,1000231,train
microcrater_field/microcrater_field_1000232.png,microcrater_field,minor,1000232,val
microcrater_field/microcrater_field_1000233.png,microcrater_field,moderate,1000233,train
microcrater_field/microcrater_field_1000234.png,microcrater_field,moderate,1000234,train
microcrater_field/microcrater_field_1000235.png,microcrater_field,severe,1000235,train
microcrater_field/microcrater_field_1000236.png,microcrater_field,moderate,1000236,train
microcrater_field/microcrater_field_1000237.png,microcrater_field,severe,1000237,train
microcrater_field/microcrater_field_1000238.png,microcrater_field,minor,1000238,train
microcrater_field/microcrater_field_1000239.png,microcrater_field,minor,1000239,train
microcrater_field/microcrater_field_1000240.png,microcrater_field,severe,1000240,test
microcrater_field/microcrater_field_1000241.png,microcrater_field,severe,1000241,train
microcrater_field/microcrater_field_1000242.png,microcrater_field,severe,1000242,train
microcrater_field/microcrater_field_1000243.png,microcrater_field,moderate,1000243,train
microcrater_field/microcrater_field_1000244.png,microcrater_field,severe,1000244,train
microcrater_field/microcrater_field_1000245.png,microcrater_field,minor,1000245,train
microcrater_field/microcrater_field_1000246.png,microcrater_field,severe,1000246,val
microcrater_field/microcrater_field_1000247.png,microcrater_field,minor,1000247,train
microcrater_field/microcrater_field_1000248.png,microcrater_field,moderate,1000248,train
microcrater_field/microcrater_field_1000249.png,microcrater_field,minor,1000249,train
microcrater_field/microcrater_field_1000250.png,microcrater_field,moderate,1000250,train
microcrater_field/microcrater_field_1000251.png,microcrater_field,minor,1000251,train
microcrater_field/microcrater_field_1000252.png,microcrater_field,moderate,1000252,train
microcrater_field/microcrater_field_1000253.png,microcrater_field,moderate,1000253,train
microcrater_field/microcrater_field_1000254.png,microcrater_field,moderate,1000254,train
microcrater_field/microcrater_field_1000255.png,microcrater_field,minor,1000255,test
microcrater_field/microcrater_field_1000256.png,microcrater_field,minor,1000256,train
microcrater_field/microcrater_field_1000257.png,microcrater_field,minor,1000257,val
microcrater_field/microcrater_field_1000258.png,microcrater_field,moderate,1000258,train
microcrater_field/microcrater_field_1000259.png,microcrater_field,minor,1000259,train
microcrater_field/microcrater_field_1000260.png,microcrater_field,severe,1000260,train
microcrater_field/microcrater_field_1000261.png,microcrater_field,severe,1000261,train
microcrater_field/microcrater_field_1000262.png,microcrater_field,minor,1000262,val
microcrater_field/microcrater_field_1000263.png,microcrater_field,moderate,1000263,test
microcrater_field/microcrater_field_1000264.png,microcrater_field,severe,1000264,train
microcrater_field/microcrater_field_1000265.png,microcrater_field,severe,1000265,train
microcrater_field/microcrater_field_1000266.png,microcrater_field,moderate,1000266,train
microcrater_field/microcrater_field_1000267.png,microcrater_field,severe,1000267,train
microcrater_field/microcrater_field_1000268.png,microcrater_field,moderate,1000268,train
microcrater_field/microcrater_field_1000269.png,microcrater_field,minor,1000269,test
microcrater_field/microcrater_field_1000270.png,microcrater_field,severe,1000270,train
microcrater_field/microcrater_field_1000271.png,microcrater_field,minor,1000271,train
microcrater_field/microcrater_field_1000272.png,microcrater_field,severe,1000272,train
microcrater_field/microcrater_field_1000273.png,microcrater_field,minor,1000273,train
microcrater_field/microcrater_field_1000274.png,microcrater_field,severe,1000274,train
microcrater_field/microcrater_field_1000275.png,microcrater_field,moderate,1000275,val
microcrater_field/microcrater_field_1000276.png,microcrater_field,minor,1000276,train
microcrater_field/microcrater_field_1000277.png,microcrater_field,minor,1000277,test
microcrater_field/microcrater_field_1000278.png,microcrater_field,minor,1000278,val
microcrater_field/microcrater_field_1000279.png,microcrater_field,moderate,1000279,val
microcrater_field/microcrater_field_1000280.png,microcrater_field,severe,1000280,train
microcrater_field/microcrater_field_1000281.png,microcrater_field,moderate,1000281,train
microcrater_field/microcrater_field_1000282.png,microcrater_field,moderate,1000282,train
microcrater_field/microcrater_field_1000283.png,microcrater_field,minor,1000283,train
microcrater_field/microcrater_field_1000284.png,microcrater_field,minor,1000284,train
microcrater_field/microcrater_field_1000285.png,microcrater_field,minor,1000285,train
microcrater_field/microcrater_field_1000286.png,microcrater_field,severe,1000286,train
microcrater_field/microcrater_field_1000287.png,microcrater_field,severe,1000287,val
microcrater_field/microcrater_field_1000288.png,microcrater_field,minor,1000288,train
microcrater_field/microcrater_field_1000289.png,microcrater_field,severe,1000289,train
microcrater_field/microcrater_field_1000290.png,microcrater_field,severe,1000290,train
microcrater_field/microcrater_field_1000291.png,microcrater_field,minor,1000291,train
microcrater_field/microcrater_field_1000292.png,microcrater_field,severe,1000292,val
microcrater_field/microcrater_field_1000293.png,microcrater_field,minor,1000293,train
microcrater_field/microcrater_field_1000294.png,microcrater_field,severe,1000294,train
microcrater_field/microcrater_field_1000295.png,microcrater_field,moderate,1000295,val
microcrater_field/microcrater_field_1000296.png,microcrater_field,moderate,1000296,train
microcrater_field/microcrater_field_1000297.png,microcrater_field,severe,1000297,train
microcrater_field/microcrater_field_1000298.png,microcrater_field,severe,1000298,train
microcrater_field/microcrater_field_1000299.png,microcrater_field,moderate,1000299,train
microcrater_field/microcrater_field_1000300.png,microcrater_field,minor,1000300,train
microcrater_field/microcrater_field_1000301.png,microcrater_field,moderate,1000301,train
microcrater_field/microcrater_field_1000302.png,microcrater_field,severe,1000302,train
microcrater_field/microcrater_field_1000303.png,microcrater_field,moderate,1000303,val
microcrater_field/microcrater_field_1000304.png,microcrater_field,moderate,1000304,test
microcrater_field/microcrater_field_1000305.png,microcrater_field,minor,1000305,train
microcrater_field/microcrater_field_1000306.png,microcrater_field,severe,1000306,test
microcrater_field/microcrater_field_1000307.png,microcrater_field,moderate,1000307,val
microcrater_field/microcrater_field_1000308.png,microcrater_field,minor,1000308,train
microcrater_field/microcrater_field_1000309.png,microcrater_field,minor,1000309,train
microcrater_field/microcrater_field_1000310.png,microcrater_field,minor,1000310,train
microcrater_field/microcrater_field_1000311.png,microcrater_field,minor,1000311,train
microcrater_field/microcrater_field_1000312.png,microcrater_field,moderate,1000312,train
microcrater_field/microcrater_field_1000313.png,microcrater_field,moderate,1000313,train
microcrater_field/microcrater_field_1000314.png,microcrater_field,minor,1000314,train
microcrater_field/microcrater_field_1000315.png,microcrater_field,moderate,1000315,val
microcrater_field/microcrater_field_1000316.png,microcrater_field,severe,1000316,train
microcrater_field/microcrater_field_1000317.png,microcrater_field,minor,1000317,val
microcrater_field/microcrater_field_1000318.png,microcrater_field,minor,1000318,train
microcrater_field/microcrater_field_1000319.png,microcrater_field,minor,1000319,train
microcrater_field/microcrater_field_1000320.png,microcrater_field,moderate,1000320,train
microcrater_field/microcrater_field_1000321.png,microcrater_field,severe,1000321,val
microcrater_field/microcrater_field_1000322.png,microcrater_field,moderate,1000322,train
microcrater_field/microcrater_field_1000323.png,microcrater_field,severe,1000323,train
microcrater_field/microcrater_field_1000324.png,microcrater_field,minor,1000324,train
microcrater_field/microcrater_field_1000325.png,microcrater_field,moderate,1000325,train
microcrater_field/microcrater_field_1000326.png,microcrater_field,minor,1000326,val
microcrater_field/microcrater_field_1000327.png,microcrater_field,moderate,1000327,test
microcrater_field/microcrater_field_1000328.png,microcrater_field,minor,1000328,test
microcrater_field/microcrater_field_1000329.png,microcrater_field,severe,1000329,train
microcrater_field/microcrater_field_1000330.png,microcrater_field,moderate,1000330,train
microcrater_field/microcrater_field_1000331.png,microcrater_field,moderate,1000331,test
microcrater_field/microcrater_field_1000332.png,microcrater_field,moderate,1000332,test
microcrater_field/microcrater_field_1000333.png,microcrater_field,minor,1000333,val
microcrater_field/microcrater_field_1000334.png,microcrater_field,severe,1000334,train
microcrater_field/microcrater_field_1000335.png,microcrater_field,minor,1000335,train
microcrater_field/microcrater_field_1000336.png,microcrater_field,severe,1000336,val
microcrater_field/microcrater_field_1000337.png,microcrater_field,severe,1000337,test
microcrater_field/microcrater_field_1000338.png,microcrater_field,moderate,1000338,val
microcrater_field/microcrater_field_1000339.png,microcrater_field,moderate,1000339,train
microcrater_field/microcrater_field_1000340.png,microcrater_field,moderate,1000340,val
microcrater_field/microcrater_field_1000341.png,microcrater_field,moderate,1000341,test
microcrater_field/microcrater_field_1000342.png,microcrater_field,severe,1000342,train
microcrater_field/microcrater_field_1000343.png,microcrater_field,minor,1000343,test
microcrater_field/microcrater_field_1000344.png,microcrater_field,moderate,1000344,val
microcrater_field/microcrater_field_1000345.png,microcrater_field,severe,1000345,train
microcrater_field/microcrater_field_1000346.png,microcrater_field,minor,1000346,train
microcrater_field/microcrater_field_1000347.png,microcrater_field,severe,1000347,train
microcrater_field/microcrater_field_1000348.png,microcrater_field,moderate,1000348,train
microcrater_field/microcrater_field_1000349.png,microcrater_field,minor,1000349,train
microcrater_field/microcrater_field_1000350.png,microcrater_field,minor,1000350,test
microcrater_field/microcrater_field_1000351.png,microcrater_field,moderate,1000351,test
microcrater_field/microcrater_field_1000352.png,microcrater_field,severe,1000352,val
microcrater_field/microcrater_field_1000353.png,microcrater_field,minor,1000353,train
microcrater_field/microcrater_field_1000354.png,microcrater_field,severe,1000354,train
microcrater_field/microcrater_field_1000355.png,microcrater_field,severe,1000355,train
microcrater_field/microcrater_field_1000356.png,microcrater_field,severe,1000356,train
microcrater_field/microcrater_field_1000357.png,microcrater_field,moderate,1000357,train
microcrater_field/microcrater_field_1000358.png,microcrater_field,minor,1000358,val
microcrater_field/microcrater_field_1000359.png,microcrater_field,severe,1000359,val
microcrater_field/microcrater_field_1000360.png,microcrater_field,moderate,1000360,train
microcrater_field/microcrater_field_1000361.png,microcrater_field,severe,1000361,train
microcrater_field/microcrater_field_1000362.png,microcrater_field,minor,1000362,train
microcrater_field/microcrater_field_1000363.png,microcrater_field,moderate,1000363,train
microcrater_field/microcrater_field_1000364.png,microcrater_field,severe,1000364,train
microcrater_field/microcrater_field_1000365.png,microcrater_field,moderate,1000365,test
microcrater_field/microcrater_field_1000366.png,microcrater_field,minor,1000366,train
microcrater_field/microcrater_field_1000367.png,microcrater_field,minor,1000367,train
microcrater_field/microcrater_field_1000368.png,microcrater_field,moderate,1000368,train
microcrater_field/microcrater_field_1000369.png,microcrater_field,moderate,1000369,val
microcrater_field/microcrater_field_1000370.png,microcrater_field,moderate,1000370,val
microcrater_field/microcrater_field_1000371.png,microcrater_field,minor,1000371,train
microcrater_field/microcrater_field_1000372.png,microcrater_field,severe,1000372,val
microcrater_field/microcrater_field_1000373.png,microcrater_field,severe,1000373,val
microcrater_field/microcrater_field_1000374.png,microcrater_field,minor,1000374,train
microcrater_field/microcrater_field_1000375.png,microcrater_field,minor,1000375,train
microcrater_field/microcrater_field_1000376.png,microcrater_field,severe,1000376,train
microcrater_field/microcrater_field_1000377.png,microcrater_field,moderate,1000377,train
microcrater_field/microcrater_field_1000378.png,microcrater_field,moderate,1000378,train
microcrater_field/microcrater_field_1000379.png,microcrater_field,severe,1000379,train
microcrater_field/microcrater_field_1000380.png,microcrater_field,severe,1000380,train
microcrater_field/microcrater_field_1000381.png,microcrater_field,moderate,1000381,train
microcrater_field/microcrater_field_1000382.png,microcrater_field,moderate,1000382,train
microcrater_field/microcrater_field_1000383.png,microcrater_field,moderate,1000383,train
microcrater_field/microcrater_field_1000384.png,microcrater_field,severe,1000384,val
microcrater_field/microcrater_field_1000385.png,microcrater_field,minor,1000385,train
microcrater_field/microcrater_field_1000386.png,microcrater_field,moderate,1000386,train
microcrater_field/microcrater_field_1000387.png,microcrater_field,severe,1000387,train
microcrater_field/microcrater_field_1000388.png,microcrater_field,severe,1000388,train
microcrater_field/microcrater_field_1000389.png,microcrater_field,moderate,1000389,train
microcrater_field/microcrater_field_1000390.png,microcrater_field,moderate,1000390,train
microcrater_field/microcrater_field_1000391.png,microcrater_field,moderate,1000391,val
microcrater_field/microcrater_field_1000392.png,microcrater_field,minor,1000392,train
microcrater_field/microcrater_field_1000393.png,microcrater_field,severe,1000393,train
microcrater_field/microcrater_field_1000394.png,microcrater_field,moderate,1000394,train
microcrater_field/microcrater_field_1000395.png,microcrater_field,moderate,1000395,val
microcrater_field/microcrater_field_1000396.png,microcrater_field,minor,1000396,train
microcrater_field/microcrater_field_1000397.png,microcrater_field,moderate,1000397,train
microcrater_field/microcrater_field_1000398.png,microcrater_field,severe,1000398,train
microcrater_field/microcrater_field_1000399.png,microcrater_field,severe,1000399,test
microcrater_field/microcrater_field_1000400.png,microcrater_field,moderate,1000400,val
microcrater_field/microcrater_field_1000401.png,microcrater_field,severe,1000401,test
microcrater_field/microcrater_field_1000402.png,microcrater_field,moderate,1000402,train
microcrater_field/microcrater_field_1000403.png,microcrater_field,severe,1000403,train
microcrater_field/microcrater_field_1000404.png,microcrater_field,severe,1000404,val
microcrater_field/microcrater_field_1000405.png,microcrater_field,moderate,1000405,train
microcrater_field/microcrater_field_1000406.png,microcrater_field,minor,1000406,val
microcrater_field/microcrater_field_1000407.png,microcrater_field,severe,1000407,train
microcrater_field/microcrater_field_1000408.png,microcrater_field,severe,1000408,val
microcrater_field/microcrater_field_1000409.png,microcrater_field,minor,1000409,val
microcrater_field/microcrater_field_1000410.png,microcrater_field,moderate,1000410,train
microcrater_field/microcrater_field_1000411.png,microcrater_field,moderate,1000411,test
microcrater_field/microcrater_field_1000412.png,microcrater_field,moderate,1000412,val
microcrater_field/microcrater_field_1000413.png,microcrater_field,severe,1000413,val
microcrater_field/microcrater_field_1000414.png,microcrater_field,minor,1000414,train
microcrater_field/microcrater_field_1000415.png,microcrater_field,minor,1000415,train
microcrater_field/microcrater_field_1000416.png,microcrater_field,minor,1000416,train
microcrater_field/microcrater_field_1000417.png,microcrater_field,moderate,1000417,test
microcrater_field/microcrater_field_1000418.png,microcrater_field,minor,1000418,train
microcrater_field/microcrater_field_1000419.png,microcrater_field,severe,1000419,train
microcrater_field/microcrater_field_1000420.png,microcrater_field,minor,1000420,train
microcrater_field/microcrater_field_1000421.png,microcrater_field,moderate,1000421,train
microcrater_field/microcrater_field_1000422.png,microcrater_field,severe,1000422,val
microcrater_field/microcrater_field_1000423.png,microcrater_field,moderate,1000423,test
microcrater_field/microcrater_field_1000424.png,microcrater_field,minor,1000424,val
microcrater_field/microcrater_field_1000425.png,microcrater_field,minor,1000425,train
microcrater_field/microcrater_field_1000426.png,microcrater_field,severe,1000426,train
microcrater_field/microcrater_field_1000427.png,microcrater_field,minor,1000427,test
microcrater_field/microcrater_field_1000428.png,microcrater_field,minor,1000428,test
microcrater_field/microcrater_field_1000429.png,microcrater_field,moderate,1000429,train
microcrater_field/microcrater_field_1000430.png,microcrater_field,moderate,1000430,train
microcrater_field/microcrater_field_1000431.png,microcrater_field,minor,1000431,train
microcrater_field/microcrater_field_1000432.png,microcrater_field,moderate,1000432,train
microcrater_field/microcrater_field_1000433.png,microcrater_field,moderate,1000433,train
microcrater_field/microcrater_field_1000434.png,microcrater_field,severe,1000434,test
microcrater_field/microcrater_field_1000435.png,microcrater_field,moderate,1000435,train
microcrater_field/microcrater_field_1000436.png,microcrater_field,severe,1000436,val
microcrater_field/microcrater_field_1000437.png,microcrater_field,severe,1000437,test
microcrater_field/microcrater_field_1000438.png,microcrater_field,minor,1000438,train
microcrater_field/microcrater_field_1000439.png,microcrater_field,moderate,1000439,train
microcrater_field/microcrater_field_1000440.png,microcrater_field,severe,1000440,train
microcrater_field/microcrater_field_1000441.png,microcrater_field,minor,1000441,val
microcrater_field/microcrater_field_1000442.png,microcrater_field,severe,1000442,train
microcrater_field/microcrater_field_1000443.png,microcrater_field,minor,1000443,train
microcrater_field/microcrater_field_1000444.png,microcrater_field,minor,1000444,val
microcrater_field/microcrater_field_1000445.png,microcrater_field,minor,1000445,train
microcrater_field/microcrater_field_1000446.png,microcrater_field,severe,1000446,train
microcrater_field/microcrater_field_1000447.png,microcrater_field,moderate,1000447,train
microcrater_field/microcrater_field_1000448.png,microcrater_field,severe,1000448,train
microcrater_field/microcrater_field_1000449.png,microcrater_field,severe,1000449,train
microcrater_field/microcrater_field_1000450.png,microcrater_field,minor,1000450,train
microcrater_field/microcrater_field_1000451.png,microcrater_field,minor,1000451,train
microcrater_field/microcrater_field_1000452.png,microcrater_field,minor,1000452,train
microcrater_field/microcrater_field_1000453.png,microcrater_field,severe,1000453,val
microcrater_field/microcrater_field_1000454.png,microcrater_field,moderate,1000454,val
microcrater_field/microcrater_field_1000455.png,microcrater_field,severe,1000455,val
microcrater_field/microcrater_field_1000456.png,microcrater_field,minor,1000456,train
microcrater_field/microcrater_field_1000457.png,microcrater_field,moderate,1000457,test
microcrater_field/microcrater_field_1000458.png,microcrater_field,minor,1000458,train
microcrater_field/microcrater_field_1000459.png,microcrater_field,minor,1000459,train
microcrater_field/microcrater_field_1000460.png,microcrater_field,minor,1000460,train
microcrater_field/microcrater_field_1000461.png,microcrater_field,moderate,1000461,train
microcrater_field/microcrater_field_1000462.png,microcrater_field,severe,1000462,train
microcrater_field/microcrater_field_1000463.png,microcrater_field,moderate,1000463,val
microcrater_field/microcrater_field_1000464.png,microcrater_field,minor,1000464,train
microcrater_field/microcrater_field_1000465.png,microcrater_field,minor,1000465,train
microcrater_field/microcrater_field_1000466.png,microcrater_field,severe,1000466,train
microcrater_field/microcrater_field_1000467.png,microcrater_field,severe,1000467,val
microcrater_field/microcrater_field_1000468.png,microcrater_field,moderate,1000468,val
microcrater_field/microcrater_field_1000469.png,microcrater_field,moderate,1000469,train
microcrater_field/microcrater_field_1000470.png,microcrater_field,moderate,1000470,train
microcrater_field/microcrater_field_1000471.png,microcrater_field,minor,1000471,test
microcrater_field/microcrater_field_1000472.png,microcrater_field,severe,1000472,train
microcrater_field/microcrater_field_1000473.png,microcrater_field,minor,1000473,train
microcrater_field/microcrater_field_1000474.png,microcrater_field,moderate,1000474,train
microcrater_field/microcrater_field_1000475.png,microcrater_field,minor,1000475,test
microcrater_field/microcrater_field_1000476.png,microcrater_field,moderate,1000476,val
microcrater_field/microcrater_field_1000477.png,microcrater_field,severe,1000477,train
microcrater_field/microcrater_field_1000478.png,microcrater_field,severe,1000478,train
microcrater_field/microcrater_field_1000479.png,microcrater_field,minor,1000479,test
microcrater_field/microcrater_field_1000480.png,microcrater_field,severe,1000480,train
microcrater_field/microcrater_field_1000481.png,microcrater_field,moderate,1000481,train
microcrater_field/microcrater_field_1000482.png,microcrater_field,moderate,1000482,train
microcrater_field/microcrater_field_1000483.png,microcrater_field,minor,1000483,train
microcrater_field/microcrater_field_1000484.png,microcrater_field,moderate,1000484,train
microcrater_field/microcrater_field_1000485.png,microcrater_field,moderate,1000485,train
microcrater_field/microcrater_field_1000486.png,microcrater_field,moderate,1000486,train
microcrater_field/microcrater_field_1000487.png,microcrater_field,severe,1000487,train
microcrater_field/microcrater_field_1000488.png,microcrater_field,severe,1000488,train
microcrater_field/microcrater_field_1000489.png,microcrater_field,severe,1000489,train
microcrater_field/microcrater_field_1000490.png,microcrater_field,minor,1000490,train
microcrater_field/microcrater_field_1000491.png,microcrater_field,severe,1000491,train
microcrater_field/microcrater_field_1000492.png,microcrater_field,severe,1000492,train
microcrater_field/microcrater_field_1000493.png,microcrater_field,moderate,1000493,train
microcrater_field/microcrater_field_1000494.png,microcrater_field,severe,1000494,train
microcrater_field/microcrater_field_1000495.png,microcrater_field,severe,1000495,train
microcrater_field/microcrater_field_1000496.png,microcrater_field,minor,1000496,train
microcrater_field/microcrater_field_1000497.png,microcrater_field,moderate,1000497,train
microcrater_field/microcrater_field_1000498.png,microcrater_field,moderate,1000498,train
microcrater_field/microcrater_field_1000499.png,microcrater_field,minor,1000499,train
microcrater_field/microcrater_field_1000500.png,microcrater_field,severe,1000500,train
microcrater_field/microcrater_field_1000501.png,microcrater_field,severe,1000501,train
microcrater_field/microcrater_field_1000502.png,microcrater_field,moderate,1000502,train
microcrater_field/microcrater_field_1000503.png,microcrater_field,severe,1000503,train
microcrater_field/microcrater_field_1000504.png,microcrater_field,severe,1000504,val
microcrater_field/microcrater_field_1000505.png,microcrater_field,moderate,1000505,val
microcrater_field/microcrater_field_1000506.png,microcrater_field,minor,1000506,val
microcrater_field/microcrater_field_1000507.png,microcrater_field,severe,1000507,train
microcrater_field/microcrater_field_1000508.png,microcrater_field,minor,1000508,train
microcrater_field/microcrater_field_1000509.png,microcrater_field,minor,1000509,val
microcrater_field/microcrater_field_1000510.png,microcrater_field,moderate,1000510,train
microcrater_field/microcrater_field_1000511.png,microcrater_field,severe,1000511,train
microcrater_field/microcrater_field_1000512.png,microcrater_field,severe,1000512,train
microcrater_field/microcrater_field_1000513.png,microcrater_field,minor,1000513,train
microcrater_field/microcrater_field_1000514.png,microcrater_field,minor,1000514,val
microcrater_field/microcrater_field_1000515.png,microcrater_field,minor,1000515,test
microcrater_field/microcrater_field_1000516.png,microcrater_field,minor,1000516,train
microcrater_field/microcrater_field_1000517.png,microcrater_field,minor,1000517,train
microcrater_field/microcrater_field_1000518.png,microcrater_field,minor,1000518,train
microcrater_field/microcrater_field_1000519.png,microcrater_field,moderate,1000519,val
microcrater_field/microcrater_field_1000520.png,microcrater_field,moderate,1000520,val
microcrater_field/microcrater_field_1000521.png,microcrater_field,moderate,1000521,train
microcrater_field/microcrater_field_1000522.png,microcrater_field,moderate,1000522,train
microcrater_field/microcrater_field_1000523.png,microcrater_field,severe,1000523,train
microcrater_field/microcrater_field_1000524.png,microcrater_field,severe,1000524,train
microcrater_field/microcrater_field_1000525.png,microcrater_field,severe,1000525,test
microcrater_field/microcrater_field_1000526.png,microcrater_field,severe,1000526,train
microcrater_field/microcrater_field_1000527.png,microcrater_field,moderate,1000527,train
microcrater_field/microcrater_field_1000528.png,microcrater_field,minor,1000528,train
microcrater_field/microcrater_field_1000529.png,microcrater_field,moderate,1000529,train
microcrater_field/microcrater_field_1000530.png,microcrater_field,severe,1000530,val
microcrater_field/microcrater_field_1000531.png,microcrater_field,moderate,1000531,train
microcrater_field/microcrater_field_1000532.png,microcrater_field,minor,1000532,train
microcrater_field/microcrater_field_1000533.png,microcrater_field,moderate,1000533,train
microcrater_field/microcrater_field_1000534.png,microcrater_field,moderate,1000534,train
microcrater_field/microcrater_field_1000535.png,microcrater_field,moderate,1000535,test
microcrater_field/microcrater_field_1000536.png,microcrater_field,moderate,1000536,train
microcrater_field/microcrater_field_1000537.png,microcrater_field,moderate,1000537,train
microcrater_field/microcrater_field_1000538.png,microcrater_field,severe,1000538,train
microcrater_field/microcrater_field_1000539.png,microcrater_field,moderate,1000539,train
microcrater_field/microcrater_field_1000540.png,microcrater_field,severe,1000540,train
microcrater_field/microcrater_field_1000541.png,microcrater_field,moderate,1000541,train
microcrater_field/microcrater_field_1000542.png,microcrater_field,moderate,1000542,train
microcrater_field/microcrater_field_1000543.png,microcrater_field,minor,1000543,train
microcrater_field/microcrater_field_1000544.png,microcrater_field,moderate,1000544,train
microcrater_field/microcrater_field_1000545.png,microcrater_field,severe,1000545,test
microcrater_field/microcrater_field_1000546.png,microcrater_field,minor,1000546,val
microcrater_field/microcrater_field_1000547.png,microcrater_field,severe,1000547,train
microcrater_field/microcrater_field_1000548.png,microcrater_field,severe,1000548,train
microcrater_field/microcrater_field_1000549.png,microcrater_field,moderate,1000549,train
microcrater_field/microcrater_field_1000550.png,microcrater_field,minor,1000550,train
microcrater_field/microcrater_field_1000551.png,microcrater_field,moderate,1000551,test
microcrater_field/microcrater_field_1000552.png,microcrater_field,minor,1000552,train
microcrater_field/microcrater_field_1000553.png,microcrater_field,severe,1000553,train
microcrater_field/microcrater_field_1000554.png,microcrater_field,moderate,1000554,train
microcrater_field/microcrater_field_1000555.png,microcrater_field,moderate,1000555,train
microcrater_field/microcrater_field_1000556.png,microcrater_field,minor,1000556,train
microcrater_field/microcrater_field_1000557.png,microcrater_field,minor,1000557,train
microcrater_field/microcrater_field_1000558.png,microcrater_field,moderate,1000558,train
microcrater_field/microcrater_field_1000559.png,microcrater_field,moderate,1000559,train
microcrater_field/microcrater_field_1000560.png,microcrater_field,minor,1000560,train
microcrater_field/microcrater_field_1000561.png,microcrater_field,minor,1000561,test
microcrater_field/microcrater_field_1000562.png,microcrater_field,minor,1000562,train
microcrater_field/microcrater_field_1000563.png,microcrater_field,moderate,1000563,train
microcrater_field/microcrater_field_1000564.png,microcrater_field,moderate,1000564,train
microcrater_field/microcrater_field_1000565.png,microcrater_field,moderate,1000565,train
microcrater_field/microcrater_field_1000566.png,microcrater_field,severe,1000566,test
microcrater_field/microcrater_field_1000567.png,microcrater_field,severe,1000567,val
microcrater_field/microcrater_field_1000568.png,microcrater_field,moderate,1000568,train
microcrater_field/microcrater_field_1000569.png,microcrater_field,minor,1000569,train
microcrater_field/microcrater_field_1000570.png,microcrater_field,moderate,1000570,train
microcrater_field/microcrater_field_1000571.png,microcrater_field,moderate,1000571,val
microcrater_field/microcrater_field_1000572.png,microcrater_field,severe,1000572,val
microcrater_field/microcrater_field_1000573.png,microcrater_field,moderate,1000573,train
microcrater_field/microcrater_field_1000574.png,microcrater_field,moderate,1000574,test
microcrater_field/microcrater_field_1000575.png,microcrater_field,severe,1000575,train
microcrater_field/microcrater_field_1000576.png,microcrater_field,severe,1000576,train
microcrater_field/microcrater_field_1000577.png,microcrater_field,minor,1000577,val
microcrater_field/microcrater_field_1000578.png,microcrater_field,minor,1000578,train
microcrater_field/microcrater_field_1000579.png,microcrater_field,severe,1000579,train
microcrater_field/microcrater_field_1000580.png,microcrater_field,moderate,1000580,test
microcrater_field/microcrater_field_1000581.png,microcrater_field,minor,1000581,train
microcrater_field/microcrater_field_1000582.png,microcrater_field,moderate,1000582,train
microcrater_field/microcrater_field_1000583.png,microcrater_field,severe,1000583,train
microcrater_field/microcrater_field_1000584.png,microcrater_field,minor,1000584,train
microcrater_field/microcrater_field_1000585.png,microcrater_field,moderate,1000585,train
microcrater_field/microcrater_field_1000586.png,microcrater_field,severe,1000586,train
microcrater_field/microcrater_field_1000587.png,microcrater_field,severe,1000587,train
microcrater_field/microcrater_field_1000588.png,microcrater_field,minor,1000588,train
microcrater_field/microcrater_field_1000589.png,microcrater_field,minor,1000589,val
microcrater_field/microcrater_field_1000590.png,microcrater_field,severe,1000590,train
microcrater_field/microcrater_field_1000591.png,microcrater_field,severe,1000591,train
microcrater_field/microcrater_field_1000592.png,microcrater_field,minor,1000592,train
microcrater_field/microcrater_field_1000593.png,microcrater_field,minor,1000593,train
microcrater_field/microcrater_field_1000594.png,microcrater_field,moderate,1000594,train
microcrater_field/microcrater_field_1000595.png,microcrater_field,moderate,1000595,val
microcrater_field/microcrater_field_1000596.png,microcrater_field,moderate,1000596,train
microcrater_field/microcrater_field_1000597.png,microcrater_field,minor,1000597,train
microcrater_field/microcrater_field_1000598.png,microcrater_field,minor,1000598,test
microcrater_field/microcrater_field_1000599.png,microcrater_field,minor,1000599,train
microcrater_field/microcrater_field_1000600.png,microcrater_field,severe,1000600,train
microcrater_field/microcrater_field_1000601.png,microcrater_field,minor,1000601,train
microcrater_field/microcrater_field_1000602.png,microcrater_field,severe,1000602,test
microcrater_field/microcrater_field_1000603.png,microcrater_field,minor,1000603,val
microcrater_field/microcrater_field_1000604.png,microcrater_field,severe,1000604,train
microcrater_field/microcrater_field_1000605.png,microcrater_field,minor,1000605,val
microcrater_field/microcrater_field_1000606.png,microcrater_field,minor,1000606,train
microcrater_field/microcrater_field_1000607.png,microcrater_field,moderate,1000607,train
microcrater_field/microcrater_field_1000608.png,microcrater_field,moderate,1000608,train
microcrater_field/microcrater_field_1000609.png,microcrater_field,minor,1000609,test
microcrater_field/microcrater_field_1000610.png,microcrater_field,severe,1000610,val
microcrater_field/microcrater_field_1000611.png,microcrater_field,severe,1000611,train
microcrater_field/microcrater_field_1000612.png,microcrater_field,minor,1000612,test
microcrater_field/microcrater_field_1000613.png,microcrater_field,severe,1000613,train
microcrater_field/microcrater_field_1000614.png,microcrater_field,minor,1000614,train
microcrater_field/microcrater_field_1000615.png,microcrater_field,moderate,1000615,test
microcrater_field/microcrater_field_1000616.png,microcrater_field,severe,1000616,val
microcrater_field/microcrater_field_1000617.png,microcrater_field,minor,1000617,train
microcrater_field/microcrater_field_1000618.png,microcrater_field,minor,1000618,val
microcrater_field/microcrater_field_1000619.png,microcrater_field,minor,1000619,train
microcrater_field/microcrater_field_1000620.png,microcrater_field,moderate,1000620,val
microcrater_field/microcrater_field_1000621.png,microcrater_field,minor,1000621,train
microcrater_field/microcrater_field_1000622.png,microcrater_field,moderate,1000622,val
microcrater_field/microcrater_field_1000623.png,microcrater_field,minor,1000623,val
microcrater_field/microcrater_field_1000624.png,microcrater_field,severe,1000624,train
microcrater_field/microcrater_field_1000625.png,microcrater_field,moderate,1000625,train
microcrater_field/microcrater_field_1000626.png,microcrater_field,moderate,1000626,train
microcrater_field/microcrater_field_1000627.png,microcrater_field,severe,1000627,train
microcrater_field/microcrater_field_1000628.png,microcrater_field,moderate,1000628,train
microcrater_field/microcrater_field_1000629.png,microcrater_field,minor,1000629,val
microcrater_field/microcrater_field_1000630.png,microcrater_field,severe,1000630,train
microcrater_field/microcrater_field_1000631.png,microcrater_field,severe,1000631,train
microcrater_field/microcrater_field_1000632.png,microcrater_field,minor,1000632,train
microcrater_field/microcrater_field_1000633.png,microcrater_field,severe,1000633,val
microcrater_field/microcrater_field_1000634.png,microcrater_field,moderate,1000634,train
microcrater_field/microcrater_field_1000635.png,microcrater_field,severe,1000635,val
microcrater_field/microcrater_field_1000636.png,microcrater_field,minor,1000636,train
microcrater_field/microcrater_field_1000637.png,microcrater_field,severe,1000637,val
microcrater_field/microcrater_field_1000638.png,microcrater_field,severe,1000638,train
microcrater_field/microcrater_field_1000639.png,microcrater_field,minor,1000639,val
microcrater_field/microcrater_field_1000640.png,microcrater_field,severe,1000640,train
microcrater_field/microcrater_field_1000641.png,microcrater_field,minor,1000641,val
microcrater_field/microcrater_field_1000642.png,microcrater_field,severe,1000642,val
microcrater_field/microcrater_field_1000643.png,microcrater_field,severe,1000643,val
microcrater_field/microcrater_field_1000644.png,microcrater_field,minor,1000644,train
microcrater_field/microcrater_field_1000645.png,microcrater_field,severe,1000645,train
microcrater_field/microcrater_field_1000646.png,microcrater_field,minor,1000646,train
microcrater_field/microcrater_field_1000647.png,microcrater_field,severe,1000647,val
microcrater_field/microcrater_field_1000648.png,microcrater_field,minor,1000648,val
microcrater_field/microcrater_field_1000649.png,microcrater_field,severe,1000649,val
microcrater_field/microcrater_field_1000650.png,microcrater_field,minor,1000650,train
microcrater_field/microcrater_field_1000651.png,microcrater_field,minor,1000651,train
microcrater_field/microcrater_field_1000652.png,microcrater_field,severe,1000652,val
microcrater_field/microcrater_field_1000653.png,microcrater_field,moderate,1000653,train
microcrater_field/microcrater_field_1000654.png,microcrater_field,moderate,1000654,val
microcrater_field/microcrater_field_1000655.png,microcrater_field,severe,1000655,train
microcrater_field/microcrater_field_1000656.png,microcrater_field,moderate,1000656,train
microcrater_field/microcrater_field_1000657.png,microcrater_field,severe,1000657,train
microcrater_field/microcrater_field_1000658.png,microcrater_field,minor,1000658,val
microcrater_field/microcrater_field_1000659.png,microcrater_field,severe,1000659,train
microcrater_field/microcrater_field_1000660.png,microcrater_field,severe,1000660,test
microcrater_field/microcrater_field_1000661.png,microcrater_field,minor,1000661,train
microcrater_field/microcrater_field_1000662.png,microcrater_field,severe,1000662,test
microcrater_field/microcrater_field_1000663.png,microcrater_field,moderate,1000663,train
microcrater_field/microcrater_field_1000664.png,microcrater_field,severe,1000664,train
microcrater_field/microcrater_field_1000665.png,microcrater_field,minor,1000665,train
microcrater_field/microcrater_field_1000666.png,microcrater_field,minor,1000666,train
microcrater_field/microcrater_field_1000667.png,microcrater_field,severe,1000667,val
microcrater_field/microcrater_field_1000668.png,microcrater_field,minor,1000668,train
microcrater_field/microcrater_field_1000669.png,microcrater_field,minor,1000669,train
microcrater_field/microcrater_field_1000670.png,microcrater_field,minor,1000670,val
microcrater_field/microcrater_field_1000671.png,microcrater_field,moderate,1000671,test
microcrater_field/microcrater_field_1000672.png,microcrater_field,moderate,1000672,train
microcrater_field/microcrater_field_1000673.png,microcrater_field,severe,1000673,train
microcrater_field/microcrater_field_1000674.png,microcrater_field,moderate,1000674,train
microcrater_field/microcrater_field_1000675.png,microcrater_field,moderate,1000675,train
microcrater_field/microcrater_field_1000676.png,microcrater_field,minor,1000676,train
microcrater_field/microcrater_field_1000677.png,microcrater_field,minor,1000677,val
microcrater_field/microcrater_field_1000678.png,microcrater_field,moderate,1000678,train
microcrater_field/microcrater_field_1000679.png,microcrater_field,minor,1000679,train
microcrater_field/microcrater_field_1000680.png,microcrater_field,severe,1000680,train
microcrater_field/microcrater_field_1000681.png,microcrater_field,minor,1000681,train
microcrater_field/microcrater_field_1000682.png,microcrater_field,severe,1000682,val
microcrater_field/microcrater_field_1000683.png,microcrater_field,moderate,1000683,train
microcrater_field/microcrater_field_1000684.png,microcrater_field,severe,1000684,test
microcrater_field/microcrater_field_1000685.png,microcrater_field,severe,1000685,train
microcrater_field/microcrater_field_1000686.png,microcrater_field,severe,1000686,train
microcrater_field/microcrater_field_1000687.png,microcrater_field,minor,1000687,train
microcrater_field/microcrater_field_1000688.png,microcrater_field,minor,1000688,test
microcrater_field/microcrater_field_1000689.png,microcrater_field,minor,1000689,train
microcrater_field/microcrater_field_1000690.png,microcrater_field,severe,1000690,train
microcrater_field/microcrater_field_1000691.png,microcrater_field,minor,1000691,train
microcrater_field/microcrater_field_1000692.png,microcrater_field,minor,1000692,train
microcrater_field/microcrater_field_1000693.png,microcrater_field,severe,1000693,train
microcrater_field/microcrater_field_1000694.png,microcrater_field,moderate,1000694,test
microcrater_field/microcrater_field_1000695.png,microcrater_field,severe,1000695,train
microcrater_field/microcrater_field_1000696.png,microcrater_field,minor,1000696,train
microcrater_field/microcrater_field_1000697.png,microcrater_field,severe,1000697,train
microcrater_field/microcrater_field_1000698.png,microcrater_field,moderate,1000698,val
microcrater_field/microcrater_field_1000699.png,microcrater_field,moderate,1000699,train
microcrater_field/microcrater_field_1000700.png,microcrater_field,severe,1000700,train
microcrater_field/microcrater_field_1000701.png,microcrater_field,minor,1000701,train
microcrater_field/microcrater_field_1000702.png,microcrater_field,moderate,1000702,train
microcrater_field/microcrater_field_1000703.png,microcrater_field,moderate,1000703,test
microcrater_field/microcrater_field_1000704.png,microcrater_field,moderate,1000704,train
microcrater_field/microcrater_field_1000705.png,microcrater_field,minor,1000705,val
microcrater_field/microcrater_field_1000706.png,microcrater_field,severe,1000706,train
microcrater_field/microcrater_field_1000707.png,microcrater_field,severe,1000707,train
microcrater_field/microcrater_field_1000708.png,microcrater_field,severe,1000708,train
microcrater_field/microcrater_field_1000709.png,microcrater_field,severe,1000709,val
microcrater_field/microcrater_field_1000710.png,microcrater_field,moderate,1000710,train
microcrater_field/microcrater_field_1000711.png,microcrater_field,minor,1000711,train
microcrater_field/microcrater_field_1000712.png,microcrater_field,minor,1000712,val
microcrater_field/microcrater_field_1000713.png,microcrater_field,minor,1000713,train
microcrater_field/microcrater_field_1000714.png,microcrater_field,severe,1000714,test
microcrater_field/microcrater_field_1000715.png,microcrater_field,minor,1000715,val
microcrater_field/microcrater_field_1000716.png,microcrater_field,severe,1000716,val
microcrater_field/microcrater_field_1000717.png,microcrater_field,moderate,1000717,val
microcrater_field/microcrater_field_1000718.png,microcrater_field,severe,1000718,train
microcrater_field/microcrater_field_1000719.png,microcrater_field,severe,1000719,train
microcrater_field/microcrater_field_1000720.png,microcrater_field,minor,1000720,train
microcrater_field/microcrater_field_1000721.png,microcrater_field,minor,1000721,train
microcrater_field/microcrater_field_1000722.png,microcrater_field,moderate,1000722,val
microcrater_field/microcrater_field_1000723.png,microcrater_field,severe,1000723,train
microcrater_field/microcrater_field_1000724.png,microcrater_field,moderate,1000724,train
microcrater_field/microcrater_field_1000725.png,microcrater_field,severe,1000725,test
microcrater_field/microcrater_field_1000726.png,microcrater_field,moderate,1000726,train
microcrater_field/microcrater_field_1000727.png,microcrater_field,minor,1000727,train
microcrater_field/microcrater_field_1000728.png,microcrater_field,moderate,1000728,train
microcrater_field/microcrater_field_1000729.png,microcrater_field,minor,1000729,train
microcrater_field/microcrater_field_1000730.png,microcrater_field,moderate,1000730,train
microcrater_field/microcrater_field_1000731.png,microcrater_field,moderate,1000731,val
microcrater_field/microcrater_field_1000732.png,microcrater_field,minor,1000732,train
microcrater_field/microcrater_field_1000733.png,microcrater_field,severe,1000733,train
microcrater_field/microcrater_field_1000734.png,microcrater_field,minor,1000734,train
microcrater_field/microcrater_field_1000735.png,microcrater_field,severe,1000735,train
microcrater_field/microcrater_field_1000736.png,microcrater_field,severe,1000736,train
microcrater_field/microcrater_field_1000737.png,microcrater_field,moderate,1000737,val
microcrater_field/microcrater_field_1000738.png,microcrater_field,minor,1000738,train
microcrater_field/microcrater_field_1000739.png,microcrater_field,moderate,1000739,val
microcrater_field/microcrater_field_1000740.png,microcrater_field,moderate,1000740,val
microcrater_field/microcrater_field_1000741.png,microcrater_field,severe,1000741,val
microcrater_field/microcrater_field_1000742.png,microcrater_field,severe,1000742,train
microcrater_field/microcrater_field_1000743.png,microcrater_field,severe,1000743,val
microcrater_field/microcrater_field_1000744.png,microcrater_field,minor,1000744,val
microcrater_field/microcrater_field_1000745.png,microcrater_field,moderate,1000745,train
microcrater_field/microcrater_field_1000746.png,microcrater_field,minor,1000746,train
microcrater_field/microcrater_field_1000747.png,microcrater_field,severe,1000747,train
microcrater_field/microcrater_field_1000748.png,microcrater_field,minor,1000748,val
microcrater_field/microcrater_field_1000749.png,microcrater_field,minor,1000749,val
microcrater_field/microcrater_field_1000750.png,microcrater_field,moderate,1000750,val
microcrater_field/microcrater_field_1000751.png,microcrater_field,minor,1000751,train
microcrater_field/microcrater_field_1000752.png,microcrater_field,severe,1000752,train
microcrater_field/microcrater_field_1000753.png,microcrater_field,minor,1000753,train
microcrater_field/microcrater_field_1000754.png,microcrater_field,severe,1000754,train
microcrater_field/microcrater_field_1000755.png,microcrater_field,moderate,1000755,val
microcrater_field/microcrater_field_1000756.png,microcrater_field,minor,1000756,train
microcrater_field/microcrater_field_1000757.png,microcrater_field,moderate,1000757,train
microcrater_field/microcrater_field_1000758.png,microcrater_field,moderate,1000758,train
microcrater_field/microcrater_field_1000759.png,microcrater_field,severe,1000759,val
microcrater_field/microcrater_field_1000760.png,microcrater_field,minor,1000760,train
microcrater_field/microcrater_field_1000761.png,microcrater_field,severe,1000761,val
microcrater_field/microcrater_field_1000762.png,microcrater_field,severe,1000762,train
microcrater_field/microcrater_field_1000763.png,microcrater_field,moderate,1000763,train
microcrater_field/microcrater_field_1000764.png,microcrater_field,minor,1000764,val
microcrater_field/microcrater_field_1000765.png,microcrater_field,minor,1000765,train
microcrater_field/microcrater_field_1000766.png,microcrater_field,minor,1000766,val
microcrater_field/microcrater_field_1000767.png,microcrater_field,severe,1000767,test
microcrater_field/microcrater_field_1000768.png,microcrater_field,moderate,1000768,train
microcrater_field/microcrater_field_1000769.png,microcrater_field,minor,1000769,train
microcrater_field/microcrater_field_1000770.png,microcrater_field,severe,1000770,train
microcrater_field/microcrater_field_1000771.png,microcrater_field,severe,1000771,train
microcrater_field/microcrater_field_1000772.png,microcrater_field,severe,1000772,train
microcrater_field/microcrater_field_1000773.png,microcrater_field,moderate,1000773,train
microcrater_field/microcrater_field_1000774.png,microcrater_field,moderate,1000774,train
microcrater_field/microcrater_field_1000775.png,microcrater_field,severe,1000775,train
microcrater_field/microcrater_field_1000776.png,microcrater_field,severe,1000776,test
microcrater_field/microcrater_field_1000777.png,microcrater_field,severe,1000777,val
microcrater_field/microcrater_field_1000778.png,microcrater_field,minor,1000778,val
microcrater_field/microcrater_field_1000779.png,microcrater_field,moderate,1000779,train
microcrater_field/microcrater_field_1000780.png,microcrater_field,moderate,1000780,val
microcrater_field/microcrater_field_1000781.png,microcrater_field,severe,1000781,train
microcrater_field/microcrater_field_1000782.png,microcrater_field,severe,1000782,val
microcrater_field/microcrater_field_1000783.png,microcrater_field,minor,1000783,train
microcrater_field/microcrater_field_1000784.png,microcrater_field,severe,1000784,train
microcrater_field/microcrater_field_1000785.png,microcrater_field,severe,1000785,train
microcrater_field/microcrater_field_1000786.png,microcrater_field,minor,1000786,train
microcrater_field/microcrater_field_1000787.png,microcrater_field,severe,1000787,train
microcrater_field/microcrater_field_1000788.png,microcrater_field,moderate,1000788,train
microcrater_field/microcrater_field_1000789.png,microcrater_field,severe,1000789,train
microcrater_field/microcrater_field_1000790.png,microcrater_field,severe,1000790,train
microcrater_field/microcrater_field_1000791.png,microcrater_field,minor,1000791,train
microcrater_field/microcrater_field_1000792.png,microcrater_field,minor,1000792,train
microcrater_field/microcrater_field_1000793.png,microcrater_field,minor,1000793,train
microcrater_field/microcrater_field_1000794.png,microcrater_field,minor,1000794,train
microcrater_field/microcrater_field_1000795.png,microcrater_field,moderate,1000795,val
microcrater_field/microcrater_field_1000796.png,microcrater_field,severe,1000796,test
microcrater_field/microcrater_field_1000797.png,microcrater_field,minor,1000797,train
microcrater_field/microcrater_field_1000798.png,microcrater_field,severe,1000798,train
microcrater_field/microcrater_field_1000799.png,microcrater_field,minor,1000799,train
melt_splash/melt_splash_1100000.png,melt_splash,severe,1100000,val
melt_splash/melt_splash_1100001.png,melt_splash,minor,1100001,train
melt_splash/melt_splash_1100002.png,melt_splash,moderate,1100002,train
melt_splash/melt_splash_1100003.png,melt_splash,moderate,1100003,test
melt_splash/melt_splash_1100004.png,melt_splash,minor,1100004,train
melt_splash/melt_splash_1100005.png,melt_splash,minor,1100005,test
melt_splash/melt_splash_1100006.png,melt_splash,moderate,1100006,train
melt_splash/melt_splash_1100007.png,melt_splash,severe,1100007,val
melt_splash/melt_splash_1100008.png,melt_splash,minor,1100008,train
melt_splash/melt_splash_1100009.png,melt_splash,severe,1100009,train
melt_splash/melt_splash_1100010.png,melt_splash,moderate,1100010,train
melt_splash/melt_splash_1100011.png,melt_splash,severe,1100011,val
melt_splash/melt_splash_1100012.png,melt_splash,minor,1100012,test
melt_splash/melt_splash_1100013.png,melt_splash,moderate,1100013,train
melt_splash/melt_splash_1100014.png,melt_splash,severe,1100014,train
melt_splash/melt_splash_1100015.png,melt_splash,moderate,1100015,train
melt_splash/melt_splash_1100016.png,melt_splash,moderate,1100016,train
melt_splash/melt_splash_1100017.png,melt_splash,moderate,1100017,val
melt_splash/melt_splash_1100018.png,melt_splash,moderate,1100018,train
melt_splash/melt_splash_1100019.png,melt_splash,minor,1100019,val
melt_splash/melt_splash_1100020.png,melt_splash,moderate,1100020,train
melt_splash/melt_splash_1100021.png,melt_splash,moderate,1100021,train
melt_splash/melt_splash_1100022.png,melt_splash,moderate,1100022,train
melt_splash/melt_splash_1100023.png,melt_splash,severe,1100023,train
melt_splash/melt_splash_1100024.png,melt_splash,severe,1100024,test
melt_splash/melt_splash_1100025.png,melt_splash,moderate,1100025,train
melt_splash/melt_splash_1100026.png,melt_splash,moderate,1100026,train
melt_splash/melt_splash_1100027.png,melt_splash,severe,1100027,train
melt_splash/melt_splash_1100028.png,melt_splash,moderate,1100028,train
melt_splash/melt_splash_1100029.png,melt_splash,severe,1100029,train
melt_splash/melt_splash_1100030.png,melt_splash,moderate,1100030,test
melt_splash/melt_splash_1100031.png,melt_splash,minor,1100031,val
melt_splash/melt_splash_1100032.png,melt_splash,moderate,1100032,val
melt_splash/melt_splash_1100033.png,melt_splash,severe,1100033,val
melt_splash/melt_splash_1100034.png,melt_splash,moderate,1100034,train
melt_splash/melt_splash_1100035.png,melt_splash,severe,1100035,train
melt_splash/melt_splash_1100036.png,melt_splash,minor,1100036,train
melt_splash/melt_splash_1100037.png,melt_splash,severe,1100037,train
melt_splash/melt_splash_1100038.png,melt_splash,minor,1100038,train
melt_splash/melt_splash_1100039.png,melt_splash,moderate,1100039,train
melt_splash/melt_splash_1100040.png,melt_splash,minor,1100040,train
melt_splash/melt_splash_1100041.png,melt_splash,moderate,1100041,train
melt_splash/melt_splash_1100042.png,melt_splash,severe,1100042,train
melt_splash/melt_splash_1100043.png,melt_splash,moderate,1100043,train
melt_splash/melt_splash_1100044.png,melt_splash,severe,1100044,train
melt_splash/melt_splash_1100045.png,melt_splash,severe,1100045,val
melt_splash/melt_splash_1100046.png,melt_splash,minor,1100046,train
melt_splash/melt_splash_1100047.png,melt_splash,severe,1100047,train
melt_splash/melt_splash_1100048.png,melt_splash,moderate,1100048,train
melt_splash/melt_splash_1100049.png,melt_splash,severe,1100049,train
melt_splash/melt_splash_1100050.png,melt_splash,moderate,1100050,train
melt_splash/melt_splash_1100051.png,melt_splash,moderate,1100051,train
melt_splash/melt_splash_1100052.png,melt_splash,severe,1100052,train
melt_splash/melt_splash_1100053.png,melt_splash,minor,1100053,train
melt_splash/melt_splash_1100054.png,melt_splash,minor,1100054,val
melt_splash/melt_splash_1100055.png,melt_splash,severe,1100055,train
melt_splash/melt_splash_1100056.png,melt_splash,minor,1100056,train
melt_splash/melt_splash_1100057.png,melt_splash,moderate,1100057,val
melt_splash/melt_splash_1100058.png,melt_splash,severe,1100058,test
melt_splash/melt_splash_1100059.png,melt_splash,moderate,1100059,train
melt_splash/melt_splash_1100060.png,melt_splash,moderate,1100060,train
melt_splash/melt_splash_1100061.png,melt_splash,moderate,1100061,train
melt_splash/melt_splash_1100062.png,melt_splash,minor,1100062,val
melt_splash/melt_splash_1100063.png,melt_splash,moderate,1100063,test
melt_splash/melt_splash_1100064.png,melt_splash,minor,1100064,val
melt_splash/melt_splash_1100065.png,melt_splash,minor,1100065,train
melt_splash/melt_splash_1100066.png,melt_splash,severe,1100066,val
melt_splash/melt_splash_1100067.png,melt_splash,minor,1100067,train
melt_splash/melt_splash_1100068.png,melt_splash,moderate,1100068,train
melt_splash/melt_splash_1100069.png,melt_splash,minor,1100069,train
melt_splash/melt_splash_1100070.png,melt_splash,minor,1100070,train
melt_splash/melt_splash_1100071.png,melt_splash,moderate,1100071,val
melt_splash/melt_splash_1100072.png,melt_splash,minor,1100072,train
melt_splash/melt_splash_1100073.png,melt_splash,severe,1100073,train
melt_splash/melt_splash_1100074.png,melt_splash,moderate,1100074,train
melt_splash/melt_splash_1100075.png,melt_splash,moderate,1100075,val
melt_splash/melt_splash_1100076.png,melt_splash,minor,1100076,train
melt_splash/melt_splash_1100077.png,melt_splash,severe,1100077,val
melt_splash/melt_splash_1100078.png,melt_splash,moderate,1100078,val
melt_splash/melt_splash_1100079.png,melt_splash,severe,1100079,val
melt_splash/melt_splash_1100080.png,melt_splash,severe,1100080,train
melt_splash/melt_splash_1100081.png,melt_splash,moderate,1100081,train
melt_splash/melt_splash_1100082.png,melt_splash,minor,1100082,test
melt_splash/melt_splash_1100083.png,melt_splash,minor,1100083,train
melt_splash/melt_splash_1100084.png,melt_splash,minor,1100084,train
melt_splash/melt_splash_1100085.png,melt_splash,minor,1100085,train
melt_splash/melt_splash_1100086.png,melt_splash,severe,1100086,train
melt_splash/melt_splash_1100087.png,melt_splash,severe,1100087,train
melt_splash/melt_splash_1100088.png,melt_splash,severe,1100088,val
melt_splash/melt_splash_1100089.png,melt_splash,minor,1100089,test
melt_splash/melt_splash_1100090.png,melt_splash,minor,1100090,train
melt_splash/melt_splash_1100091.png,melt_splash,severe,1100091,train
melt_splash/melt_splash_1100092.png,melt_splash,minor,1100092,train
melt_splash/melt_splash_1100093.png,melt_splash,minor,1100093,test
melt_splash/melt_splash_1100094.png,melt_splash,severe,1100094,train
melt_splash/melt_splash_1100095.png,melt_splash,severe,1100095,train
melt_splash/melt_splash_1100096.png,melt_splash,minor,1100096,val
melt_splash/melt_splash_1100097.png,melt_splash,minor,1100097,train
melt_splash/melt_splash_1100098.png,melt_splash,severe,1100098,train
melt_splash/melt_splash_1100099.png,melt_splash,severe,1100099,train
melt_splash/melt_splash_1100100.png,melt_splash,moderate,1100100,val
melt_splash/melt_splash_1100101.png,melt_splash,moderate,1100101,train
melt_splash/melt_splash_1100102.png,melt_splash,moderate,1100102,train
melt_splash/melt_splash_1100103.png,melt_splash,minor,1100103,train
melt_splash/melt_splash_1100104.png,melt_splash,minor,1100104,test
melt_splash/melt_splash_1100105.png,melt_splash,severe,1100105,train
melt_splash/melt_splash_1100106.png,melt_splash,moderate,1100106,train
melt_splash/melt_splash_1100107.png,melt_splash,moderate,1100107,train
melt_splash/melt_splash_1100108.png,melt_splash,minor,1100108,train
melt_splash/melt_splash_1100109.png,melt_splash,minor,1100109,train
melt_splash/melt_splash_1100110.png,melt_splash,minor,1100110,val
melt_splash/melt_splash_1100111.png,melt_splash,minor,1100111,train
melt_splash/melt_splash_1100112.png,melt_splash,minor,1100112,train
melt_splash/melt_splash_1100113.png,melt_splash,severe,1100113,train
melt_splash/melt_splash_1100114.png,melt_splash,moderate,1100114,train
melt_splash/melt_splash_1100115.png,melt_splash,moderate,1100115,test
melt_splash/melt_splash_1100116.png,melt_splash,minor,1100116,train
melt_splash/melt_splash_1100117.png,melt_splash,minor,1100117,val
melt_splash/melt_splash_1100118.png,melt_splash,minor,1100118,train
melt_splash/melt_splash_1100119.png,melt_splash,moderate,1100119,train
melt_splash/melt_splash_1100120.png,melt_splash,moderate,1100120,train
melt_splash/melt_splash_1100121.png,melt_splash,severe,1100121,train
melt_splash/melt_splash_1100122.png,melt_splash,severe,1100122,val
melt_splash/melt_splash_1100123.png,melt_splash,minor,1100123,train
melt_splash/melt_splash_1100124.png,melt_splash,minor,1100124,test
melt_splash/melt_splash_1100125.png,melt_splash,severe,1100125,train
melt_splash/melt_splash_1100126.png,melt_splash,severe,1100126,train
melt_splash/melt_splash_1100127.png,melt_splash,minor,1100127,val
melt_splash/melt_splash_1100128.png,melt_splash,minor,1100128,train
melt_splash/melt_splash_1100129.png,melt_splash,minor,1100129,train
melt_splash/melt_splash_1100130.png,melt_splash,severe,1100130,test
melt_splash/melt_splash_1100131.png,melt_splash,severe,1100131,train
melt_splash/melt_splash_1100132.png,melt_splash,moderate,1100132,train
melt_splash/melt_splash_1100133.png,melt_splash,severe,1100133,train
melt_splash/melt_splash_1100134.png,melt_splash,minor,1100134,train
melt_splash/melt_splash_1100135.png,melt_splash,severe,1100135,train
melt_splash/melt_splash_1100136.png,melt_splash,moderate,1100136,train
melt_splash/melt_splash_1100137.png,melt_splash,moderate,1100137,test
melt_splash/melt_splash_1100138.png,melt_splash,minor,1100138,train
melt_splash/melt_splash_1100139.png,melt_splash,severe,1100139,train
melt_splash/melt_splash_1100140.png,melt_splash,minor,1100140,train
melt_splash/melt_splash_1100141.png,melt_splash,severe,1100141,train
melt_splash/melt_splash_1100142.png,melt_splash,moderate,1100142,val
melt_splash/melt_splash_1100143.png,melt_splash,severe,1100143,val
melt_splash/melt_splash_1100144.png,melt_splash,moderate,1100144,train
melt_splash/melt_splash_1100145.png,melt_splash,moderate,1100145,train
melt_splash/melt_splash_1100146.png,melt_splash,minor,1100146,train
melt_splash/melt_splash_1100147.png,melt_splash,severe,1100147,val
melt_splash/melt_splash_1100148.png,melt_splash,minor,1100148,train
melt_splash/melt_splash_1100149.png,melt_splash,moderate,1100149,train
melt_splash/melt_splash_1100150.png,melt_splash,minor,1100150,train
melt_splash/melt_splash_1100151.png,melt_splash,severe,1100151,train
melt_splash/melt_splash_1100152.png,melt_splash,severe,1100152,test
melt_splash/melt_splash_1100153.png,melt_splash,minor,1100153,train
melt_splash/melt_splash_1100154.png,melt_splash,minor,1100154,val
melt_splash/melt_splash_1100155.png,melt_splash,minor,1100155,train
melt_splash/melt_splash_1100156.png,melt_splash,severe,1100156,train
melt_splash/melt_splash_1100157.png,melt_splash,severe,1100157,train
melt_splash/melt_splash_1100158.png,melt_splash,minor,1100158,val
melt_splash/melt_splash_1100159.png,melt_splash,severe,1100159,val
melt_splash/melt_splash_1100160.png,melt_splash,moderate,1100160,train
melt_splash/melt_splash_1100161.png,melt_splash,severe,1100161,train
melt_splash/melt_splash_1100162.png,melt_splash,moderate,1100162,test
melt_splash/melt_splash_1100163.png,melt_splash,minor,1100163,train
melt_splash/melt_splash_1100164.png,melt_splash,severe,1100164,val
melt_splash/melt_splash_1100165.png,melt_splash,moderate,1100165,train
melt_splash/melt_splash_1100166.png,melt_splash,moderate,1100166,train
melt_splash/melt_splash_1100167.png,melt_splash,minor,1100167,train
melt_splash/melt_splash_1100168.png,melt_splash,moderate,1100168,train
melt_splash/melt_splash_1100169.png,melt_splash,severe,1100169,train
melt_splash/melt_splash_1100170.png,melt_splash,moderate,1100170,train
melt_splash/melt_splash_1100171.png,melt_splash,severe,1100171,train
melt_splash/melt_splash_1100172.png,melt_splash,moderate,1100172,train
melt_splash/melt_splash_1100173.png,melt_splash,minor,1100173,train
melt_splash/melt_splash_1100174.png,melt_splash,moderate,1100174,train
melt_splash/melt_splash_1100175.png,melt_splash,minor,1100175,val
melt_splash/melt_splash_1100176.png,melt_splash,severe,1100176,train
melt_splash/melt_splash_1100177.png,melt_splash,moderate,1100177,train
melt_splash/melt_splash_1100178.png,melt_splash,severe,1100178,train
melt_splash/melt_splash_1100179.png,melt_splash,minor,1100179,train
melt_splash/melt_splash_1100180.png,melt_splash,severe,1100180,val
melt_splash/melt_splash_1100181.png,melt_splash,moderate,1100181,train
melt_splash/melt_splash_1100182.png,melt_splash,minor,1100182,train
melt_splash/melt_splash_1100183.png,melt_splash,severe,1100183,test
melt_splash/melt_splash_1100184.png,melt_splash,moderate,1100184,train
melt_splash/melt_splash_1100185.png,melt_splash,moderate,1100185,train
melt_splash/melt_splash_1100186.png,melt_splash,moderate,1100186,train
melt_splash/melt_splash_1100187.png,melt_splash,minor,1100187,train
melt_splash/melt_splash_1100188.png,melt_splash,moderate,1100188,train
melt_splash/melt_splash_1100189.png,melt_splash,moderate,1100189,val
melt_splash/melt_splash_1100190.png,melt_splash,moderate,1100190,train
melt_splash/melt_splash_1100191.png,melt_splash,moderate,1100191,val
melt_splash/melt_splash_1100192.png,melt_splash,minor,1100192,val
melt_splash/melt_splash_1100193.png,melt_splash,severe,1100193,test
melt_splash/melt_splash_1100194.png,melt_splash,moderate,1100194,val
melt_splash/melt_splash_1100195.png,melt_splash,severe,1100195,val
melt_splash/melt_splash_1100196.png,melt_splash,minor,1100196,train
melt_splash/melt_splash_1100197.png,melt_splash,minor,1100197,train
melt_splash/melt_splash_1100198.png,melt_splash,moderate,1100198,train
melt_splash/melt_splash_1100199.png,melt_splash,minor,1100199,val
melt_splash/melt_splash_1100200.png,melt_splash,moderate,1100200,train
melt_splash/melt_splash_1100201.png,melt_splash,minor,1100201,train
melt_splash/melt_splash_1100202.png,melt_splash,minor,1100202,train
melt_splash/melt_splash_1100203.png,melt_splash,severe,1100203,train
melt_splash/melt_splash_1100204.png,melt_splash,severe,1100204,val
melt_splash/melt_splash_1100205.png,melt_splash,minor,1100205,train
melt_splash/melt_splash_1100206.png,melt_splash,minor,1100206,train
melt_splash/melt_splash_1100207.png,melt_splash,moderate,1100207,train
melt_splash/melt_splash_1100208.png,melt_splash,minor,1100208,val
melt_splash/melt_splash_1100209.png,melt_splash,minor,1100209,train
melt_splash/melt_splash_1100210.png,melt_splash,moderate,1100210,train
melt_splash/melt_splash_1100211.png,melt_splash,severe,1100211,val
melt_splash/melt_splash_1100212.png,melt_splash,minor,1100212,val
melt_splash/melt_splash_1100213.png,melt_splash,moderate,1100213,train
melt_splash/melt_splash_1100214.png,melt_splash,severe,1100214,train
melt_splash/melt_splash_1100215.png,melt_splash,minor,1100215,train
melt_splash/melt_splash_1100216.png,melt_splash,moderate,1100216,val
melt_splash/melt_splash_1100217.png,melt_splash,minor,1100217,train
melt_splash/melt_splash_1100218.png,melt_splash,moderate,1100218,train
melt_splash/melt_splash_1100219.png,melt_splash,minor,1100219,train
melt_splash/melt_splash_1100220.png,melt_splash,severe,1100220,train
melt_splash/melt_splash_1100221.png,melt_splash,moderate,1100221,train
melt_splash/melt_splash_1100222.png,melt_splash,severe,1100222,val
melt_splash/melt_splash_1100223.png,melt_splash,minor,1100223,train
melt_splash/melt_splash_1100224.png,melt_splash,moderate,1100224,train
melt_splash/melt_splash_1100225.png,melt_splash,minor,1100225,test
melt_splash/melt_splash_1100226.png,melt_splash,moderate,1100226,val
melt_splash/melt_splash_1100227.png,melt_splash,severe,1100227,train
melt_splash/melt_splash_1100228.png,melt_splash,moderate,1100228,train
melt_splash/melt_splash_1100229.png,melt_splash,moderate,1100229,val
melt_splash/melt_splash_1100230.png,melt_splash,minor,1100230,train
melt_splash/melt_splash_1100231.png,melt_splash,severe,1100231,train
melt_splash/melt_splash_1100232.png,melt_splash,severe,1100232,train
melt_splash/melt_splash_1100233.png,melt_splash,moderate,1100233,val
melt_splash/melt_splash_1100234.png,melt_splash,minor,1100234,train
melt_splash/melt_splash_1100235.png,melt_splash,minor,1100235,val
melt_splash/melt_splash_1100236.png,melt_splash,minor,1100236,train
melt_splash/melt_splash_1100237.png,melt_splash,minor,1100237,train
melt_splash/melt_splash_1100238.png,melt_splash,severe,1100238,test
melt_splash/melt_splash_1100239.png,melt_splash,minor,1100239,val
melt_splash/melt_splash_1100240.png,melt_splash,moderate,1100240,train
melt_splash/melt_splash_1100241.png,melt_splash,moderate,1100241,val
melt_splash/melt_splash_1100242.png,melt_splash,minor,1100242,train
melt_splash/melt_splash_1100243.png,melt_splash,severe,1100243,train
melt_splash/melt_splash_1100244.png,melt_splash,severe,1100244,train
melt_splash/melt_splash_1100245.png,melt_splash,moderate,1100245,train
melt_splash/melt_splash_1100246.png,melt_splash,severe,1100246,train
melt_splash/melt_splash_1100247.png,melt_splash,moderate,1100247,train
melt_splash/melt_splash_1100248.png,melt_splash,minor,1100248,train
melt_splash/melt_splash_1100249.png,melt_splash,severe,1100249,train
melt_splash/melt_splash_1100250.png,melt_splash,minor,1100250,train
melt_splash/melt_splash_1100251.png,melt_splash,moderate,1100251,train
melt_splash/melt_splash_1100252.png,melt_splash,severe,1100252,train
melt_splash/melt_splash_1100253.png,melt_splash,severe,1100253,test
melt_splash/melt_splash_1100254.png,melt_splash,severe,1100254,train
melt_splash/melt_splash_1100255.png,melt_splash,minor,1100255,train
melt_splash/melt_splash_1100256.png,melt_splash,moderate,1100256,test
melt_splash/melt_splash_1100257.png,melt_splash,minor,1100257,test
melt_splash/melt_splash_1100258.png,melt_splash,severe,1100258,train
melt_splash/melt_splash_1100259.png,melt_splash,severe,1100259,train
melt_splash/melt_splash_1100260.png,melt_splash,severe,1100260,val
melt_splash/melt_splash_1100261.png,melt_splash,minor,1100261,train
melt_splash/melt_splash_1100262.png,melt_splash,severe,1100262,train
melt_splash/melt_splash_1100263.png,melt_splash,minor,1100263,train
melt_splash/melt_splash_1100264.png,melt_splash,moderate,1100264,train
melt_splash/melt_splash_1100265.png,melt_splash,minor,1100265,val
melt_splash/melt_splash_1100266.png,melt_splash,moderate,1100266,train
melt_splash/melt_splash_1100267.png,melt_splash,moderate,1100267,train
melt_splash/melt_splash_1100268.png,melt_splash,moderate,1100268,test
melt_splash/melt_splash_1100269.png,melt_splash,severe,1100269,train
melt_splash/melt_splash_1100270.png,melt_splash,severe,1100270,test
melt_splash/melt_splash_1100271.png,melt_splash,minor,1100271,val
melt_splash/melt_splash_1100272.png,melt_splash,moderate,1100272,train
melt_splash/melt_splash_1100273.png,melt_splash,severe,1100273,test
melt_splash/melt_splash_1100274.png,melt_splash,minor,1100274,train
melt_splash/melt_splash_1100275.png,melt_splash,moderate,1100275,train
melt_splash/melt_splash_1100276.png,melt_splash,minor,1100276,train
melt_splash/melt_splash_1100277.png,melt_splash,minor,1100277,train
melt_splash/melt_splash_1100278.png,melt_splash,moderate,1100278,val
melt_splash/melt_splash_1100279.png,melt_splash,minor,1100279,train
melt_splash/melt_splash_1100280.png,melt_splash,minor,1100280,train
melt_splash/melt_splash_1100281.png,melt_splash,severe,1100281,val
melt_splash/melt_splash_1100282.png,melt_splash,minor,1100282,train
melt_splash/melt_splash_1100283.png,melt_splash,severe,1100283,train
melt_splash/melt_splash_1100284.png,melt_splash,severe,1100284,train
melt_splash/melt_splash_1100285.png,melt_splash,minor,1100285,train
melt_splash/melt_splash_1100286.png,melt_splash,moderate,1100286,train
melt_splash/melt_splash_1100287.png,melt_splash,minor,1100287,test
melt_splash/melt_splash_1100288.png,melt_splash,severe,1100288,val
melt_splash/melt_splash_1100289.png,melt_splash,moderate,1100289,test
melt_splash/melt_splash_1100290.png,melt_splash,moderate,1100290,val
melt_splash/melt_splash_1100291.png,melt_splash,minor,1100291,train
melt_splash/melt_splash_1100292.png,melt_splash,moderate,1100292,train
melt_splash/melt_splash_1100293.png,melt_splash,severe,1100293,train
melt_splash/melt_splash_1100294.png,melt_splash,minor,1100294,train
melt_splash/melt_splash_1100295.png,melt_splash,moderate,1100295,val
melt_splash/melt_splash_1100296.png,melt_splash,moderate,1100296,train
melt_splash/melt_splash_1100297.png,melt_splash,minor,1100297,train
melt_splash/melt_splash_1100298.png,melt_splash,minor,1100298,val
melt_splash/melt_splash_1100299.png,melt_splash,severe,1100299,train
melt_splash/melt_splash_1100300.png,melt_splash,moderate,1100300,val
melt_splash/melt_splash_1100301.png,melt_splash,moderate,1100301,train
melt_splash/melt_splash_1100302.png,melt_splash,severe,1100302,train
melt_splash/melt_splash_1100303.png,melt_splash,minor,1100303,train
melt_splash/melt_splash_1100304.png,melt_splash,minor,1100304,val
melt_splash/melt_splash_1100305.png,melt_splash,severe,1100305,train
melt_splash/melt_splash_1100306.png,melt_splash,minor,1100306,val
melt_splash/melt_splash_1100307.png,melt_splash,moderate,1100307,train
melt_splash/melt_splash_1100308.png,melt_splash,minor,1100308,train
melt_splash/melt_splash_1100309.png,melt_splash,moderate,1100309,val
melt_splash/melt_splash_1100310.png,melt_splash,severe,1100310,train
melt_splash/melt_splash_1100311.png,melt_splash,severe,1100311,train
melt_splash/melt_splash_1100312.png,melt_splash,minor,1100312,train
melt_splash/melt_splash_1100313.png,melt_splash,severe,1100313,train
melt_splash/melt_splash_1100314.png,melt_splash,severe,1100314,val
melt_splash/melt_splash_1100315.png,melt_splash,severe,1100315,train
melt_splash/melt_splash_1100316.png,melt_splash,severe,1100316,train
melt_splash/melt_splash_1100317.png,melt_splash,severe,1100317,train
melt_splash/melt_splash_1100318.png,melt_splash,minor,1100318,val
melt_splash/melt_splash_1100319.png,melt_splash,severe,1100319,train
melt_splash/melt_splash_1100320.png,melt_splash,moderate,1100320,test
melt_splash/melt_splash_1100321.png,melt_splash,minor,1100321,train
melt_splash/melt_splash_1100322.png,melt_splash,minor,1100322,train
melt_splash/melt_splash_1100323.png,melt_splash,moderate,1100323,train
melt_splash/melt_splash_1100324.png,melt_splash,minor,1100324,train
melt_splash/melt_splash_1100325.png,melt_splash,moderate,1100325,train
melt_splash/melt_splash_1100326.png,melt_splash,severe,1100326,train
melt_splash/melt_splash_1100327.png,melt_splash,severe,1100327,train
melt_splash/melt_splash_1100328.png,melt_splash,severe,1100328,train
melt_splash/melt_splash_1100329.png,melt_splash,moderate,1100329,test
melt_splash/melt_splash_1100330.png,melt_splash,moderate,1100330,train
melt_splash/melt_splash_1100331.png,melt_splash,severe,1100331,val
melt_splash/melt_splash_1100332.png,melt_splash,severe,1100332,train
melt_splash/melt_splash_1100333.png,melt_splash,minor,1100333,train
melt_splash/melt_splash_1100334.png,melt_splash,minor,1100334,train
melt_splash/melt_splash_1100335.png,melt_splash,severe,1100335,val
melt_splash/melt_splash_1100336.png,melt_splash,moderate,1100336,train
melt_splash/melt_splash_1100337.png,melt_splash,severe,1100337,train
melt_splash/melt_splash_1100338.png,melt_splash,severe,1100338,train
melt_splash/melt_splash_1100339.png,melt_splash,moderate,1100339,test
melt_splash/melt_splash_1100340.png,melt_splash,severe,1100340,train
melt_splash/melt_splash_1100341.png,melt_splash,severe,1100341,train
melt_splash/melt_splash_1100342.png,melt_splash,moderate,1100342,test
melt_splash/melt_splash_1100343.png,melt_splash,moderate,1100343,train
melt_splash/melt_splash_1100344.png,melt_splash,severe,1100344,train
melt_splash/melt_splash_1100345.png,melt_splash,severe,1100345,train
melt_splash/melt_splash_1100346.png,melt_splash,moderate,1100346,train
melt_splash/melt_splash_1100347.png,melt_splash,minor,1100347,train
melt_splash/melt_splash_1100348.png,melt_splash,minor,1100348,train
melt_splash/melt_splash_1100349.png,melt_splash,minor,1100349,test
melt_splash/melt_splash_1100350.png,melt_splash,moderate,1100350,val
melt_splash/melt_splash_1100351.png,melt_splash,minor,1100351,train
melt_splash/melt_splash_1100352.png,melt_splash,minor,1100352,test
melt_splash/melt_splash_1100353.png,melt_splash,minor,1100353,train
melt_splash/melt_splash_1100354.png,melt_splash,moderate,1100354,test
melt_splash/melt_splash_1100355.png,melt_splash,moderate,1100355,train
melt_splash/melt_splash_1100356.png,melt_splash,moderate,1100356,train
melt_splash/melt_splash_1100357.png,melt_splash,moderate,1100357,train
melt_splash/melt_splash_1100358.png,melt_splash,minor,1100358,train
melt_splash/melt_splash_1100359.png,melt_splash,minor,1100359,train
melt_splash/melt_splash_1100360.png,melt_splash,severe,1100360,train
melt_splash/melt_splash_1100361.png,melt_splash,severe,1100361,train
melt_splash/melt_splash_1100362.png,melt_splash,severe,1100362,train
melt_splash/melt_splash_1100363.png,melt_splash,severe,1100363,train
melt_splash/melt_splash_1100364.png,melt_splash,minor,1100364,train
melt_splash/melt_splash_1100365.png,melt_splash,moderate,1100365,train
melt_splash/melt_splash_1100366.png,melt_splash,severe,1100366,val
melt_splash/melt_splash_1100367.png,melt_splash,minor,1100367,train
melt_splash/melt_splash_1100368.png,melt_splash,moderate,1100368,val
melt_splash/melt_splash_1100369.png,melt_splash,severe,1100369,train
melt_splash/melt_splash_1100370.png,melt_splash,severe,1100370,val
melt_splash/melt_splash_1100371.png,melt_splash,moderate,1100371,val
melt_splash/melt_splash_1100372.png,melt_splash,severe,1100372,val
melt_splash/melt_splash_1100373.png,melt_splash,severe,1100373,train
melt_splash/melt_splash_1100374.png,melt_splash,moderate,1100374,val
melt_splash/melt_splash_1100375.png,melt_splash,severe,1100375,train
melt_splash/melt_splash_1100376.png,melt_splash,severe,1100376,train
melt_splash/melt_splash_1100377.png,melt_splash,moderate,1100377,test
melt_splash/melt_splash_1100378.png,melt_splash,severe,1100378,train
melt_splash/melt_splash_1100379.png,melt_splash,severe,1100379,train
melt_splash/melt_splash_1100380.png,melt_splash,minor,1100380,train
melt_splash/melt_splash_1100381.png,melt_splash,moderate,1100381,val
melt_splash/melt_splash_1100382.png,melt_splash,minor,1100382,train
melt_splash/melt_splash_1100383.png,melt_splash,minor,1100383,train
melt_splash/melt_splash_1100384.png,melt_splash,moderate,1100384,train
melt_splash/melt_splash_1100385.png,melt_splash,severe,1100385,train
melt_splash/melt_splash_1100386.png,melt_splash,minor,1100386,train
melt_splash/melt_splash_1100387.png,melt_splash,severe,1100387,train
melt_splash/melt_splash_1100388.png,melt_splash,severe,1100388,train
melt_splash/melt_splash_1100389.png,melt_splash,minor,1100389,train
melt_splash/melt_splash_1100390.png,melt_splash,severe,1100390,train
melt_splash/melt_splash_1100391.png,melt_splash,minor,1100391,train
melt_splash/melt_splash_1100392.png,melt_splash,minor,1100392,test
melt_splash/melt_splash_1100393.png,melt_splash,moderate,1100393,train
melt_splash/melt_splash_1100394.png,melt_splash,moderate,1100394,train
melt_splash/melt_splash_1100395.png,melt_splash,moderate,1100395,train
melt_splash/melt_splash_1100396.png,melt_splash,severe,1100396,val
melt_splash/melt_splash_1100397.png,melt_splash,minor,1100397,train
melt_splash/melt_splash_1100398.png,melt_splash,minor,1100398,train
melt_splash/melt_splash_1100399.png,melt_splash,severe,1100399,train
melt_splash/melt_splash_1100400.png,melt_splash,minor,1100400,train
melt_splash/melt_splash_1100401.png,melt_splash,severe,1100401,train
melt_splash/melt_splash_1100402.png,melt_splash,moderate,1100402,train
melt_splash/melt_splash_1100403.png,melt_splash,moderate,1100403,train
melt_splash/melt_splash_1100404.png,melt_splash,severe,1100404,val
melt_splash/melt_splash_1100405.png,melt_splash,minor,1100405,test
melt_splash/melt_splash_1100406.png,melt_splash,moderate,1100406,val
melt_splash/melt_splash_1100407.png,melt_splash,minor,1100407,train
melt_splash/melt_splash_1100408.png,melt_splash,severe,1100408,train
melt_splash/melt_splash_1100409.png,melt_splash,minor,1100409,train
melt_splash/melt_splash_1100410.png,melt_splash,minor,1100410,train
melt_splash/melt_splash_1100411.png,melt_splash,minor,1100411,val
melt_splash/melt_splash_1100412.png,melt_splash,severe,1100412,val
melt_splash/melt_splash_1100413.png,melt_splash,minor,1100413,train
melt_splash/melt_splash_1100414.png,melt_splash,moderate,1100414,train
melt_splash/melt_splash_1100415.png,melt_splash,moderate,1100415,train
melt_splash/melt_splash_1100416.png,melt_splash,severe,1100416,train
melt_splash/melt_splash_1100417.png,melt_splash,moderate,1100417,train
melt_splash/melt_splash_1100418.png,melt_splash,severe,1100418,test
melt_splash/melt_splash_1100419.png,melt_splash,moderate,1100419,train
melt_splash/melt_splash_1100420.png,melt_splash,minor,1100420,train
melt_splash/melt_splash_1100421.png,melt_splash,severe,1100421,test
melt_splash/melt_splash_1100422.png,melt_splash,moderate,1100422,train
melt_splash/melt_splash_1100423.png,melt_splash,severe,1100423,train
melt_splash/melt_splash_1100424.png,melt_splash,minor,1100424,val
melt_splash/melt_splash_1100425.png,melt_splash,minor,1100425,test
melt_splash/melt_splash_1100426.png,melt_splash,severe,1100426,train
melt_splash/melt_splash_1100427.png,melt_splash,minor,1100427,val
melt_splash/melt_splash_1100428.png,melt_splash,severe,1100428,train
melt_splash/melt_splash_1100429.png,melt_splash,severe,1100429,train
melt_splash/melt_splash_1100430.png,melt_splash,moderate,1100430,val
melt_splash/melt_splash_1100431.png,melt_splash,moderate,1100431,train
melt_splash/melt_splash_1100432.png,melt_splash,moderate,1100432,train
melt_splash/melt_splash_1100433.png,melt_splash,moderate,1100433,train
melt_splash/melt_splash_1100434.png,melt_splash,severe,1100434,train
melt_splash/melt_splash_1100435.png,melt_splash,severe,1100435,test
melt_splash/melt_splash_1100436.png,melt_splash,minor,1100436,train
melt_splash/melt_splash_1100437.png,melt_splash,minor,1100437,train
melt_splash/melt_splash_1100438.png,melt_splash,moderate,1100438,train
melt_splash/melt_splash_1100439.png,melt_splash,minor,1100439,train
melt_splash/melt_splash_1100440.png,melt_splash,minor,1100440,train
melt_splash/melt_splash_1100441.png,melt_splash,moderate,1100441,train
melt_splash/melt_splash_1100442.png,melt_splash,minor,1100442,train
melt_splash/melt_splash_1100443.png,melt_splash,minor,1100443,val
melt_splash/melt_splash_1100444.png,melt_splash,moderate,1100444,test
melt_splash/melt_splash_1100445.png,melt_splash,severe,1100445,train
melt_splash/melt_splash_1100446.png,melt_splash,minor,1100446,train
melt_splash/melt_splash_1100447.png,melt_splash,moderate,1100447,train
melt_splash/melt_splash_1100448.png,melt_splash,severe,1100448,train
melt_splash/melt_splash_1100449.png,melt_splash,severe,1100449,test
melt_splash/melt_splash_1100450.png,melt_splash,severe,1100450,train
melt_splash/melt_splash_1100451.png,melt_splash,minor,1100451,val
melt_splash/melt_splash_1100452.png,melt_splash,severe,1100452,test
melt_splash/melt_splash_1100453.png,melt_splash,minor,1100453,val
melt_splash/melt_splash_1100454.png,melt_splash,severe,1100454,train
melt_splash/melt_splash_1100455.png,melt_splash,moderate,1100455,train
melt_splash/melt_splash_1100456.png,melt_splash,severe,1100456,test
melt_splash/melt_splash_1100457.png,melt_splash,moderate,1100457,val
melt_splash/melt_splash_1100458.png,melt_splash,moderate,1100458,train
melt_splash/melt_splash_1100459.png,melt_splash,severe,1100459,train
melt_splash/melt_splash_1100460.png,melt_splash,minor,1100460,train
melt_splash/melt_splash_1100461.png,melt_splash,severe,1100461,train
melt_splash/melt_splash_1100462.png,melt_splash,minor,1100462,val
melt_splash/melt_splash_1100463.png,melt_splash,severe,1100463,train
melt_splash/melt_splash_1100464.png,melt_splash,severe,1100464,train
melt_splash/melt_splash_1100465.png,melt_splash,moderate,1100465,train
melt_splash/melt_splash_1100466.png,melt_splash,severe,1100466,val
melt_splash/melt_splash_1100467.png,melt_splash,severe,1100467,train
melt_splash/melt_splash_1100468.png,melt_splash,severe,1100468,val
melt_splash/melt_splash_1100469.png,melt_splash,minor,1100469,test
melt_splash/melt_splash_1100470.png,melt_splash,moderate,1100470,val
melt_splash/melt_splash_1100471.png,melt_splash,severe,1100471,train
melt_splash/melt_splash_1100472.png,melt_splash,severe,1100472,train
melt_splash/melt_splash_1100473.png,melt_splash,minor,1100473,train
melt_splash/melt_splash_1100474.png,melt_splash,minor,1100474,val
melt_splash/melt_splash_1100475.png,melt_splash,minor,1100475,val
melt_splash/melt_splash_1100476.png,melt_splash,severe,1100476,train
melt_splash/melt_splash_1100477.png,melt_splash,moderate,1100477,train
melt_splash/melt_splash_1100478.png,melt_splash,minor,1100478,train
melt_splash/melt_splash_1100479.png,melt_splash,minor,1100479,train
melt_splash/melt_splash_1100480.png,melt_splash,severe,1100480,test
melt_splash/melt_splash_1100481.png,melt_splash,moderate,1100481,train
melt_splash/melt_splash_1100482.png,melt_splash,minor,1100482,train
melt_splash/melt_splash_1100483.png,melt_splash,severe,1100483,train
melt_splash/melt_splash_1100484.png,melt_splash,minor,1100484,train
melt_splash/melt_splash_1100485.png,melt_splash,moderate,1100485,train
melt_splash/melt_splash_1100486.png,melt_splash,severe,1100486,val
melt_splash/melt_splash_1100487.png,melt_splash,severe,1100487,train
melt_splash/melt_splash_1100488.png,melt_splash,severe,1100488,train
melt_splash/melt_splash_1100489.png,melt_splash,severe,1100489,train
melt_splash/melt_splash_1100490.png,melt_splash,minor,1100490,train
melt_splash/melt_splash_1100491.png,melt_splash,severe,1100491,val
melt_splash/melt_splash_1100492.png,melt_splash,severe,1100492,train
melt_splash/melt_splash_1100493.png,melt_splash,minor,1100493,val
melt_splash/melt_splash_1100494.png,melt_splash,moderate,1100494,train
melt_splash/melt_splash_1100495.png,melt_splash,severe,1100495,train
melt_splash/melt_splash_1100496.png,melt_splash,moderate,1100496,val
melt_splash/melt_splash_1100497.png,melt_splash,minor,1100497,train
melt_splash/melt_splash_1100498.png,melt_splash,severe,1100498,train
melt_splash/melt_splash_1100499.png,melt_splash,minor,1100499,test
structural_severe/structural_severe_1200000.png,structural_severe,severe,1200000,val
structural_severe/structural_severe_1200001.png,structural_severe,severe,1200001,train
structural_severe/structural_severe_1200002.png,structural_severe,moderate,1200002,train
structural_severe/structural_severe_1200003.png,structural_severe,catastrophic,1200003,train
structural_severe/structural_severe_1200004.png,structural_severe,catastrophic,1200004,test
structural_severe/structural_severe_1200005.png,structural_severe,severe,1200005,train
structural_severe/structural_severe_1200006.png,structural_severe,moderate,1200006,train
structural_severe/structural_severe_1200007.png,structural_severe,catastrophic,1200007,train
structural_severe/structural_severe_1200008.png,structural_severe,catastrophic,1200008,train
structural_severe/structural_severe_1200009.png,structural_severe,catastrophic,1200009,val
structural_severe/structural_severe_1200010.png,structural_severe,catastrophic,1200010,test
structural_severe/structural_severe_1200011.png,structural_severe,severe,1200011,train
structural_severe/structural_severe_1200012.png,structural_severe,catastrophic,1200012,train
structural_severe/structural_severe_1200013.png,structural_severe,catastrophic,1200013,train
structural_severe/structural_severe_1200014.png,structural_severe,catastrophic,1200014,train
structural_severe/structural_severe_1200015.png,structural_severe,severe,1200015,train
structural_severe/structural_severe_1200016.png,structural_severe,severe,1200016,val
structural_severe/structural_severe_1200017.png,structural_severe,moderate,1200017,train
structural_severe/structural_severe_1200018.png,structural_severe,severe,1200018,train
structural_severe/structural_severe_1200019.png,structural_severe,moderate,1200019,train
structural_severe/structural_severe_1200020.png,structural_severe,moderate,1200020,train
structural_severe/structural_severe_1200021.png,structural_severe,moderate,1200021,val
structural_severe/structural_severe_1200022.png,structural_severe,catastrophic,1200022,test
structural_severe/structural_severe_1200023.png,structural_severe,moderate,1200023,val
structural_severe/structural_severe_1200024.png,structural_severe,catastrophic,1200024,train
structural_severe/structural_severe_1200025.png,structural_severe,catastrophic,1200025,train
structural_severe/structural_severe_1200026.png,structural_severe,moderate,1200026,train
structural_severe/structural_severe_1200027.png,structural_severe,severe,1200027,train
structural_severe/structural_severe_1200028.png,structural_severe,moderate,1200028,train
structural_severe/structural_severe_1200029.png,structural_severe,severe,1200029,train
structural_severe/structural_severe_1200030.png,structural_severe,severe,1200030,train
structural_severe/structural_severe_1200031.png,structural_severe,severe,1200031,train
structural_severe/structural_severe_1200032.png,structural_severe,catastrophic,1200032,train
structural_severe/structural_severe_1200033.png,structural_severe,moderate,1200033,test
structural_severe/structural_severe_1200034.png,structural_severe,catastrophic,1200034,val
structural_severe/structural_severe_1200035.png,structural_severe,severe,1200035,train
structural_severe/structural_severe_1200036.png,structural_severe,severe,1200036,train
structural_severe/structural_severe_1200037.png,structural_severe,catastrophic,1200037,train
structural_severe/structural_severe_1200038.png,structural_severe,catastrophic,1200038,train
structural_severe/structural_severe_1200039.png,structural_severe,catastrophic,1200039,train
structural_severe/structural_severe_1200040.png,structural_severe,severe,1200040,train
structural_severe/structural_severe_1200041.png,structural_severe,severe,1200041,test
structural_severe/structural_severe_1200042.png,structural_severe,moderate,1200042,val
structural_severe/structural_severe_1200043.png,structural_severe,catastrophic,1200043,train
structural_severe/structural_severe_1200044.png,structural_severe,severe,1200044,train
structural_severe/structural_severe_1200045.png,structural_severe,catastrophic,1200045,train
structural_severe/structural_severe_1200046.png,structural_severe,severe,1200046,train
structural_severe/structural_severe_1200047.png,structural_severe,severe,1200047,test
structural_severe/structural_severe_1200048.png,structural_severe,moderate,1200048,train
structural_severe/structural_severe_1200049.png,structural_severe,severe,1200049,val
structural_severe/structural_severe_1200050.png,structural_severe,severe,1200050,train
structural_severe/structural_severe_1200051.png,structural_severe,moderate,1200051,val
structural_severe/structural_severe_1200052.png,structural_severe,moderate,1200052,val
structural_severe/structural_severe_1200053.png,structural_severe,moderate,1200053,train
structural_severe/structural_severe_1200054.png,structural_severe,catastrophic,1200054,train
structural_severe/structural_severe_1200055.png,structural_severe,catastrophic,1200055,test
structural_severe/structural_severe_1200056.png,structural_severe,catastrophic,1200056,train
structural_severe/structural_severe_1200057.png,structural_severe,severe,1200057,test
structural_severe/structural_severe_1200058.png,structural_severe,catastrophic,1200058,train
structural_severe/structural_severe_1200059.png,structural_severe,severe,1200059,val
structural_severe/structural_severe_1200060.png,structural_severe,severe,1200060,train
structural_severe/structural_severe_1200061.png,structural_severe,moderate,1200061,train
structural_severe/structural_severe_1200062.png,structural_severe,moderate,1200062,train
structural_severe/structural_severe_1200063.png,structural_severe,catastrophic,1200063,train
structural_severe/structural_severe_1200064.png,structural_severe,moderate,1200064,train
structural_severe/structural_severe_1200065.png,structural_severe,severe,1200065,test
structural_severe/structural_severe_1200066.png,structural_severe,moderate,1200066,val
structural_severe/structural_severe_1200067.png,structural_severe,severe,1200067,train
structural_severe/structural_severe_1200068.png,structural_severe,moderate,1200068,train
structural_severe/structural_severe_1200069.png,structural_severe,severe,1200069,test
structural_severe/structural_severe_1200070.png,structural_severe,catastrophic,1200070,train
structural_severe/structural_severe_1200071.png,structural_severe,catastrophic,1200071,train
structural_severe/structural_severe_1200072.png,structural_severe,moderate,1200072,train
structural_severe/structural_severe_1200073.png,structural_severe,catastrophic,1200073,train
structural_severe/structural_severe_1200074.png,structural_severe,moderate,1200074,train
structural_severe/structural_severe_1200075.png,structural_severe,severe,1200075,train
structural_severe/structural_severe_1200076.png,structural_severe,catastrophic,1200076,train
structural_severe/structural_severe_1200077.png,structural_severe,moderate,1200077,train
structural_severe/structural_severe_1200078.png,structural_severe,severe,1200078,train
structural_severe/structural_severe_1200079.png,structural_severe,catastrophic,1200079,train
structural_severe/structural_severe_1200080.png,structural_severe,moderate,1200080,val
structural_severe/structural_severe_1200081.png,structural_severe,catastrophic,1200081,train
structural_severe/structural_severe_1200082.png,structural_severe,moderate,1200082,train
structural_severe/structural_severe_1200083.png,structural_severe,severe,1200083,train
structural_severe/structural_severe_1200084.png,structural_severe,moderate,1200084,train
structural_severe/structural_severe_1200085.png,structural_severe,moderate,1200085,train
structural_severe/structural_severe_1200086.png,structural_severe,severe,1200086,train
structural_severe/structural_severe_1200087.png,structural_severe,moderate,1200087,train
structural_severe/structural_severe_1200088.png,structural_severe,catastrophic,1200088,train
structural_severe/structural_severe_1200089.png,structural_severe,severe,1200089,train
structural_severe/structural_severe_1200090.png,structural_severe,severe,1200090,val
structural_severe/structural_severe_1200091.png,structural_severe,severe,1200091,train
structural_severe/structural_severe_1200092.png,structural_severe,severe,1200092,val
structural_severe/structural_severe_1200093.png,structural_severe,severe,1200093,val
structural_severe/structural_severe_1200094.png,structural_severe,catastrophic,1200094,train
structural_severe/structural_severe_1200095.png,structural_severe,catastrophic,1200095,train
structural_severe/structural_severe_1200096.png,structural_severe,severe,1200096,val
structural_severe/structural_severe_1200097.png,structural_severe,severe,1200097,train
structural_severe/structural_severe_1200098.png,structural_severe,severe,1200098,train
structural_severe/structural_severe_1200099.png,structural_severe,moderate,1200099,train
structural_severe/structural_severe_1200100.png,structural_severe,severe,1200100,train
structural_severe/structural_severe_1200101.png,structural_severe,catastrophic,1200101,train
structural_severe/structural_severe_1200102.png,structural_severe,moderate,1200102,train
structural_severe/structural_severe_1200103.png,structural_severe,catastrophic,1200103,train
structural_severe/structural_severe_1200104.png,structural_severe,moderate,1200104,test
structural_severe/structural_severe_1200105.png,structural_severe,severe,1200105,train
structural_severe/structural_severe_1200106.png,structural_severe,moderate,1200106,val
structural_severe/structural_severe_1200107.png,structural_severe,catastrophic,1200107,train
structural_severe/structural_severe_1200108.png,structural_severe,moderate,1200108,val
structural_severe/structural_severe_1200109.png,structural_severe,moderate,1200109,train
structural_severe/structural_severe_1200110.png,structural_severe,moderate,1200110,train
structural_severe/structural_severe_1200111.png,structural_severe,catastrophic,1200111,train
structural_severe/structural_severe_1200112.png,structural_severe,catastrophic,1200112,val
structural_severe/structural_severe_1200113.png,structural_severe,severe,1200113,train
structural_severe/structural_severe_1200114.png,structural_severe,moderate,1200114,train
structural_severe/structural_severe_1200115.png,structural_severe,catastrophic,1200115,train
structural_severe/structural_severe_1200116.png,structural_severe,severe,1200116,test
structural_severe/structural_severe_1200117.png,structural_severe,severe,1200117,train
structural_severe/structural_severe_1200118.png,structural_severe,moderate,1200118,test
structural_severe/structural_severe_1200119.png,structural_severe,catastrophic,1200119,train
structural_severe/structural_severe_1200120.png,structural_severe,moderate,1200120,val
structural_severe/structural_severe_1200121.png,structural_severe,catastrophic,1200121,train
structural_severe/structural_severe_1200122.png,structural_severe,catastrophic,1200122,train
structural_severe/structural_severe_1200123.png,structural_severe,severe,1200123,train
structural_severe/structural_severe_1200124.png,structural_severe,severe,1200124,train
structural_severe/structural_severe_1200125.png,structural_severe,severe,1200125,test
structural_severe/structural_severe_1200126.png,structural_severe,severe,1200126,train
structural_severe/structural_severe_1200127.png,structural_severe,catastrophic,1200127,val
structural_severe/structural_severe_1200128.png,structural_severe,catastrophic,1200128,train
structural_severe/structural_severe_1200129.png,structural_severe,severe,1200129,test
structural_severe/structural_severe_1200130.png,structural_severe,severe,1200130,train
structural_severe/structural_severe_1200131.png,structural_severe,catastrophic,1200131,test
structural_severe/structural_severe_1200132.png,structural_severe,severe,1200132,train
structural_severe/structural_severe_1200133.png,structural_severe,moderate,1200133,train
structural_severe/structural_severe_1200134.png,structural_severe,catastrophic,1200134,val
structural_severe/structural_severe_1200135.png,structural_severe,moderate,1200135,train
structural_severe/structural_severe_1200136.png,structural_severe,severe,1200136,train
structural_severe/structural_severe_1200137.png,structural_severe,catastrophic,1200137,test
structural_severe/structural_severe_1200138.png,structural_severe,catastrophic,1200138,val
structural_severe/structural_severe_1200139.png,structural_severe,moderate,1200139,val
structural_severe/structural_severe_1200140.png,structural_severe,catastrophic,1200140,train
structural_severe/structural_severe_1200141.png,structural_severe,moderate,1200141,train
structural_severe/structural_severe_1200142.png,structural_severe,catastrophic,1200142,train
structural_severe/structural_severe_1200143.png,structural_severe,catastrophic,1200143,train
structural_severe/structural_severe_1200144.png,structural_severe,moderate,1200144,val
structural_severe/structural_severe_1200145.png,structural_severe,severe,1200145,train
structural_severe/structural_severe_1200146.png,structural_severe,catastrophic,1200146,val
structural_severe/structural_severe_1200147.png,structural_severe,moderate,1200147,train
structural_severe/structural_severe_1200148.png,structural_severe,severe,1200148,train
structural_severe/structural_severe_1200149.png,structural_severe,severe,1200149,train
structural_severe/structural_severe_1200150.png,structural_severe,catastrophic,1200150,train
structural_severe/structural_severe_1200151.png,structural_severe,catastrophic,1200151,val
structural_severe/structural_severe_1200152.png,structural_severe,severe,1200152,train
structural_severe/structural_severe_1200153.png,structural_severe,catastrophic,1200153,val
structural_severe/structural_severe_1200154.png,structural_severe,moderate,1200154,train
structural_severe/structural_severe_1200155.png,structural_severe,moderate,1200155,train
structural_severe/structural_severe_1200156.png,structural_severe,moderate,1200156,train
structural_severe/structural_severe_1200157.png,structural_severe,moderate,1200157,train
structural_severe/structural_severe_1200158.png,structural_severe,catastrophic,1200158,test
structural_severe/structural_severe_1200159.png,structural_severe,severe,1200159,train
structural_severe/structural_severe_1200160.png,structural_severe,severe,1200160,train
structural_severe/structural_severe_1200161.png,structural_severe,severe,1200161,train
structural_severe/structural_severe_1200162.png,structural_severe,catastrophic,1200162,test
structural_severe/structural_severe_1200163.png,structural_severe,moderate,1200163,train
structural_severe/structural_severe_1200164.png,structural_severe,moderate,1200164,train
structural_severe/structural_severe_1200165.png,structural_severe,catastrophic,1200165,train
structural_severe/structural_severe_1200166.png,structural_severe,severe,1200166,train
structural_severe/structural_severe_1200167.png,structural_severe,catastrophic,1200167,test
structural_severe/structural_severe_1200168.png,structural_severe,moderate,1200168,train
structural_severe/structural_severe_1200169.png,structural_severe,moderate,1200169,val
structural_severe/structural_severe_1200170.png,structural_severe,moderate,1200170,val
structural_severe/structural_severe_1200171.png,structural_severe,moderate,1200171,val
structural_severe/structural_severe_1200172.png,structural_severe,severe,1200172,train
structural_severe/structural_severe_1200173.png,structural_severe,catastrophic,1200173,train
structural_severe/structural_severe_1200174.png,structural_severe,severe,1200174,val
structural_severe/structural_severe_1200175.png,structural_severe,moderate,1200175,train
structural_severe/structural_severe_1200176.png,structural_severe,moderate,1200176,test
structural_severe/structural_severe_1200177.png,structural_severe,severe,1200177,train
structural_severe/structural_severe_1200178.png,structural_severe,catastrophic,1200178,train
structural_severe/structural_severe_1200179.png,structural_severe,catastrophic,1200179,train
structural_severe/structural_severe_1200180.png,structural_severe,moderate,1200180,train
structural_severe/structural_severe_1200181.png,structural_severe,catastrophic,1200181,val
structural_severe/structural_severe_1200182.png,structural_severe,moderate,1200182,val
structural_severe/structural_severe_1200183.png,structural_severe,moderate,1200183,train
structural_severe/structural_severe_1200184.png,structural_severe,catastrophic,1200184,train
structural_severe/structural_severe_1200185.png,structural_severe,catastrophic,1200185,train
structural_severe/structural_severe_1200186.png,structural_severe,severe,1200186,train
structural_severe/structural_severe_1200187.png,structural_severe,catastrophic,1200187,train
structural_severe/structural_severe_1200188.png,structural_severe,moderate,1200188,train
structural_severe/structural_severe_1200189.png,structural_severe,moderate,1200189,test
structural_severe/structural_severe_1200190.png,structural_severe,catastrophic,1200190,train
structural_severe/structural_severe_1200191.png,structural_severe,severe,1200191,train
structural_severe/structural_severe_1200192.png,structural_severe,moderate,1200192,train
structural_severe/structural_severe_1200193.png,structural_severe,catastrophic,1200193,val
structural_severe/structural_severe_1200194.png,structural_severe,severe,1200194,val
structural_severe/structural_severe_1200195.png,structural_severe,catastrophic,1200195,train
structural_severe/structural_severe_1200196.png,structural_severe,moderate,1200196,train
structural_severe/structural_severe_1200197.png,structural_severe,catastrophic,1200197,train
structural_severe/structural_severe_1200198.png,structural_severe,catastrophic,1200198,train
structural_severe/structural_severe_1200199.png,structural_severe,severe,1200199,val
structural_severe/structural_severe_1200200.png,structural_severe,moderate,1200200,train
structural_severe/structural_severe_1200201.png,structural_severe,moderate,1200201,train
structural_severe/structural_severe_1200202.png,structural_severe,catastrophic,1200202,train
structural_severe/structural_severe_1200203.png,structural_severe,severe,1200203,train
structural_severe/structural_severe_1200204.png,structural_severe,severe,1200204,val
structural_severe/structural_severe_1200205.png,structural_severe,severe,1200205,val
structural_severe/structural_severe_1200206.png,structural_severe,severe,1200206,train
structural_severe/structural_severe_1200207.png,structural_severe,catastrophic,1200207,val
structural_severe/structural_severe_1200208.png,structural_severe,moderate,1200208,train
structural_severe/structural_severe_1200209.png,structural_severe,catastrophic,1200209,val
structural_severe/structural_severe_1200210.png,structural_severe,severe,1200210,val
structural_severe/structural_severe_1200211.png,structural_severe,catastrophic,1200211,train
structural_severe/structural_severe_1200212.png,structural_severe,catastrophic,1200212,train
structural_severe/structural_severe_1200213.png,structural_severe,catastrophic,1200213,train
structural_severe/structural_severe_1200214.png,structural_severe,moderate,1200214,val
structural_severe/structural_severe_1200215.png,structural_severe,severe,1200215,train
structural_severe/structural_severe_1200216.png,structural_severe,catastrophic,1200216,train
structural_severe/structural_severe_1200217.png,structural_severe,severe,1200217,test
structural_severe/structural_severe_1200218.png,structural_severe,severe,1200218,train
structural_severe/structural_severe_1200219.png,structural_severe,catastrophic,1200219,train
structural_severe/structural_severe_1200220.png,structural_severe,moderate,1200220,train
structural_severe/structural_severe_1200221.png,structural_severe,catastrophic,1200221,train
structural_severe/structural_severe_1200222.png,structural_severe,moderate,1200222,test
structural_severe/structural_severe_1200223.png,structural_severe,severe,1200223,train
structural_severe/structural_severe_1200224.png,structural_severe,catastrophic,1200224,train
structural_severe/structural_severe_1200225.png,structural_severe,severe,1200225,test
structural_severe/structural_severe_1200226.png,structural_severe,moderate,1200226,train
structural_severe/structural_severe_1200227.png,structural_severe,severe,1200227,train
structural_severe/structural_severe_1200228.png,structural_severe,severe,1200228,train
structural_severe/structural_severe_1200229.png,structural_severe,severe,1200229,train
structural_severe/structural_severe_1200230.png,structural_severe,moderate,1200230,train
structural_severe/structural_severe_1200231.png,structural_severe,severe,1200231,train
structural_severe/structural_severe_1200232.png,structural_severe,moderate,1200232,test
structural_severe/structural_severe_1200233.png,structural_severe,catastrophic,1200233,val
structural_severe/structural_severe_1200234.png,structural_severe,catastrophic,1200234,train
structural_severe/structural_severe_1200235.png,structural_severe,catastrophic,1200235,train
structural_severe/structural_severe_1200236.png,structural_severe,moderate,1200236,train
structural_severe/structural_severe_1200237.png,structural_severe,moderate,1200237,train
structural_severe/structural_severe_1200238.png,structural_severe,severe,1200238,train
structural_severe/structural_severe_1200239.png,structural_severe,catastrophic,1200239,val
structural_severe/structural_severe_1200240.png,structural_severe,severe,1200240,val
structural_severe/structural_severe_1200241.png,structural_severe,severe,1200241,val
structural_severe/structural_severe_1200242.png,structural_severe,moderate,1200242,test
structural_severe/structural_severe_1200243.png,structural_severe,moderate,1200243,test
structural_severe/structural_severe_1200244.png,structural_severe,moderate,1200244,train
structural_severe/structural_severe_1200245.png,structural_severe,catastrophic,1200245,val
structural_severe/structural_severe_1200246.png,structural_severe,catastrophic,1200246,train
structural_severe/structural_severe_1200247.png,structural_severe,moderate,1200247,train
structural_severe/structural_severe_1200248.png,structural_severe,moderate,1200248,train
structural_severe/structural_severe_1200249.png,structural_severe,severe,1200249,train
structural_severe/structural_severe_1200250.png,structural_severe,moderate,1200250,val
structural_severe/structural_severe_1200251.png,structural_severe,severe,1200251,test
structural_severe/structural_severe_1200252.png,structural_severe,severe,1200252,val
structural_severe/structural_severe_1200253.png,structural_severe,moderate,1200253,train
structural_severe/structural_severe_1200254.png,structural_severe,catastrophic,1200254,train
structural_severe/structural_severe_1200255.png,structural_severe,severe,1200255,train
structural_severe/structural_severe_1200256.png,structural_severe,catastrophic,1200256,test
structural_severe/structural_severe_1200257.png,structural_severe,moderate,1200257,val
structural_severe/structural_severe_1200258.png,structural_severe,severe,1200258,train
structural_severe/structural_severe_1200259.png,structural_severe,moderate,1200259,train
structural_severe/structural_severe_1200260.png,structural_severe,moderate,1200260,train
structural_severe/structural_severe_1200261.png,structural_severe,moderate,1200261,train
structural_severe/structural_severe_1200262.png,structural_severe,catastrophic,1200262,val
structural_severe/structural_severe_1200263.png,structural_severe,moderate,1200263,train
structural_severe/structural_severe_1200264.png,structural_severe,moderate,1200264,train
structural_severe/structural_severe_1200265.png,structural_severe,severe,1200265,train
structural_severe/structural_severe_1200266.png,structural_severe,moderate,1200266,train
structural_severe/structural_severe_1200267.png,structural_severe,moderate,1200267,val
structural_severe/structural_severe_1200268.png,structural_severe,severe,1200268,val
structural_severe/structural_severe_1200269.png,structural_severe,severe,1200269,train
structural_severe/structural_severe_1200270.png,structural_severe,severe,1200270,train
structural_severe/structural_severe_1200271.png,structural_severe,severe,1200271,train
structural_severe/structural_severe_1200272.png,structural_severe,moderate,1200272,train
structural_severe/structural_severe_1200273.png,structural_severe,moderate,1200273,train
structural_severe/structural_severe_1200274.png,structural_severe,severe,1200274,val
structural_severe/structural_severe_1200275.png,structural_severe,moderate,1200275,train
structural_severe/structural_severe_1200276.png,structural_severe,severe,1200276,val
structural_severe/structural_severe_1200277.png,structural_severe,severe,1200277,train
structural_severe/structural_severe_1200278.png,structural_severe,severe,1200278,test
structural_severe/structural_severe_1200279.png,structural_severe,moderate,1200279,val
structural_severe/structural_severe_1200280.png,structural_severe,severe,1200280,train
structural_severe/structural_severe_1200281.png,structural_severe,moderate,1200281,test
structural_severe/structural_severe_1200282.png,structural_severe,moderate,1200282,train
structural_severe/structural_severe_1200283.png,structural_severe,moderate,1200283,train
structural_severe/structural_severe_1200284.png,structural_severe,catastrophic,1200284,train
structural_severe/structural_severe_1200285.png,structural_severe,catastrophic,1200285,train
structural_severe/structural_severe_1200286.png,structural_severe,severe,1200286,train
structural_severe/structural_severe_1200287.png,structural_severe,severe,1200287,train
structural_severe/structural_severe_1200288.png,structural_severe,moderate,1200288,test
structural_severe/structural_severe_1200289.png,structural_severe,severe,1200289,train
structural_severe/structural_severe_1200290.png,structural_severe,catastrophic,1200290,train
structural_severe/structural_severe_1200291.png,structural_severe,severe,1200291,train
structural_severe/structural_severe_1200292.png,structural_severe,severe,1200292,train
structural_severe/structural_severe_1200293.png,structural_severe,severe,1200293,train
structural_severe/structural_severe_1200294.png,structural_severe,catastrophic,1200294,train
structural_severe/structural_severe_1200295.png,structural_severe,moderate,1200295,train
structural_severe/structural_severe_1200296.png,structural_severe,severe,1200296,train
structural_severe/structural_severe_1200297.png,structural_severe,moderate,1200297,train
structural_severe/structural_severe_1200298.png,structural_severe,severe,1200298,train
structural_severe/structural_severe_1200299.png,structural_severe,moderate,1200299,train
structural_severe/structural_severe_1200300.png,structural_severe,severe,1200300,train
structural_severe/structural_severe_1200301.png,structural_severe,moderate,1200301,train
structural_severe/structural_severe_1200302.png,structural_severe,moderate,1200302,train
structural_severe/structural_severe_1200303.png,structural_severe,severe,1200303,train
structural_severe/structural_severe_1200304.png,structural_severe,severe,1200304,val
structural_severe/structural_severe_1200305.png,structural_severe,catastrophic,1200305,train
structural_severe/structural_severe_1200306.png,structural_severe,severe,1200306,train
structural_severe/structural_severe_1200307.png,structural_severe,moderate,1200307,train
structural_severe/structural_severe_1200308.png,structural_severe,moderate,1200308,train
structural_severe/structural_severe_1200309.png,structural_severe,severe,1200309,val
structural_severe/structural_severe_1200310.png,structural_severe,moderate,1200310,train
structural_severe/structural_severe_1200311.png,structural_severe,catastrophic,1200311,train
structural_severe/structural_severe_1200312.png,structural_severe,severe,1200312,train
structural_severe/structural_severe_1200313.png,structural_severe,moderate,1200313,train
structural_severe/structural_severe_1200314.png,structural_severe,catastrophic,1200314,train
structural_severe/structural_severe_1200315.png,structural_severe,moderate,1200315,train
structural_severe/structural_severe_1200316.png,structural_severe,severe,1200316,train
structural_severe/structural_severe_1200317.png,structural_severe,severe,1200317,train
structural_severe/structural_severe_1200318.png,structural_severe,catastrophic,1200318,test
structural_severe/structural_severe_1200319.png,structural_severe,catastrophic,1200319,train
structural_severe/structural_severe_1200320.png,structural_severe,severe,1200320,train
structural_severe/structural_severe_1200321.png,structural_severe,severe,1200321,train
structural_severe/structural_severe_1200322.png,structural_severe,moderate,1200322,train
structural_severe/structural_severe_1200323.png,structural_severe,catastrophic,1200323,train
structural_severe/structural_severe_1200324.png,structural_severe,catastrophic,1200324,val
structural_severe/structural_severe_1200325.png,structural_severe,moderate,1200325,train
structural_severe/structural_severe_1200326.png,structural_severe,catastrophic,1200326,val
structural_severe/structural_severe_1200327.png,structural_severe,severe,1200327,train
structural_severe/structural_severe_1200328.png,structural_severe,catastrophic,1200328,train
structural_severe/structural_severe_1200329.png,structural_severe,severe,1200329,train
structural_severe/structural_severe_1200330.png,structural_severe,moderate,1200330,val
structural_severe/structural_severe_1200331.png,structural_severe,moderate,1200331,val
structural_severe/structural_severe_1200332.png,structural_severe,moderate,1200332,val
structural_severe/structural_severe_1200333.png,structural_severe,moderate,1200333,train
structural_severe/structural_severe_1200334.png,structural_severe,severe,1200334,train
structural_severe/structural_severe_1200335.png,structural_severe,catastrophic,1200335,train
structural_severe/structural_severe_1200336.png,structural_severe,catastrophic,1200336,train
structural_severe/structural_severe_1200337.png,structural_severe,moderate,1200337,train
structural_severe/structural_severe_1200338.png,structural_severe,moderate,1200338,val
structural_severe/structural_severe_1200339.png,structural_severe,moderate,1200339,val
structural_severe/structural_severe_1200340.png,structural_severe,moderate,1200340,test
structural_severe/structural_severe_1200341.png,structural_severe,catastrophic,1200341,train
structural_severe/structural_severe_1200342.png,structural_severe,severe,1200342,val
structural_severe/structural_severe_1200343.png,structural_severe,catastrophic,1200343,train
structural_severe/structural_severe_1200344.png,structural_severe,severe,1200344,train
structural_severe/structural_severe_1200345.png,structural_severe,catastrophic,1200345,train
structural_severe/structural_severe_1200346.png,structural_severe,moderate,1200346,train
structural_severe/structural_severe_1200347.png,structural_severe,catastrophic,1200347,train
structural_severe/structural_severe_1200348.png,structural_severe,catastrophic,1200348,train
structural_severe/structural_severe_1200349.png,structural_severe,severe,1200349,train
structural_severe/structural_severe_1200350.png,structural_severe,catastrophic,1200350,val
structural_severe/structural_severe_1200351.png,structural_severe,catastrophic,1200351,train
structural_severe/structural_severe_1200352.png,structural_severe,moderate,1200352,train
structural_severe/structural_severe_1200353.png,structural_severe,severe,1200353,train
structural_severe/structural_severe_1200354.png,structural_severe,moderate,1200354,train
structural_severe/structural_severe_1200355.png,structural_severe,catastrophic,1200355,train
structural_severe/structural_severe_1200356.png,structural_severe,catastrophic,1200356,train
structural_severe/structural_severe_1200357.png,structural_severe,severe,1200357,train
structural_severe/structural_severe_1200358.png,structural_severe,severe,1200358,train
structural_severe/structural_severe_1200359.png,structural_severe,catastrophic,1200359,train
structural_severe/structural_severe_1200360.png,structural_severe,moderate,1200360,train
structural_severe/structural_severe_1200361.png,structural_severe,catastrophic,1200361,train
structural_severe/structural_severe_1200362.png,structural_severe,catastrophic,1200362,test
structural_severe/structural_severe_1200363.png,structural_severe,catastrophic,1200363,test
structural_severe/structural_severe_1200364.png,structural_severe,catastrophic,1200364,train
structural_severe/structural_severe_1200365.png,structural_severe,severe,1200365,train
structural_severe/structural_severe_1200366.png,structural_severe,catastrophic,1200366,train
structural_severe/structural_severe_1200367.png,structural_severe,moderate,1200367,train
structural_severe/structural_severe_1200368.png,structural_severe,moderate,1200368,val
structural_severe/structural_severe_1200369.png,structural_severe,catastrophic,1200369,val
structural_severe/structural_severe_1200370.png,structural_severe,moderate,1200370,train
structural_severe/structural_severe_1200371.png,structural_severe,moderate,1200371,train
structural_severe/structural_severe_1200372.png,structural_severe,moderate,1200372,train
structural_severe/structural_severe_1200373.png,structural_severe,moderate,1200373,train
structural_severe/structural_severe_1200374.png,structural_severe,catastrophic,1200374,val
structural_severe/structural_severe_1200375.png,structural_severe,moderate,1200375,train
structural_severe/structural_severe_1200376.png,structural_severe,severe,1200376,val
structural_severe/structural_severe_1200377.png,structural_severe,catastrophic,1200377,val
structural_severe/structural_severe_1200378.png,structural_severe,moderate,1200378,val
structural_severe/structural_severe_1200379.png,structural_severe,catastrophic,1200379,val
structural_severe/structural_severe_1200380.png,structural_severe,moderate,1200380,test
structural_severe/structural_severe_1200381.png,structural_severe,severe,1200381,test
structural_severe/structural_severe_1200382.png,structural_severe,catastrophic,1200382,train
structural_severe/structural_severe_1200383.png,structural_severe,moderate,1200383,train
structural_severe/structural_severe_1200384.png,structural_severe,moderate,1200384,test
structural_severe/structural_severe_1200385.png,structural_severe,moderate,1200385,train
structural_severe/structural_severe_1200386.png,structural_severe,moderate,1200386,train
structural_severe/structural_severe_1200387.png,structural_severe,severe,1200387,val
structural_severe/structural_severe_1200388.png,structural_severe,severe,1200388,train
structural_severe/structural_severe_1200389.png,structural_severe,moderate,1200389,train
structural_severe/structural_severe_1200390.png,structural_severe,moderate,1200390,train
structural_severe/structural_severe_1200391.png,structural_severe,severe,1200391,val
structural_severe/structural_severe_1200392.png,structural_severe,catastrophic,1200392,train
structural_severe/structural_severe_1200393.png,structural_severe,moderate,1200393,train
structural_severe/structural_severe_1200394.png,structural_severe,moderate,1200394,train
structural_severe/structural_severe_1200395.png,structural_severe,catastrophic,1200395,val
structural_severe/structural_severe_1200396.png,structural_severe,moderate,1200396,train
structural_severe/structural_severe_1200397.png,structural_severe,catastrophic,1200397,val
structural_severe/structural_severe_1200398.png,structural_severe,catastrophic,1200398,train
structural_severe/structural_severe_1200399.png,structural_severe,catastrophic,1200399,train
nominal/nominal_1300000.png,nominal,none,1300000,train
nominal/nominal_1300001.png,nominal,none,1300001,test
nominal/nominal_1300002.png,nominal,none,1300002,train
nominal/nominal_1300003.png,nominal,none,1300003,train
nominal/nominal_1300004.png,nominal,none,1300004,val
nominal/nominal_1300005.png,nominal,none,1300005,val
nominal/nominal_1300006.png,nominal,none,1300006,val
nominal/nominal_1300007.png,nominal,none,1300007,train
nominal/nominal_1300008.png,nominal,none,1300008,train
nominal/nominal_1300009.png,nominal,none,1300009,train
nominal/nominal_1300010.png,nominal,none,1300010,train
nominal/nominal_1300011.png,nominal,none,1300011,train
nominal/nominal_1300012.png,nominal,none,1300012,train
nominal/nominal_1300013.png,nominal,none,1300013,train
nominal/nominal_1300014.png,nominal,none,1300014,train
nominal/nominal_1300015.png,nominal,none,1300015,train
nominal/nominal_1300016.png,nominal,none,1300016,test
nominal/nominal_1300017.png,nominal,none,1300017,train
nominal/nominal_1300018.png,nominal,none,1300018,test
nominal/nominal_1300019.png,nominal,none,1300019,train
nominal/nominal_1300020.png,nominal,none,1300020,train
nominal/nominal_1300021.png,nominal,none,1300021,train
nominal/nominal_1300022.png,nominal,none,1300022,train
nominal/nominal_1300023.png,nominal,none,1300023,train
nominal/nominal_1300024.png,nominal,none,1300024,train
nominal/nominal_1300025.png,nominal,none,1300025,val
nominal/nominal_1300026.png,nominal,none,1300026,train
nominal/nominal_1300027.png,nominal,none,1300027,val
nominal/nominal_1300028.png,nominal,none,1300028,val
nominal/nominal_1300029.png,nominal,none,1300029,train
nominal/nominal_1300030.png,nominal,none,1300030,val
nominal/nominal_1300031.png,nominal,none,1300031,train
nominal/nominal_1300032.png,nominal,none,1300032,train
nominal/nominal_1300033.png,nominal,none,1300033,train
nominal/nominal_1300034.png,nominal,none,1300034,train
nominal/nominal_1300035.png,nominal,none,1300035,train
nominal/nominal_1300036.png,nominal,none,1300036,val
nominal/nominal_1300037.png,nominal,none,1300037,val
nominal/nominal_1300038.png,nominal,none,1300038,train
nominal/nominal_1300039.png,nominal,none,1300039,train
nominal/nominal_1300040.png,nominal,none,1300040,train
nominal/nominal_1300041.png,nominal,none,1300041,train
nominal/nominal_1300042.png,nominal,none,1300042,val
nominal/nominal_1300043.png,nominal,none,1300043,train
nominal/nominal_1300044.png,nominal,none,1300044,train
nominal/nominal_1300045.png,nominal,none,1300045,train
nominal/nominal_1300046.png,nominal,none,1300046,val
nominal/nominal_1300047.png,nominal,none,1300047,train
nominal/nominal_1300048.png,nominal,none,1300048,train
nominal/nominal_1300049.png,nominal,none,1300049,test
nominal/nominal_1300050.png,nominal,none,1300050,train
nominal/nominal_1300051.png,nominal,none,1300051,val
nominal/nominal_1300052.png,nominal,none,1300052,val
nominal/nominal_1300053.png,nominal,none,1300053,train
nominal/nominal_1300054.png,nominal,none,1300054,test
nominal/nominal_1300055.png,nominal,none,1300055,train
nominal/nominal_1300056.png,nominal,none,1300056,train
nominal/nominal_1300057.png,nominal,none,1300057,train
nominal/nominal_1300058.png,nominal,none,1300058,val
nominal/nominal_1300059.png,nominal,none,1300059,train
nominal/nominal_1300060.png,nominal,none,1300060,val
nominal/nominal_1300061.png,nominal,none,1300061,train
nominal/nominal_1300062.png,nominal,none,1300062,train
nominal/nominal_1300063.png,nominal,none,1300063,train
nominal/nominal_1300064.png,nominal,none,1300064,train
nominal/nominal_1300065.png,nominal,none,1300065,train
nominal/nominal_1300066.png,nominal,none,1300066,train
nominal/nominal_1300067.png,nominal,none,1300067,val
nominal/nominal_1300068.png,nominal,none,1300068,train
nominal/nominal_1300069.png,nominal,none,1300069,train
nominal/nominal_1300070.png,nominal,none,1300070,train
nominal/nominal_1300071.png,nominal,none,1300071,val
nominal/nominal_1300072.png,nominal,none,1300072,train
nominal/nominal_1300073.png,nominal,none,1300073,train
nominal/nominal_1300074.png,nominal,none,1300074,val
nominal/nominal_1300075.png,nominal,none,1300075,train
nominal/nominal_1300076.png,nominal,none,1300076,val
nominal/nominal_1300077.png,nominal,none,1300077,train
nominal/nominal_1300078.png,nominal,none,1300078,val
nominal/nominal_1300079.png,nominal,none,1300079,train
nominal/nominal_1300080.png,nominal,none,1300080,train
nominal/nominal_1300081.png,nominal,none,1300081,train
nominal/nominal_1300082.png,nominal,none,1300082,train
nominal/nominal_1300083.png,nominal,none,1300083,test
nominal/nominal_1300084.png,nominal,none,1300084,val
nominal/nominal_1300085.png,nominal,none,1300085,train
nominal/nominal_1300086.png,nominal,none,1300086,train
nominal/nominal_1300087.png,nominal,none,1300087,train
nominal/nominal_1300088.png,nominal,none,1300088,train
nominal/nominal_1300089.png,nominal,none,1300089,test
nominal/nominal_1300090.png,nominal,none,1300090,val
nominal/nominal_1300091.png,nominal,none,1300091,train
nominal/nominal_1300092.png,nominal,none,1300092,train
nominal/nominal_1300093.png,nominal,none,1300093,train
nominal/nominal_1300094.png,nominal,none,1300094,test
nominal/nominal_1300095.png,nominal,none,1300095,train
nominal/nominal_1300096.png,nominal,none,1300096,train
nominal/nominal_1300097.png,nominal,none,1300097,train
nominal/nominal_1300098.png,nominal,none,1300098,train
nominal/nominal_1300099.png,nominal,none,1300099,train
nominal/nominal_1300100.png,nominal,none,1300100,val
nominal/nominal_1300101.png,nominal,none,1300101,train
nominal/nominal_1300102.png,nominal,none,1300102,val
nominal/nominal_1300103.png,nominal,none,1300103,train
nominal/nominal_1300104.png,nominal,none,1300104,train
nominal/nominal_1300105.png,nominal,none,1300105,train
nominal/nominal_1300106.png,nominal,none,1300106,train
nominal/nominal_1300107.png,nominal,none,1300107,val
nominal/nominal_1300108.png,nominal,none,1300108,train
nominal/nominal_1300109.png,nominal,none,1300109,train
nominal/nominal_1300110.png,nominal,none,1300110,train
nominal/nominal_1300111.png,nominal,none,1300111,train
nominal/nominal_1300112.png,nominal,none,1300112,test
nominal/nominal_1300113.png,nominal,none,1300113,train
nominal/nominal_1300114.png,nominal,none,1300114,train
nominal/nominal_1300115.png,nominal,none,1300115,train
nominal/nominal_1300116.png,nominal,none,1300116,val
nominal/nominal_1300117.png,nominal,none,1300117,train
nominal/nominal_1300118.png,nominal,none,1300118,val
nominal/nominal_1300119.png,nominal,none,1300119,train
nominal/nominal_1300120.png,nominal,none,1300120,val
nominal/nominal_1300121.png,nominal,none,1300121,test
nominal/nominal_1300122.png,nominal,none,1300122,train
nominal/nominal_1300123.png,nominal,none,1300123,test
nominal/nominal_1300124.png,nominal,none,1300124,train
nominal/nominal_1300125.png,nominal,none,1300125,train
nominal/nominal_1300126.png,nominal,none,1300126,val
nominal/nominal_1300127.png,nominal,none,1300127,train
nominal/nominal_1300128.png,nominal,none,1300128,train
nominal/nominal_1300129.png,nominal,none,1300129,train
nominal/nominal_1300130.png,nominal,none,1300130,val
nominal/nominal_1300131.png,nominal,none,1300131,train
nominal/nominal_1300132.png,nominal,none,1300132,train
nominal/nominal_1300133.png,nominal,none,1300133,val
nominal/nominal_1300134.png,nominal,none,1300134,train
nominal/nominal_1300135.png,nominal,none,1300135,train
nominal/nominal_1300136.png,nominal,none,1300136,val
nominal/nominal_1300137.png,nominal,none,1300137,train
nominal/nominal_1300138.png,nominal,none,1300138,train
nominal/nominal_1300139.png,nominal,none,1300139,train
nominal/nominal_1300140.png,nominal,none,1300140,train
nominal/nominal_1300141.png,nominal,none,1300141,train
nominal/nominal_1300142.png,nominal,none,1300142,val
nominal/nominal_1300143.png,nominal,none,1300143,test
nominal/nominal_1300144.png,nominal,none,1300144,val
nominal/nominal_1300145.png,nominal,none,1300145,train
nominal/nominal_1300146.png,nominal,none,1300146,val
nominal/nominal_1300147.png,nominal,none,1300147,val
nominal/nominal_1300148.png,nominal,none,1300148,train
nominal/nominal_1300149.png,nominal,none,1300149,train
nominal/nominal_1300150.png,nominal,none,1300150,test
nominal/nominal_1300151.png,nominal,none,1300151,test
nominal/nominal_1300152.png,nominal,none,1300152,val
nominal/nominal_1300153.png,nominal,none,1300153,train
nominal/nominal_1300154.png,nominal,none,1300154,train
nominal/nominal_1300155.png,nominal,none,1300155,train
nominal/nominal_1300156.png,nominal,none,1300156,train
nominal/nominal_1300157.png,nominal,none,1300157,train
nominal/nominal_1300158.png,nominal,none,1300158,train
nominal/nominal_1300159.png,nominal,none,1300159,train
nominal/nominal_1300160.png,nominal,none,1300160,train
nominal/nominal_1300161.png,nominal,none,1300161,train
nominal/nominal_1300162.png,nominal,none,1300162,train
nominal/nominal_1300163.png,nominal,none,1300163,train
nominal/nominal_1300164.png,nominal,none,1300164,train
nominal/nominal_1300165.png,nominal,none,1300165,train
nominal/nominal_1300166.png,nominal,none,1300166,train
nominal/nominal_1300167.png,nominal,none,1300167,train
nominal/nominal_1300168.png,nominal,none,1300168,val
nominal/nominal_1300169.png,nominal,none,1300169,val
nominal/nominal_1300170.png,nominal,none,1300170,train
nominal/nominal_1300171.png,nominal,none,1300171,train
nominal/nominal_1300172.png,nominal,none,1300172,val
nominal/nominal_1300173.png,nominal,none,1300173,val
nominal/nominal_1300174.png,nominal,none,1300174,train
nominal/nominal_1300175.png,nominal,none,1300175,train
nominal/nominal_1300176.png,nominal,none,1300176,val
nominal/nominal_1300177.png,nominal,none,1300177,train
nominal/nominal_1300178.png,nominal,none,1300178,train
nominal/nominal_1300179.png,nominal,none,1300179,val
nominal/nominal_1300180.png,nominal,none,1300180,train
nominal/nominal_1300181.png,nominal,none,1300181,train
nominal/nominal_1300182.png,nominal,none,1300182,train
nominal/nominal_1300183.png,nominal,none,1300183,train
nominal/nominal_1300184.png,nominal,none,1300184,train
nominal/nominal_1300185.png,nominal,none,1300185,train
nominal/nominal_1300186.png,nominal,none,1300186,train
nominal/nominal_1300187.png,nominal,none,1300187,train
nominal/nominal_1300188.png,nominal,none,1300188,train
nominal/nominal_1300189.png,nominal,none,1300189,train
nominal/nominal_1300190.png,nominal,none,1300190,train
nominal/nominal_1300191.png,nominal,none,1300191,train
nominal/nominal_1300192.png,nominal,none,1300192,train
nominal/nominal_1300193.png,nominal,none,1300193,train
nominal/nominal_1300194.png,nominal,none,1300194,train
nominal/nominal_1300195.png,nominal,none,1300195,val
nominal/nominal_1300196.png,nominal,none,1300196,train
nominal/nominal_1300197.png,nominal,none,1300197,train
nominal/nominal_1300198.png,nominal,none,1300198,val
nominal/nominal_1300199.png,nominal,none,1300199,test
nominal/nominal_1300200.png,nominal,none,1300200,train
nominal/nominal_1300201.png,nominal,none,1300201,val
nominal/nominal_1300202.png,nominal,none,1300202,val
nominal/nominal_1300203.png,nominal,none,1300203,train
nominal/nominal_1300204.png,nominal,none,1300204,train
nominal/nominal_1300205.png,nominal,none,1300205,train
nominal/nominal_1300206.png,nominal,none,1300206,train
nominal/nominal_1300207.png,nominal,none,1300207,val
nominal/nominal_1300208.png,nominal,none,1300208,val
nominal/nominal_1300209.png,nominal,none,1300209,val
nominal/nominal_1300210.png,nominal,none,1300210,val
nominal/nominal_1300211.png,nominal,none,1300211,train
nominal/nominal_1300212.png,nominal,none,1300212,test
nominal/nominal_1300213.png,nominal,none,1300213,train
nominal/nominal_1300214.png,nominal,none,1300214,val
nominal/nominal_1300215.png,nominal,none,1300215,train
nominal/nominal_1300216.png,nominal,none,1300216,val
nominal/nominal_1300217.png,nominal,none,1300217,test
nominal/nominal_1300218.png,nominal,none,1300218,train
nominal/nominal_1300219.png,nominal,none,1300219,train
nominal/nominal_1300220.png,nominal,none,1300220,train
nominal/nominal_1300221.png,nominal,none,1300221,train
nominal/nominal_1300222.png,nominal,none,1300222,train
nominal/nominal_1300223.png,nominal,none,1300223,train
nominal/nominal_1300224.png,nominal,none,1300224,val
nominal/nominal_1300225.png,nominal,none,1300225,train
nominal/nominal_1300226.png,nominal,none,1300226,train
nominal/nominal_1300227.png,nominal,none,1300227,val
nominal/nominal_1300228.png,nominal,none,1300228,val
nominal/nominal_1300229.png,nominal,none,1300229,train
nominal/nominal_1300230.png,nominal,none,1300230,val
nominal/nominal_1300231.png,nominal,none,1300231,train
nominal/nominal_1300232.png,nominal,none,1300232,train
nominal/nominal_1300233.png,nominal,none,1300233,train
nominal/nominal_1300234.png,nominal,none,1300234,train
nominal/nominal_1300235.png,nominal,none,1300235,train
nominal/nominal_1300236.png,nominal,none,1300236,train
nominal/nominal_1300237.png,nominal,none,1300237,test
nominal/nominal_1300238.png,nominal,none,1300238,train
nominal/nominal_1300239.png,nominal,none,1300239,train
nominal/nominal_1300240.png,nominal,none,1300240,train
nominal/nominal_1300241.png,nominal,none,1300241,train
nominal/nominal_1300242.png,nominal,none,1300242,train
nominal/nominal_1300243.png,nominal,none,1300243,train
nominal/nominal_1300244.png,nominal,none,1300244,train
nominal/nominal_1300245.png,nominal,none,1300245,train
nominal/nominal_1300246.png,nominal,none,1300246,train
nominal/nominal_1300247.png,nominal,none,1300247,val
nominal/nominal_1300248.png,nominal,none,1300248,train
nominal/nominal_1300249.png,nominal,none,1300249,val
nominal/nominal_1300250.png,nominal,none,1300250,val
nominal/nominal_1300251.png,nominal,none,1300251,test
nominal/nominal_1300252.png,nominal,none,1300252,val
nominal/nominal_1300253.png,nominal,none,1300253,train
nominal/nominal_1300254.png,nominal,none,1300254,train
nominal/nominal_1300255.png,nominal,none,1300255,train
nominal/nominal_1300256.png,nominal,none,1300256,train
nominal/nominal_1300257.png,nominal,none,1300257,train
nominal/nominal_1300258.png,nominal,none,1300258,val
nominal/nominal_1300259.png,nominal,none,1300259,train
nominal/nominal_1300260.png,nominal,none,1300260,train
nominal/nominal_1300261.png,nominal,none,1300261,train
nominal/nominal_1300262.png,nominal,none,1300262,train
nominal/nominal_1300263.png,nominal,none,1300263,train
nominal/nominal_1300264.png,nominal,none,1300264,val
nominal/nominal_1300265.png,nominal,none,1300265,train
nominal/nominal_1300266.png,nominal,none,1300266,train
nominal/nominal_1300267.png,nominal,none,1300267,val
nominal/nominal_1300268.png,nominal,none,1300268,train
nominal/nominal_1300269.png,nominal,none,1300269,train
nominal/nominal_1300270.png,nominal,none,1300270,train
nominal/nominal_1300271.png,nominal,none,1300271,val
nominal/nominal_1300272.png,nominal,none,1300272,train
nominal/nominal_1300273.png,nominal,none,1300273,train
nominal/nominal_1300274.png,nominal,none,1300274,train
nominal/nominal_1300275.png,nominal,none,1300275,train
nominal/nominal_1300276.png,nominal,none,1300276,val
nominal/nominal_1300277.png,nominal,none,1300277,train
nominal/nominal_1300278.png,nominal,none,1300278,train
nominal/nominal_1300279.png,nominal,none,1300279,val
nominal/nominal_1300280.png,nominal,none,1300280,val
nominal/nominal_1300281.png,nominal,none,1300281,train
nominal/nominal_1300282.png,nominal,none,1300282,train
nominal/nominal_1300283.png,nominal,none,1300283,train
nominal/nominal_1300284.png,nominal,none,1300284,train
nominal/nominal_1300285.png,nominal,none,1300285,test
nominal/nominal_1300286.png,nominal,none,1300286,train
nominal/nominal_1300287.png,nominal,none,1300287,train
nominal/nominal_1300288.png,nominal,none,1300288,train
nominal/nominal_1300289.png,nominal,none,1300289,train
nominal/nominal_1300290.png,nominal,none,1300290,train
nominal/nominal_1300291.png,nominal,none,1300291,train
nominal/nominal_1300292.png,nominal,none,1300292,train
nominal/nominal_1300293.png,nominal,none,1300293,train
nominal/nominal_1300294.png,nominal,none,1300294,val
nominal/nominal_1300295.png,nominal,none,1300295,val
nominal/nominal_1300296.png,nominal,none,1300296,train
nominal/nominal_1300297.png,nominal,none,1300297,train
nominal/nominal_1300298.png,nominal,none,1300298,train
nominal/nominal_1300299.png,nominal,none,1300299,train
nominal/nominal_1300300.png,nominal,none,1300300,train
nominal/nominal_1300301.png,nominal,none,1300301,train
nominal/nominal_1300302.png,nominal,none,1300302,train
nominal/nominal_1300303.png,nominal,none,1300303,val
nominal/nominal_1300304.png,nominal,none,1300304,train
nominal/nominal_1300305.png,nominal,none,1300305,train
nominal/nominal_1300306.png,nominal,none,1300306,train
nominal/nominal_1300307.png,nominal,none,1300307,train
nominal/nominal_1300308.png,nominal,none,1300308,val
nominal/nominal_1300309.png,nominal,none,1300309,val
nominal/nominal_1300310.png,nominal,none,1300310,train
nominal/nominal_1300311.png,nominal,none,1300311,train
nominal/nominal_1300312.png,nominal,none,1300312,val
nominal/nominal_1300313.png,nominal,none,1300313,test
nominal/nominal_1300314.png,nominal,none,1300314,val
nominal/nominal_1300315.png,nominal,none,1300315,train
nominal/nominal_1300316.png,nominal,none,1300316,train
nominal/nominal_1300317.png,nominal,none,1300317,train
nominal/nominal_1300318.png,nominal,none,1300318,test
nominal/nominal_1300319.png,nominal,none,1300319,train
nominal/nominal_1300320.png,nominal,none,1300320,val
nominal/nominal_1300321.png,nominal,none,1300321,train
nominal/nominal_1300322.png,nominal,none,1300322,train
nominal/nominal_1300323.png,nominal,none,1300323,train
nominal/nominal_1300324.png,nominal,none,1300324,train
nominal/nominal_1300325.png,nominal,none,1300325,val
nominal/nominal_1300326.png,nominal,none,1300326,train
nominal/nominal_1300327.png,nominal,none,1300327,val
nominal/nominal_1300328.png,nominal,none,1300328,train
nominal/nominal_1300329.png,nominal,none,1300329,train
nominal/nominal_1300330.png,nominal,none,1300330,train
nominal/nominal_1300331.png,nominal,none,1300331,train
nominal/nominal_1300332.png,nominal,none,1300332,train
nominal/nominal_1300333.png,nominal,none,1300333,train
nominal/nominal_1300334.png,nominal,none,1300334,val
nominal/nominal_1300335.png,nominal,none,1300335,val
nominal/nominal_1300336.png,nominal,none,1300336,test
nominal/nominal_1300337.png,nominal,none,1300337,val
nominal/nominal_1300338.png,nominal,none,1300338,train
nominal/nominal_1300339.png,nominal,none,1300339,train
nominal/nominal_1300340.png,nominal,none,1300340,train
nominal/nominal_1300341.png,nominal,none,1300341,val
nominal/nominal_1300342.png,nominal,none,1300342,train
nominal/nominal_1300343.png,nominal,none,1300343,train
nominal/nominal_1300344.png,nominal,none,1300344,val
nominal/nominal_1300345.png,nominal,none,1300345,train
nominal/nominal_1300346.png,nominal,none,1300346,train
nominal/nominal_1300347.png,nominal,none,1300347,train
nominal/nominal_1300348.png,nominal,none,1300348,val
nominal/nominal_1300349.png,nominal,none,1300349,train
nominal/nominal_1300350.png,nominal,none,1300350,train
nominal/nominal_1300351.png,nominal,none,1300351,train
nominal/nominal_1300352.png,nominal,none,1300352,train
nominal/nominal_1300353.png,nominal,none,1300353,train
nominal/nominal_1300354.png,nominal,none,1300354,test
nominal/nominal_1300355.png,nominal,none,1300355,train
nominal/nominal_1300356.png,nominal,none,1300356,train
nominal/nominal_1300357.png,nominal,none,1300357,train
nominal/nominal_1300358.png,nominal,none,1300358,train
nominal/nominal_1300359.png,nominal,none,1300359,train
nominal/nominal_1300360.png,nominal,none,1300360,train
nominal/nominal_1300361.png,nominal,none,1300361,val
nominal/nominal_1300362.png,nominal,none,1300362,val
nominal/nominal_1300363.png,nominal,none,1300363,train
nominal/nominal_1300364.png,nominal,none,1300364,train
nominal/nominal_1300365.png,nominal,none,1300365,train
nominal/nominal_1300366.png,nominal,none,1300366,train
nominal/nominal_1300367.png,nominal,none,1300367,test
nominal/nominal_1300368.png,nominal,none,1300368,train
nominal/nominal_1300369.png,nominal,none,1300369,train
nominal/nominal_1300370.png,nominal,none,1300370,train
nominal/nominal_1300371.png,nominal,none,1300371,train
nominal/nominal_1300372.png,nominal,none,1300372,train
nominal/nominal_1300373.png,nominal,none,1300373,test
nominal/nominal_1300374.png,nominal,none,1300374,train
nominal/nominal_1300375.png,nominal,none,1300375,train
nominal/nominal_1300376.png,nominal,none,1300376,train
nominal/nominal_1300377.png,nominal,none,1300377,train
nominal/nominal_1300378.png,nominal,none,1300378,test
nominal/nominal_1300379.png,nominal,none,1300379,val
nominal/nominal_1300380.png,nominal,none,1300380,train
nominal/nominal_1300381.png,nominal,none,1300381,test
nominal/nominal_1300382.png,nominal,none,1300382,train
nominal/nominal_1300383.png,nominal,none,1300383,train
nominal/nominal_1300384.png,nominal,none,1300384,train
nominal/nominal_1300385.png,nominal,none,1300385,val
nominal/nominal_1300386.png,nominal,none,1300386,train
nominal/nominal_1300387.png,nominal,none,1300387,train
nominal/nominal_1300388.png,nominal,none,1300388,train
nominal/nominal_1300389.png,nominal,none,1300389,train
nominal/nominal_1300390.png,nominal,none,1300390,train
nominal/nominal_1300391.png,nominal,none,1300391,val
nominal/nominal_1300392.png,nominal,none,1300392,val
nominal/nominal_1300393.png,nominal,none,1300393,val
nominal/nominal_1300394.png,nominal,none,1300394,train
nominal/nominal_1300395.png,nominal,none,1300395,train
nominal/nominal_1300396.png,nominal,none,1300396,train
nominal/nominal_1300397.png,nominal,none,1300397,train
nominal/nominal_1300398.png,nominal,none,1300398,train
nominal/nominal_1300399.png,nominal,none,1300399,train
nominal/nominal_1300400.png,nominal,none,1300400,val
nominal/nominal_1300401.png,nominal,none,1300401,train
nominal/nominal_1300402.png,nominal,none,1300402,train
nominal/nominal_1300403.png,nominal,none,1300403,val
nominal/nominal_1300404.png,nominal,none,1300404,train
nominal/nominal_1300405.png,nominal,none,1300405,train
nominal/nominal_1300406.png,nominal,none,1300406,train
nominal/nominal_1300407.png,nominal,none,1300407,train
nominal/nominal_1300408.png,nominal,none,1300408,train
nominal/nominal_1300409.png,nominal,none,1300409,val
nominal/nominal_1300410.png,nominal,none,1300410,train
nominal/nominal_1300411.png,nominal,none,1300411,train
nominal/nominal_1300412.png,nominal,none,1300412,test
nominal/nominal_1300413.png,nominal,none,1300413,train
nominal/nominal_1300414.png,nominal,none,1300414,train
nominal/nominal_1300415.png,nominal,none,1300415,train
nominal/nominal_1300416.png,nominal,none,1300416,test
nominal/nominal_1300417.png,nominal,none,1300417,train
nominal/nominal_1300418.png,nominal,none,1300418,val
nominal/nominal_1300419.png,nominal,none,1300419,train
nominal/nominal_1300420.png,nominal,none,1300420,train
nominal/nominal_1300421.png,nominal,none,1300421,train
nominal/nominal_1300422.png,nominal,none,1300422,train
nominal/nominal_1300423.png,nominal,none,1300423,train
nominal/nominal_1300424.png,nominal,none,1300424,val
nominal/nominal_1300425.png,nominal,none,1300425,train
nominal/nominal_1300426.png,nominal,none,1300426,val
nominal/nominal_1300427.png,nominal,none,1300427,test
nominal/nominal_1300428.png,nominal,none,1300428,val
nominal/nominal_1300429.png,nominal,none,1300429,test
nominal/nominal_1300430.png,nominal,none,1300430,train
nominal/nominal_1300431.png,nominal,none,1300431,train
nominal/nominal_1300432.png,nominal,none,1300432,train
nominal/nominal_1300433.png,nominal,none,1300433,train
nominal/nominal_1300434.png,nominal,none,1300434,val
nominal/nominal_1300435.png,nominal,none,1300435,train
nominal/nominal_1300436.png,nominal,none,1300436,test
nominal/nominal_1300437.png,nominal,none,1300437,train
nominal/nominal_1300438.png,nominal,none,1300438,train
nominal/nominal_1300439.png,nominal,none,1300439,train
nominal/nominal_1300440.png,nominal,none,1300440,train
nominal/nominal_1300441.png,nominal,none,1300441,test
nominal/nominal_1300442.png,nominal,none,1300442,val
nominal/nominal_1300443.png,nominal,none,1300443,train
nominal/nominal_1300444.png,nominal,none,1300444,train
nominal/nominal_1300445.png,nominal,none,1300445,train
nominal/nominal_1300446.png,nominal,none,1300446,val
nominal/nominal_1300447.png,nominal,none,1300447,train
nominal/nominal_1300448.png,nominal,none,1300448,train
nominal/nominal_1300449.png,nominal,none,1300449,train
nominal/nominal_1300450.png,nominal,none,1300450,test
nominal/nominal_1300451.png,nominal,none,1300451,train
nominal/nominal_1300452.png,nominal,none,1300452,train
nominal/nominal_1300453.png,nominal,none,1300453,train
nominal/nominal_1300454.png,nominal,none,1300454,train
nominal/nominal_1300455.png,nominal,none,1300455,train
nominal/nominal_1300456.png,nominal,none,1300456,train
nominal/nominal_1300457.png,nominal,none,1300457,train
nominal/nominal_1300458.png,nominal,none,1300458,val
nominal/nominal_1300459.png,nominal,none,1300459,val
nominal/nominal_1300460.png,nominal,none,1300460,train
nominal/nominal_1300461.png,nominal,none,1300461,train
nominal/nominal_1300462.png,nominal,none,1300462,val
nominal/nominal_1300463.png,nominal,none,1300463,train
nominal/nominal_1300464.png,nominal,none,1300464,train
nominal/nominal_1300465.png,nominal,none,1300465,val
nominal/nominal_1300466.png,nominal,none,1300466,train
nominal/nominal_1300467.png,nominal,none,1300467,train
nominal/nominal_1300468.png,nominal,none,1300468,train
nominal/nominal_1300469.png,nominal,none,1300469,train
nominal/nominal_1300470.png,nominal,none,1300470,train
nominal/nominal_1300471.png,nominal,none,1300471,train
nominal/nominal_1300472.png,nominal,none,1300472,val
nominal/nominal_1300473.png,nominal,none,1300473,val
nominal/nominal_1300474.png,nominal,none,1300474,train
nominal/nominal_1300475.png,nominal,none,1300475,train
nominal/nominal_1300476.png,nominal,none,1300476,train
nominal/nominal_1300477.png,nominal,none,1300477,train
nominal/nominal_1300478.png,nominal,none,1300478,train
nominal/nominal_1300479.png,nominal,none,1300479,train
nominal/nominal_1300480.png,nominal,none,1300480,train
nominal/nominal_1300481.png,nominal,none,1300481,train
nominal/nominal_1300482.png,nominal,none,1300482,train
nominal/nominal_1300483.png,nominal,none,1300483,val
nominal/nominal_1300484.png,nominal,none,1300484,train
nominal/nominal_1300485.png,nominal,none,1300485,train
nominal/nominal_1300486.png,nominal,none,1300486,train
nominal/nominal_1300487.png,nominal,none,1300487,train
nominal/nominal_1300488.png,nominal,none,1300488,train
nominal/nominal_1300489.png,nominal,none,1300489,train
nominal/nominal_1300490.png,nominal,none,1300490,test
nominal/nominal_1300491.png,nominal,none,1300491,train
nominal/nominal_1300492.png,nominal,none,1300492,train
nominal/nominal_1300493.png,nominal,none,1300493,train
nominal/nominal_1300494.png,nominal,none,1300494,test
nominal/nominal_1300495.png,nominal,none,1300495,train
nominal/nominal_1300496.png,nominal,none,1300496,train
nominal/nominal_1300497.png,nominal,none,1300497,train
nominal/nominal_1300498.png,nominal,none,1300498,train
nominal/nominal_1300499.png,nominal,none,1300499,train
nominal/nominal_1300500.png,nominal,none,1300500,test
nominal/nominal_1300501.png,nominal,none,1300501,train
nominal/nominal_1300502.png,nominal,none,1300502,val
nominal/nominal_1300503.png,nominal,none,1300503,train
nominal/nominal_1300504.png,nominal,none,1300504,test
nominal/nominal_1300505.png,nominal,none,1300505,train
nominal/nominal_1300506.png,nominal,none,1300506,val
nominal/nominal_1300507.png,nominal,none,1300507,val
nominal/nominal_1300508.png,nominal,none,1300508,train
nominal/nominal_1300509.png,nominal,none,1300509,train
nominal/nominal_1300510.png,nominal,none,1300510,train
nominal/nominal_1300511.png,nominal,none,1300511,train
nominal/nominal_1300512.png,nominal,none,1300512,train
nominal/nominal_1300513.png,nominal,none,1300513,test
nominal/nominal_1300514.png,nominal,none,1300514,val
nominal/nominal_1300515.png,nominal,none,1300515,train
nominal/nominal_1300516.png,nominal,none,1300516,train
nominal/nominal_1300517.png,nominal,none,1300517,val
nominal/nominal_1300518.png,nominal,none,1300518,train
nominal/nominal_1300519.png,nominal,none,1300519,train
nominal/nominal_1300520.png,nominal,none,1300520,test
nominal/nominal_1300521.png,nominal,none,1300521,train
nominal/nominal_1300522.png,nominal,none,1300522,train
nominal/nominal_1300523.png,nominal,none,1300523,train
nominal/nominal_1300524.png,nominal,none,1300524,test
nominal/nominal_1300525.png,nominal,none,1300525,val
nominal/nominal_1300526.png,nominal,none,1300526,val
nominal/nominal_1300527.png,nominal,none,1300527,train
nominal/nominal_1300528.png,nominal,none,1300528,train
nominal/nominal_1300529.png,nominal,none,1300529,train
nominal/nominal_1300530.png,nominal,none,1300530,test
nominal/nominal_1300531.png,nominal,none,1300531,train
nominal/nominal_1300532.png,nominal,none,1300532,val
nominal/nominal_1300533.png,nominal,none,1300533,train
nominal/nominal_1300534.png,nominal,none,1300534,train
nominal/nominal_1300535.png,nominal,none,1300535,train
nominal/nominal_1300536.png,nominal,none,1300536,train
nominal/nominal_1300537.png,nominal,none,1300537,val
nominal/nominal_1300538.png,nominal,none,1300538,train
nominal/nominal_1300539.png,nominal,none,1300539,train
nominal/nominal_1300540.png,nominal,none,1300540,test
nominal/nominal_1300541.png,nominal,none,1300541,train
nominal/nominal_1300542.png,nominal,none,1300542,val
nominal/nominal_1300543.png,nominal,none,1300543,train
nominal/nominal_1300544.png,nominal,none,1300544,train
nominal/nominal_1300545.png,nominal,none,1300545,train
nominal/nominal_1300546.png,nominal,none,1300546,train
nominal/nominal_1300547.png,nominal,none,1300547,train
nominal/nominal_1300548.png,nominal,none,1300548,test
nominal/nominal_1300549.png,nominal,none,1300549,train
nominal/nominal_1300550.png,nominal,none,1300550,val
nominal/nominal_1300551.png,nominal,none,1300551,train
nominal/nominal_1300552.png,nominal,none,1300552,train
nominal/nominal_1300553.png,nominal,none,1300553,train
nominal/nominal_1300554.png,nominal,none,1300554,train
nominal/nominal_1300555.png,nominal,none,1300555,train
nominal/nominal_1300556.png,nominal,none,1300556,train
nominal/nominal_1300557.png,nominal,none,1300557,val
nominal/nominal_1300558.png,nominal,none,1300558,test
nominal/nominal_1300559.png,nominal,none,1300559,val
nominal/nominal_1300560.png,nominal,none,1300560,train
nominal/nominal_1300561.png,nominal,none,1300561,train
nominal/nominal_1300562.png,nominal,none,1300562,train
nominal/nominal_1300563.png,nominal,none,1300563,train
nominal/nominal_1300564.png,nominal,none,1300564,train
nominal/nominal_1300565.png,nominal,none,1300565,train
nominal/nominal_1300566.png,nominal,none,1300566,train
nominal/nominal_1300567.png,nominal,none,1300567,train
nominal/nominal_1300568.png,nominal,none,1300568,test
nominal/nominal_1300569.png,nominal,none,1300569,test
nominal/nominal_1300570.png,nominal,none,1300570,train
nominal/nominal_1300571.png,nominal,none,1300571,train
nominal/nominal_1300572.png,nominal,none,1300572,train
nominal/nominal_1300573.png,nominal,none,1300573,train
nominal/nominal_1300574.png,nominal,none,1300574,train
nominal/nominal_1300575.png,nominal,none,1300575,train
nominal/nominal_1300576.png,nominal,none,1300576,train
nominal/nominal_1300577.png,nominal,none,1300577,train
nominal/nominal_1300578.png,nominal,none,1300578,test
nominal/nominal_1300579.png,nominal,none,1300579,val
nominal/nominal_1300580.png,nominal,none,1300580,train
nominal/nominal_1300581.png,nominal,none,1300581,train
nominal/nominal_1300582.png,nominal,none,1300582,train
nominal/nominal_1300583.png,nominal,none,1300583,test
nominal/nominal_1300584.png,nominal,none,1300584,val
nominal/nominal_1300585.png,nominal,none,1300585,train
nominal/nominal_1300586.png,nominal,none,1300586,train
nominal/nominal_1300587.png,nominal,none,1300587,val
nominal/nominal_1300588.png,nominal,none,1300588,train
nominal/nominal_1300589.png,nominal,none,1300589,train
nominal/nominal_1300590.png,nominal,none,1300590,train
nominal/nominal_1300591.png,nominal,none,1300591,train
nominal/nominal_1300592.png,nominal,none,1300592,val
nominal/nominal_1300593.png,nominal,none,1300593,val
nominal/nominal_1300594.png,nominal,none,1300594,test
nominal/nominal_1300595.png,nominal,none,1300595,train
nominal/nominal_1300596.png,nominal,none,1300596,test
nominal/nominal_1300597.png,nominal,none,1300597,val
nominal/nominal_1300598.png,nominal,none,1300598,train
nominal/nominal_1300599.png,nominal,none,1300599,test
nominal/nominal_1300600.png,nominal,none,1300600,val
nominal/nominal_1300601.png,nominal,none,1300601,train
nominal/nominal_1300602.png,nominal,none,1300602,train
nominal/nominal_1300603.png,nominal,none,1300603,test
nominal/nominal_1300604.png,nominal,none,1300604,train
nominal/nominal_1300605.png,nominal,none,1300605,train
nominal/nominal_1300606.png,nominal,none,1300606,val
nominal/nominal_1300607.png,nominal,none,1300607,test
nominal/nominal_1300608.png,nominal,none,1300608,test
nominal/nominal_1300609.png,nominal,none,1300609,test
nominal/nominal_1300610.png,nominal,none,1300610,train
nominal/nominal_1300611.png,nominal,none,1300611,train
nominal/nominal_1300612.png,nominal,none,1300612,val
nominal/nominal_1300613.png,nominal,none,1300613,train
nominal/nominal_1300614.png,nominal,none,1300614,val
nominal/nominal_1300615.png,nominal,none,1300615,val
nominal/nominal_1300616.png,nominal,none,1300616,train
nominal/nominal_1300617.png,nominal,none,1300617,train
nominal/nominal_1300618.png,nominal,none,1300618,val
nominal/nominal_1300619.png,nominal,none,1300619,train
nominal/nominal_1300620.png,nominal,none,1300620,train
nominal/nominal_1300621.png,nominal,none,1300621,val
nominal/nominal_1300622.png,nominal,none,1300622,train
nominal/nominal_1300623.png,nominal,none,1300623,train
nominal/nominal_1300624.png,nominal,none,1300624,test
nominal/nominal_1300625.png,nominal,none,1300625,train
nominal/nominal_1300626.png,nominal,none,1300626,val
nominal/nominal_1300627.png,nominal,none,1300627,train
nominal/nominal_1300628.png,nominal,none,1300628,train
nominal/nominal_1300629.png,nominal,none,1300629,val
nominal/nominal_1300630.png,nominal,none,1300630,val
nominal/nominal_1300631.png,nominal,none,1300631,test
nominal/nominal_1300632.png,nominal,none,1300632,train
nominal/nominal_1300633.png,nominal,none,1300633,train
nominal/nominal_1300634.png,nominal,none,1300634,val
nominal/nominal_1300635.png,nominal,none,1300635,train
nominal/nominal_1300636.png,nominal,none,1300636,test
nominal/nominal_1300637.png,nominal,none,1300637,train
nominal/nominal_1300638.png,nominal,none,1300638,val
nominal/nominal_1300639.png,nominal,none,1300639,val
nominal/nominal_1300640.png,nominal,none,1300640,train
nominal/nominal_1300641.png,nominal,none,1300641,train
nominal/nominal_1300642.png,nominal,none,1300642,train
nominal/nominal_1300643.png,nominal,none,1300643,train
nominal/nominal_1300644.png,nominal,none,1300644,train
nominal/nominal_1300645.png,nominal,none,1300645,train
nominal/nominal_1300646.png,nominal,none,1300646,train
nominal/nominal_1300647.png,nominal,none,1300647,val
nominal/nominal_1300648.png,nominal,none,1300648,train
nominal/nominal_1300649.png,nominal,none,1300649,val
nominal/nominal_1300650.png,nominal,none,1300650,test
nominal/nominal_1300651.png,nominal,none,1300651,train
nominal/nominal_1300652.png,nominal,none,1300652,train
nominal/nominal_1300653.png,nominal,none,1300653,train
nominal/nominal_1300654.png,nominal,none,1300654,train
nominal/nominal_1300655.png,nominal,none,1300655,train
nominal/nominal_1300656.png,nominal,none,1300656,val
nominal/nominal_1300657.png,nominal,none,1300657,train
nominal/nominal_1300658.png,nominal,none,1300658,train
nominal/nominal_1300659.png,nominal,none,1300659,val
nominal/nominal_1300660.png,nominal,none,1300660,train
nominal/nominal_1300661.png,nominal,none,1300661,train
nominal/nominal_1300662.png,nominal,none,1300662,val
nominal/nominal_1300663.png,nominal,none,1300663,train
nominal/nominal_1300664.png,nominal,none,1300664,train
nominal/nominal_1300665.png,nominal,none,1300665,train
nominal/nominal_1300666.png,nominal,none,1300666,train
nominal/nominal_1300667.png,nominal,none,1300667,train
nominal/nominal_1300668.png,nominal,none,1300668,train
nominal/nominal_1300669.png,nominal,none,1300669,val
nominal/nominal_1300670.png,nominal,none,1300670,train
nominal/nominal_1300671.png,nominal,none,1300671,train
nominal/nominal_1300672.png,nominal,none,1300672,val
nominal/nominal_1300673.png,nominal,none,1300673,train
nominal/nominal_1300674.png,nominal,none,1300674,val
nominal/nominal_1300675.png,nominal,none,1300675,test
nominal/nominal_1300676.png,nominal,none,1300676,train
nominal/nominal_1300677.png,nominal,none,1300677,train
nominal/nominal_1300678.png,nominal,none,1300678,train
nominal/nominal_1300679.png,nominal,none,1300679,train
nominal/nominal_1300680.png,nominal,none,1300680,train
nominal/nominal_1300681.png,nominal,none,1300681,train
nominal/nominal_1300682.png,nominal,none,1300682,train
nominal/nominal_1300683.png,nominal,none,1300683,test
nominal/nominal_1300684.png,nominal,none,1300684,test
nominal/nominal_1300685.png,nominal,none,1300685,val
nominal/nominal_1300686.png,nominal,none,1300686,val
nominal/nominal_1300687.png,nominal,none,1300687,train
nominal/nominal_1300688.png,nominal,none,1300688,test
nominal/nominal_1300689.png,nominal,none,1300689,train
nominal/nominal_1300690.png,nominal,none,1300690,train
nominal/nominal_1300691.png,nominal,none,1300691,val
nominal/nominal_1300692.png,nominal,none,1300692,val
nominal/nominal_1300693.png,nominal,none,1300693,train
nominal/nominal_1300694.png,nominal,none,1300694,train
nominal/nominal_1300695.png,nominal,none,1300695,train
nominal/nominal_1300696.png,nominal,none,1300696,train
nominal/nominal_1300697.png,nominal,none,1300697,test
nominal/nominal_1300698.png,nominal,none,1300698,val
nominal/nominal_1300699.png,nominal,none,1300699,train
nominal/nominal_1300700.png,nominal,none,1300700,train
nominal/nominal_1300701.png,nominal,none,1300701,train
nominal/nominal_1300702.png,nominal,none,1300702,train
nominal/nominal_1300703.png,nominal,none,1300703,train
nominal/nominal_1300704.png,nominal,none,1300704,train
nominal/nominal_1300705.png,nominal,none,1300705,train
nominal/nominal_1300706.png,nominal,none,1300706,train
nominal/nominal_1300707.png,nominal,none,1300707,train
nominal/nominal_1300708.png,nominal,none,1300708,train
nominal/nominal_1300709.png,nominal,none,1300709,train
nominal/nominal_1300710.png,nominal,none,1300710,train
nominal/nominal_1300711.png,nominal,none,1300711,train
nominal/nominal_1300712.png,nominal,none,1300712,train
nominal/nominal_1300713.png,nominal,none,1300713,train
nominal/nominal_1300714.png,nominal,none,1300714,train
nominal/nominal_1300715.png,nominal,none,1300715,train
nominal/nominal_1300716.png,nominal,none,1300716,val
nominal/nominal_1300717.png,nominal,none,1300717,train
nominal/nominal_1300718.png,nominal,none,1300718,test
nominal/nominal_1300719.png,nominal,none,1300719,test
nominal/nominal_1300720.png,nominal,none,1300720,train
nominal/nominal_1300721.png,nominal,none,1300721,test
nominal/nominal_1300722.png,nominal,none,1300722,train
nominal/nominal_1300723.png,nominal,none,1300723,train
nominal/nominal_1300724.png,nominal,none,1300724,train
nominal/nominal_1300725.png,nominal,none,1300725,train
nominal/nominal_1300726.png,nominal,none,1300726,test
nominal/nominal_1300727.png,nominal,none,1300727,train
nominal/nominal_1300728.png,nominal,none,1300728,val
nominal/nominal_1300729.png,nominal,none,1300729,train
nominal/nominal_1300730.png,nominal,none,1300730,train
nominal/nominal_1300731.png,nominal,none,1300731,train
nominal/nominal_1300732.png,nominal,none,1300732,train
nominal/nominal_1300733.png,nominal,none,1300733,train
nominal/nominal_1300734.png,nominal,none,1300734,train
nominal/nominal_1300735.png,nominal,none,1300735,train
nominal/nominal_1300736.png,nominal,none,1300736,train
nominal/nominal_1300737.png,nominal,none,1300737,train
nominal/nominal_1300738.png,nominal,none,1300738,val
nominal/nominal_1300739.png,nominal,none,1300739,train
nominal/nominal_1300740.png,nominal,none,1300740,train
nominal/nominal_1300741.png,nominal,none,1300741,train
nominal/nominal_1300742.png,nominal,none,1300742,val
nominal/nominal_1300743.png,nominal,none,1300743,val
nominal/nominal_1300744.png,nominal,none,1300744,train
nominal/nominal_1300745.png,nominal,none,1300745,train
nominal/nominal_1300746.png,nominal,none,1300746,train
nominal/nominal_1300747.png,nominal,none,1300747,train
nominal/nominal_1300748.png,nominal,none,1300748,train
nominal/nominal_1300749.png,nominal,none,1300749,train
nominal/nominal_1300750.png,nominal,none,1300750,val
nominal/nominal_1300751.png,nominal,none,1300751,val
nominal/nominal_1300752.png,nominal,none,1300752,test
nominal/nominal_1300753.png,nominal,none,1300753,test
nominal/nominal_1300754.png,nominal,none,1300754,train
nominal/nominal_1300755.png,nominal,none,1300755,train
nominal/nominal_1300756.png,nominal,none,1300756,train
nominal/nominal_1300757.png,nominal,none,1300757,train
nominal/nominal_1300758.png,nominal,none,1300758,train
nominal/nominal_1300759.png,nominal,none,1300759,train
nominal/nominal_1300760.png,nominal,none,1300760,train
nominal/nominal_1300761.png,nominal,none,1300761,train
nominal/nominal_1300762.png,nominal,none,1300762,train
nominal/nominal_1300763.png,nominal,none,1300763,train
nominal/nominal_1300764.png,nominal,none,1300764,train
nominal/nominal_1300765.png,nominal,none,1300765,train
nominal/nominal_1300766.png,nominal,none,1300766,train
nominal/nominal_1300767.png,nominal,none,1300767,train
nominal/nominal_1300768.png,nominal,none,1300768,train
nominal/nominal_1300769.png,nominal,none,1300769,train
nominal/nominal_1300770.png,nominal,none,1300770,train
nominal/nominal_1300771.png,nominal,none,1300771,train
nominal/nominal_1300772.png,nominal,none,1300772,train
nominal/nominal_1300773.png,nominal,none,1300773,train
nominal/nominal_1300774.png,nominal,none,1300774,train
nominal/nominal_1300775.png,nominal,none,1300775,train
nominal/nominal_1300776.png,nominal,none,1300776,train
nominal/nominal_1300777.png,nominal,none,1300777,train
nominal/nominal_1300778.png,nominal,none,1300778,train
nominal/nominal_1300779.png,nominal,none,1300779,val
nominal/nominal_1300780.png,nominal,none,1300780,train
nominal/nominal_1300781.png,nominal,none,1300781,val
nominal/nominal_1300782.png,nominal,none,1300782,val
nominal/nominal_1300783.png,nominal,none,1300783,train
nominal/nominal_1300784.png,nominal,none,1300784,train
nominal/nominal_1300785.png,nominal,none,1300785,val
nominal/nominal_1300786.png,nominal,none,1300786,val
nominal/nominal_1300787.png,nominal,none,1300787,train
nominal/nominal_1300788.png,nominal,none,1300788,test
nominal/nominal_1300789.png,nominal,none,1300789,train
nominal/nominal_1300790.png,nominal,none,1300790,train
nominal/nominal_1300791.png,nominal,none,1300791,val
nominal/nominal_1300792.png,nominal,none,1300792,val
nominal/nominal_1300793.png,nominal,none,1300793,train
nominal/nominal_1300794.png,nominal,none,1300794,train
nominal/nominal_1300795.png,nominal,none,1300795,train
nominal/nominal_1300796.png,nominal,none,1300796,train
nominal/nominal_1300797.png,nominal,none,1300797,val
nominal/nominal_1300798.png,nominal,none,1300798,train
nominal/nominal_1300799.png,nominal,none,1300799,train
nominal/nominal_1300800.png,nominal,none,1300800,train
nominal/nominal_1300801.png,nominal,none,1300801,val
nominal/nominal_1300802.png,nominal,none,1300802,val
nominal/nominal_1300803.png,nominal,none,1300803,train
nominal/nominal_1300804.png,nominal,none,1300804,train
nominal/nominal_1300805.png,nominal,none,1300805,train
nominal/nominal_1300806.png,nominal,none,1300806,train
nominal/nominal_1300807.png,nominal,none,1300807,train
nominal/nominal_1300808.png,nominal,none,1300808,test
nominal/nominal_1300809.png,nominal,none,1300809,train
nominal/nominal_1300810.png,nominal,none,1300810,test
nominal/nominal_1300811.png,nominal,none,1300811,train
nominal/nominal_1300812.png,nominal,none,1300812,train
nominal/nominal_1300813.png,nominal,none,1300813,train
nominal/nominal_1300814.png,nominal,none,1300814,train
nominal/nominal_1300815.png,nominal,none,1300815,train
nominal/nominal_1300816.png,nominal,none,1300816,test
nominal/nominal_1300817.png,nominal,none,1300817,train
nominal/nominal_1300818.png,nominal,none,1300818,train
nominal/nominal_1300819.png,nominal,none,1300819,train
nominal/nominal_1300820.png,nominal,none,1300820,train
nominal/nominal_1300821.png,nominal,none,1300821,val
nominal/nominal_1300822.png,nominal,none,1300822,val
nominal/nominal_1300823.png,nominal,none,1300823,train
nominal/nominal_1300824.png,nominal,none,1300824,train
nominal/nominal_1300825.png,nominal,none,1300825,train
nominal/nominal_1300826.png,nominal,none,1300826,val
nominal/nominal_1300827.png,nominal,none,1300827,train
nominal/nominal_1300828.png,nominal,none,1300828,train
nominal/nominal_1300829.png,nominal,none,1300829,train
nominal/nominal_1300830.png,nominal,none,1300830,train
nominal/nominal_1300831.png,nominal,none,1300831,train
nominal/nominal_1300832.png,nominal,none,1300832,train
nominal/nominal_1300833.png,nominal,none,1300833,train
nominal/nominal_1300834.png,nominal,none,1300834,val
nominal/nominal_1300835.png,nominal,none,1300835,val
nominal/nominal_1300836.png,nominal,none,1300836,train
nominal/nominal_1300837.png,nominal,none,1300837,train
nominal/nominal_1300838.png,nominal,none,1300838,val
nominal/nominal_1300839.png,nominal,none,1300839,test
nominal/nominal_1300840.png,nominal,none,1300840,train
nominal/nominal_1300841.png,nominal,none,1300841,train
nominal/nominal_1300842.png,nominal,none,1300842,test
nominal/nominal_1300843.png,nominal,none,1300843,train
nominal/nominal_1300844.png,nominal,none,1300844,train
nominal/nominal_1300845.png,nominal,none,1300845,val
nominal/nominal_1300846.png,nominal,none,1300846,train
nominal/nominal_1300847.png,nominal,none,1300847,train
nominal/nominal_1300848.png,nominal,none,1300848,train
nominal/nominal_1300849.png,nominal,none,1300849,train
nominal/nominal_1300850.png,nominal,none,1300850,val
nominal/nominal_1300851.png,nominal,none,1300851,val
nominal/nominal_1300852.png,nominal,none,1300852,val
nominal/nominal_1300853.png,nominal,none,1300853,val
nominal/nominal_1300854.png,nominal,none,1300854,train
nominal/nominal_1300855.png,nominal,none,1300855,val
nominal/nominal_1300856.png,nominal,none,1300856,test
nominal/nominal_1300857.png,nominal,none,1300857,test
nominal/nominal_1300858.png,nominal,none,1300858,train
nominal/nominal_1300859.png,nominal,none,1300859,train
nominal/nominal_1300860.png,nominal,none,1300860,val
nominal/nominal_1300861.png,nominal,none,1300861,train
nominal/nominal_1300862.png,nominal,none,1300862,test
nominal/nominal_1300863.png,nominal,none,1300863,train
nominal/nominal_1300864.png,nominal,none,1300864,val
nominal/nominal_1300865.png,nominal,none,1300865,val
nominal/nominal_1300866.png,nominal,none,1300866,train
nominal/nominal_1300867.png,nominal,none,1300867,train
nominal/nominal_1300868.png,nominal,none,1300868,train
nominal/nominal_1300869.png,nominal,none,1300869,train
nominal/nominal_1300870.png,nominal,none,1300870,val
nominal/nominal_1300871.png,nominal,none,1300871,train
nominal/nominal_1300872.png,nominal,none,1300872,train
nominal/nominal_1300873.png,nominal,none,1300873,train
nominal/nominal_1300874.png,nominal,none,1300874,train
nominal/nominal_1300875.png,nominal,none,1300875,train
nominal/nominal_1300876.png,nominal,none,1300876,test
nominal/nominal_1300877.png,nominal,none,1300877,train
nominal/nominal_1300878.png,nominal,none,1300878,train
nominal/nominal_1300879.png,nominal,none,1300879,train
nominal/nominal_1300880.png,nominal,none,1300880,val
nominal/nominal_1300881.png,nominal,none,1300881,test
nominal/nominal_1300882.png,nominal,none,1300882,val
nominal/nominal_1300883.png,nominal,none,1300883,train
nominal/nominal_1300884.png,nominal,none,1300884,train
nominal/nominal_1300885.png,nominal,none,1300885,train
nominal/nominal_1300886.png,nominal,none,1300886,val
nominal/nominal_1300887.png,nominal,none,1300887,val
nominal/nominal_1300888.png,nominal,none,1300888,train
nominal/nominal_1300889.png,nominal,none,1300889,train
nominal/nominal_1300890.png,nominal,none,1300890,test
nominal/nominal_1300891.png,nominal,none,1300891,train
nominal/nominal_1300892.png,nominal,none,1300892,val
nominal/nominal_1300893.png,nominal,none,1300893,train
nominal/nominal_1300894.png,nominal,none,1300894,train
nominal/nominal_1300895.png,nominal,none,1300895,val
nominal/nominal_1300896.png,nominal,none,1300896,test
nominal/nominal_1300897.png,nominal,none,1300897,test
nominal/nominal_1300898.png,nominal,none,1300898,val
nominal/nominal_1300899.png,nominal,none,1300899,train
nominal/nominal_1300900.png,nominal,none,1300900,train
nominal/nominal_1300901.png,nominal,none,1300901,val
nominal/nominal_1300902.png,nominal,none,1300902,test
nominal/nominal_1300903.png,nominal,none,1300903,train
nominal/nominal_1300904.png,nominal,none,1300904,test
nominal/nominal_1300905.png,nominal,none,1300905,test
nominal/nominal_1300906.png,nominal,none,1300906,train
nominal/nominal_1300907.png,nominal,none,1300907,val
nominal/nominal_1300908.png,nominal,none,1300908,train
nominal/nominal_1300909.png,nominal,none,1300909,train
nominal/nominal_1300910.png,nominal,none,1300910,train
nominal/nominal_1300911.png,nominal,none,1300911,train
nominal/nominal_1300912.png,nominal,none,1300912,train
nominal/nominal_1300913.png,nominal,none,1300913,train
nominal/nominal_1300914.png,nominal,none,1300914,train
nominal/nominal_1300915.png,nominal,none,1300915,train
nominal/nominal_1300916.png,nominal,none,1300916,test
nominal/nominal_1300917.png,nominal,none,1300917,test
nominal/nominal_1300918.png,nominal,none,1300918,test
nominal/nominal_1300919.png,nominal,none,1300919,train
nominal/nominal_1300920.png,nominal,none,1300920,train
nominal/nominal_1300921.png,nominal,none,1300921,val
nominal/nominal_1300922.png,nominal,none,1300922,train
nominal/nominal_1300923.png,nominal,none,1300923,train
nominal/nominal_1300924.png,nominal,none,1300924,test
nominal/nominal_1300925.png,nominal,none,1300925,test
nominal/nominal_1300926.png,nominal,none,1300926,val
nominal/nominal_1300927.png,nominal,none,1300927,train
nominal/nominal_1300928.png,nominal,none,1300928,train
nominal/nominal_1300929.png,nominal,none,1300929,train
nominal/nominal_1300930.png,nominal,none,1300930,train
nominal/nominal_1300931.png,nominal,none,1300931,train
nominal/nominal_1300932.png,nominal,none,1300932,test
nominal/nominal_1300933.png,nominal,none,1300933,train
nominal/nominal_1300934.png,nominal,none,1300934,train
nominal/nominal_1300935.png,nominal,none,1300935,val
nominal/nominal_1300936.png,nominal,none,1300936,train
nominal/nominal_1300937.png,nominal,none,1300937,train
nominal/nominal_1300938.png,nominal,none,1300938,train
nominal/nominal_1300939.png,nominal,none,1300939,train
nominal/nominal_1300940.png,nominal,none,1300940,train
nominal/nominal_1300941.png,nominal,none,1300941,val
nominal/nominal_1300942.png,nominal,none,1300942,train
nominal/nominal_1300943.png,nominal,none,1300943,train
nominal/nominal_1300944.png,nominal,none,1300944,train
nominal/nominal_1300945.png,nominal,none,1300945,train
nominal/nominal_1300946.png,nominal,none,1300946,train
nominal/nominal_1300947.png,nominal,none,1300947,val
nominal/nominal_1300948.png,nominal,none,1300948,train
nominal/nominal_1300949.png,nominal,none,1300949,val
nominal/nominal_1300950.png,nominal,none,1300950,train
nominal/nominal_1300951.png,nominal,none,1300951,train
nominal/nominal_1300952.png,nominal,none,1300952,train
nominal/nominal_1300953.png,nominal,none,1300953,val
nominal/nominal_1300954.png,nominal,none,1300954,train
nominal/nominal_1300955.png,nominal,none,1300955,train
nominal/nominal_1300956.png,nominal,none,1300956,test
nominal/nominal_1300957.png,nominal,none,1300957,train
nominal/nominal_1300958.png,nominal,none,1300958,train
nominal/nominal_1300959.png,nominal,none,1300959,val
nominal/nominal_1300960.png,nominal,none,1300960,train
nominal/nominal_1300961.png,nominal,none,1300961,train
nominal/nominal_1300962.png,nominal,none,1300962,val
nominal/nominal_1300963.png,nominal,none,1300963,val
nominal/nominal_1300964.png,nominal,none,1300964,test
nominal/nominal_1300965.png,nominal,none,1300965,train
nominal/nominal_1300966.png,nominal,none,1300966,train
nominal/nominal_1300967.png,nominal,none,1300967,val
nominal/nominal_1300968.png,nominal,none,1300968,train
nominal/nominal_1300969.png,nominal,none,1300969,val
nominal/nominal_1300970.png,nominal,none,1300970,train
nominal/nominal_1300971.png,nominal,none,1300971,train
nominal/nominal_1300972.png,nominal,none,1300972,val
nominal/nominal_1300973.png,nominal,none,1300973,train
nominal/nominal_1300974.png,nominal,none,1300974,train
nominal/nominal_1300975.png,nominal,none,1300975,train
nominal/nominal_1300976.png,nominal,none,1300976,test
nominal/nominal_1300977.png,nominal,none,1300977,train
nominal/nominal_1300978.png,nominal,none,1300978,train
nominal/nominal_1300979.png,nominal,none,1300979,train
nominal/nominal_1300980.png,nominal,none,1300980,train
nominal/nominal_1300981.png,nominal,none,1300981,train
nominal/nominal_1300982.png,nominal,none,1300982,train
nominal/nominal_1300983.png,nominal,none,1300983,train
nominal/nominal_1300984.png,nominal,none,1300984,train
nominal/nominal_1300985.png,nominal,none,1300985,train
nominal/nominal_1300986.png,nominal,none,1300986,train
nominal/nominal_1300987.png,nominal,none,1300987,train
nominal/nominal_1300988.png,nominal,none,1300988,train
nominal/nominal_1300989.png,nominal,none,1300989,train
nominal/nominal_1300990.png,nominal,none,1300990,train
nominal/nominal_1300991.png,nominal,none,1300991,val
nominal/nominal_1300992.png,nominal,none,1300992,train
nominal/nominal_1300993.png,nominal,none,1300993,train
nominal/nominal_1300994.png,nominal,none,1300994,test
nominal/nominal_1300995.png,nominal,none,1300995,train
nominal/nominal_1300996.png,nominal,none,1300996,val
nominal/nominal_1300997.png,nominal,none,1300997,train
nominal/nominal_1300998.png,nominal,none,1300998,train
nominal/nominal_1300999.png,nominal,none,1300999,test
nominal/nominal_1301000.png,nominal,none,1301000,train
nominal/nominal_1301001.png,nominal,none,1301001,train
nominal/nominal_1301002.png,nominal,none,1301002,test
nominal/nominal_1301003.png,nominal,none,1301003,test
nominal/nominal_1301004.png,nominal,none,1301004,train
nominal/nominal_1301005.png,nominal,none,1301005,train
nominal/nominal_1301006.png,nominal,none,1301006,train
nominal/nominal_1301007.png,nominal,none,1301007,train
nominal/nominal_1301008.png,nominal,none,1301008,train
nominal/nominal_1301009.png,nominal,none,1301009,train
nominal/nominal_1301010.png,nominal,none,1301010,train
nominal/nominal_1301011.png,nominal,none,1301011,test
nominal/nominal_1301012.png,nominal,none,1301012,train
nominal/nominal_1301013.png,nominal,none,1301013,train
nominal/nominal_1301014.png,nominal,none,1301014,train
nominal/nominal_1301015.png,nominal,none,1301015,val
nominal/nominal_1301016.png,nominal,none,1301016,train
nominal/nominal_1301017.png,nominal,none,1301017,test
nominal/nominal_1301018.png,nominal,none,1301018,train
nominal/nominal_1301019.png,nominal,none,1301019,train
nominal/nominal_1301020.png,nominal,none,1301020,test
nominal/nominal_1301021.png,nominal,none,1301021,train
nominal/nominal_1301022.png,nominal,none,1301022,train
nominal/nominal_1301023.png,nominal,none,1301023,train
nominal/nominal_1301024.png,nominal,none,1301024,train
nominal/nominal_1301025.png,nominal,none,1301025,val
nominal/nominal_1301026.png,nominal,none,1301026,train
nominal/nominal_1301027.png,nominal,none,1301027,train
nominal/nominal_1301028.png,nominal,none,1301028,train
nominal/nominal_1301029.png,nominal,none,1301029,train
nominal/nominal_1301030.png,nominal,none,1301030,train
nominal/nominal_1301031.png,nominal,none,1301031,train
nominal/nominal_1301032.png,nominal,none,1301032,train
nominal/nominal_1301033.png,nominal,none,1301033,val
nominal/nominal_1301034.png,nominal,none,1301034,train
nominal/nominal_1301035.png,nominal,none,1301035,val
nominal/nominal_1301036.png,nominal,none,1301036,train
nominal/nominal_1301037.png,nominal,none,1301037,train
nominal/nominal_1301038.png,nominal,none,1301038,train
nominal/nominal_1301039.png,nominal,none,1301039,train
nominal/nominal_1301040.png,nominal,none,1301040,test
nominal/nominal_1301041.png,nominal,none,1301041,train
nominal/nominal_1301042.png,nominal,none,1301042,val
nominal/nominal_1301043.png,nominal,none,1301043,train
nominal/nominal_1301044.png,nominal,none,1301044,train
nominal/nominal_1301045.png,nominal,none,1301045,train
nominal/nominal_1301046.png,nominal,none,1301046,train
nominal/nominal_1301047.png,nominal,none,1301047,test
nominal/nominal_1301048.png,nominal,none,1301048,train
nominal/nominal_1301049.png,nominal,none,1301049,train
nominal/nominal_1301050.png,nominal,none,1301050,train
nominal/nominal_1301051.png,nominal,none,1301051,train
nominal/nominal_1301052.png,nominal,none,1301052,train
nominal/nominal_1301053.png,nominal,none,1301053,train
nominal/nominal_1301054.png,nominal,none,1301054,train
nominal/nominal_1301055.png,nominal,none,1301055,train
nominal/nominal_1301056.png,nominal,none,1301056,train
nominal/nominal_1301057.png,nominal,none,1301057,train
nominal/nominal_1301058.png,nominal,none,1301058,train
nominal/nominal_1301059.png,nominal,none,1301059,train
nominal/nominal_1301060.png,nominal,none,1301060,train
nominal/nominal_1301061.png,nominal,none,1301061,train
nominal/nominal_1301062.png,nominal,none,1301062,val
nominal/nominal_1301063.png,nominal,none,1301063,train
nominal/nominal_1301064.png,nominal,none,1301064,train
nominal/nominal_1301065.png,nominal,none,1301065,train
nominal/nominal_1301066.png,nominal,none,1301066,val
nominal/nominal_1301067.png,nominal,none,1301067,train
nominal/nominal_1301068.png,nominal,none,1301068,train
nominal/nominal_1301069.png,nominal,none,1301069,train
nominal/nominal_1301070.png,nominal,none,1301070,train
nominal/nominal_1301071.png,nominal,none,1301071,test
nominal/nominal_1301072.png,nominal,none,1301072,train
nominal/nominal_1301073.png,nominal,none,1301073,train
nominal/nominal_1301074.png,nominal,none,1301074,train
nominal/nominal_1301075.png,nominal,none,1301075,train
nominal/nominal_1301076.png,nominal,none,1301076,val
nominal/nominal_1301077.png,nominal,none,1301077,train
nominal/nominal_1301078.png,nominal,none,1301078,train
nominal/nominal_1301079.png,nominal,none,1301079,train
nominal/nominal_1301080.png,nominal,none,1301080,train
nominal/nominal_1301081.png,nominal,none,1301081,val
nominal/nominal_1301082.png,nominal,none,1301082,train
nominal/nominal_1301083.png,nominal,none,1301083,train
nominal/nominal_1301084.png,nominal,none,1301084,train
nominal/nominal_1301085.png,nominal,none,1301085,train
nominal/nominal_1301086.png,nominal,none,1301086,train
nominal/nominal_1301087.png,nominal,none,1301087,test
nominal/nominal_1301088.png,nominal,none,1301088,train
nominal/nominal_1301089.png,nominal,none,1301089,test
nominal/nominal_1301090.png,nominal,none,1301090,train
nominal/nominal_1301091.png,nominal,none,1301091,train
nominal/nominal_1301092.png,nominal,none,1301092,train
nominal/nominal_1301093.png,nominal,none,1301093,train
nominal/nominal_1301094.png,nominal,none,1301094,train
nominal/nominal_1301095.png,nominal,none,1301095,val
nominal/nominal_1301096.png,nominal,none,1301096,train
nominal/nominal_1301097.png,nominal,none,1301097,train
nominal/nominal_1301098.png,nominal,none,1301098,train
nominal/nominal_1301099.png,nominal,none,1301099,test
nominal/nominal_1301100.png,nominal,none,1301100,train
nominal/nominal_1301101.png,nominal,none,1301101,train
nominal/nominal_1301102.png,nominal,none,1301102,train
nominal/nominal_1301103.png,nominal,none,1301103,train
nominal/nominal_1301104.png,nominal,none,1301104,train
nominal/nominal_1301105.png,nominal,none,1301105,train
nominal/nominal_1301106.png,nominal,none,1301106,train
nominal/nominal_1301107.png,nominal,none,1301107,train
nominal/nominal_1301108.png,nominal,none,1301108,val
nominal/nominal_1301109.png,nominal,none,1301109,val
nominal/nominal_1301110.png,nominal,none,1301110,train
nominal/nominal_1301111.png,nominal,none,1301111,val
nominal/nominal_1301112.png,nominal,none,1301112,val
nominal/nominal_1301113.png,nominal,none,1301113,train
nominal/nominal_1301114.png,nominal,none,1301114,train
nominal/nominal_1301115.png,nominal,none,1301115,test
nominal/nominal_1301116.png,nominal,none,1301116,train
nominal/nominal_1301117.png,nominal,none,1301117,train
nominal/nominal_1301118.png,nominal,none,1301118,val
nominal/nominal_1301119.png,nominal,none,1301119,train
nominal/nominal_1301120.png,nominal,none,1301120,train
nominal/nominal_1301121.png,nominal,none,1301121,test
nominal/nominal_1301122.png,nominal,none,1301122,train
nominal/nominal_1301123.png,nominal,none,1301123,train
nominal/nominal_1301124.png,nominal,none,1301124,val
nominal/nominal_1301125.png,nominal,none,1301125,train
nominal/nominal_1301126.png,nominal,none,1301126,train
nominal/nominal_1301127.png,nominal,none,1301127,train
nominal/nominal_1301128.png,nominal,none,1301128,train
nominal/nominal_1301129.png,nominal,none,1301129,train
nominal/nominal_1301130.png,nominal,none,1301130,train
nominal/nominal_1301131.png,nominal,none,1301131,train
nominal/nominal_1301132.png,nominal,none,1301132,train
nominal/nominal_1301133.png,nominal,none,1301133,val
nominal/nominal_1301134.png,nominal,none,1301134,train
nominal/nominal_1301135.png,nominal,none,1301135,val
nominal/nominal_1301136.png,nominal,none,1301136,train
nominal/nominal_1301137.png,nominal,none,1301137,train
nominal/nominal_1301138.png,nominal,none,1301138,val
nominal/nominal_1301139.png,nominal,none,1301139,val
nominal/nominal_1301140.png,nominal,none,1301140,train
nominal/nominal_1301141.png,nominal,none,1301141,train
nominal/nominal_1301142.png,nominal,none,1301142,val
nominal/nominal_1301143.png,nominal,none,1301143,train
nominal/nominal_1301144.png,nominal,none,1301144,train
nominal/nominal_1301145.png,nominal,none,1301145,train
nominal/nominal_1301146.png,nominal,none,1301146,train
nominal/nominal_1301147.png,nominal,none,1301147,train
nominal/nominal_1301148.png,nominal,none,1301148,val
nominal/nominal_1301149.png,nominal,none,1301149,test
nominal/nominal_1301150.png,nominal,none,1301150,train
nominal/nominal_1301151.png,nominal,none,1301151,train
nominal/nominal_1301152.png,nominal,none,1301152,val
nominal/nominal_1301153.png,nominal,none,1301153,train
nominal/nominal_1301154.png,nominal,none,1301154,train
nominal/nominal_1301155.png,nominal,none,1301155,val
nominal/nominal_1301156.png,nominal,none,1301156,train
nominal/nominal_1301157.png,nominal,none,1301157,train
nominal/nominal_1301158.png,nominal,none,1301158,train
nominal/nominal_1301159.png,nominal,none,1301159,train
nominal/nominal_1301160.png,nominal,none,1301160,train
nominal/nominal_1301161.png,nominal,none,1301161,train
nominal/nominal_1301162.png,nominal,none,1301162,test
nominal/nominal_1301163.png,nominal,none,1301163,test
nominal/nominal_1301164.png,nominal,none,1301164,train
nominal/nominal_1301165.png,nominal,none,1301165,val
nominal/nominal_1301166.png,nominal,none,1301166,val
nominal/nominal_1301167.png,nominal,none,1301167,train
nominal/nominal_1301168.png,nominal,none,1301168,train
nominal/nominal_1301169.png,nominal,none,1301169,test
nominal/nominal_1301170.png,nominal,none,1301170,val
nominal/nominal_1301171.png,nominal,none,1301171,val
nominal/nominal_1301172.png,nominal,none,1301172,train
nominal/nominal_1301173.png,nominal,none,1301173,train
nominal/nominal_1301174.png,nominal,none,1301174,train
nominal/nominal_1301175.png,nominal,none,1301175,test
nominal/nominal_1301176.png,nominal,none,1301176,train
nominal/nominal_1301177.png,nominal,none,1301177,val
nominal/nominal_1301178.png,nominal,none,1301178,train
nominal/nominal_1301179.png,nominal,none,1301179,train
nominal/nominal_1301180.png,nominal,none,1301180,train
nominal/nominal_1301181.png,nominal,none,1301181,train
nominal/nominal_1301182.png,nominal,none,1301182,train
nominal/nominal_1301183.png,nominal,none,1301183,train
nominal/nominal_1301184.png,nominal,none,1301184,train
nominal/nominal_1301185.png,nominal,none,1301185,train
nominal/nominal_1301186.png,nominal,none,1301186,train
nominal/nominal_1301187.png,nominal,none,1301187,train
nominal/nominal_1301188.png,nominal,none,1301188,train
nominal/nominal_1301189.png,nominal,none,1301189,train
nominal/nominal_1301190.png,nominal,none,1301190,test
nominal/nominal_1301191.png,nominal,none,1301191,train
nominal/nominal_1301192.png,nominal,none,1301192,test
nominal/nominal_1301193.png,nominal,none,1301193,train
nominal/nominal_1301194.png,nominal,none,1301194,test
nominal/nominal_1301195.png,nominal,none,1301195,val
nominal/nominal_1301196.png,nominal,none,1301196,val
nominal/nominal_1301197.png,nominal,none,1301197,test
nominal/nominal_1301198.png,nominal,none,1301198,train
nominal/nominal_1301199.png,nominal,none,1301199,train
nominal/nominal_1301200.png,nominal,none,1301200,train
nominal/nominal_1301201.png,nominal,none,1301201,train
nominal/nominal_1301202.png,nominal,none,1301202,train
nominal/nominal_1301203.png,nominal,none,1301203,train
nominal/nominal_1301204.png,nominal,none,1301204,val
nominal/nominal_1301205.png,nominal,none,1301205,train
nominal/nominal_1301206.png,nominal,none,1301206,train
nominal/nominal_1301207.png,nominal,none,1301207,train
nominal/nominal_1301208.png,nominal,none,1301208,train
nominal/nominal_1301209.png,nominal,none,1301209,train
nominal/nominal_1301210.png,nominal,none,1301210,val
nominal/nominal_1301211.png,nominal,none,1301211,val
nominal/nominal_1301212.png,nominal,none,1301212,train
nominal/nominal_1301213.png,nominal,none,1301213,train
nominal/nominal_1301214.png,nominal,none,1301214,val
nominal/nominal_1301215.png,nominal,none,1301215,test
nominal/nominal_1301216.png,nominal,none,1301216,train
nominal/nominal_1301217.png,nominal,none,1301217,train
nominal/nominal_1301218.png,nominal,none,1301218,train
nominal/nominal_1301219.png,nominal,none,1301219,val
nominal/nominal_1301220.png,nominal,none,1301220,train
nominal/nominal_1301221.png,nominal,none,1301221,train
nominal/nominal_1301222.png,nominal,none,1301222,val
nominal/nominal_1301223.png,nominal,none,1301223,train
nominal/nominal_1301224.png,nominal,none,1301224,train
nominal/nominal_1301225.png,nominal,none,1301225,train
nominal/nominal_1301226.png,nominal,none,1301226,train
nominal/nominal_1301227.png,nominal,none,1301227,train
nominal/nominal_1301228.png,nominal,none,1301228,train
nominal/nominal_1301229.png,nominal,none,1301229,test
nominal/nominal_1301230.png,nominal,none,1301230,train
nominal/nominal_1301231.png,nominal,none,1301231,train
nominal/nominal_1301232.png,nominal,none,1301232,train
nominal/nominal_1301233.png,nominal,none,1301233,train
nominal/nominal_1301234.png,nominal,none,1301234,train
nominal/nominal_1301235.png,nominal,none,1301235,train
nominal/nominal_1301236.png,nominal,none,1301236,train
nominal/nominal_1301237.png,nominal,none,1301237,train
nominal/nominal_1301238.png,nominal,none,1301238,val
nominal/nominal_1301239.png,nominal,none,1301239,train
nominal/nominal_1301240.png,nominal,none,1301240,train
nominal/nominal_1301241.png,nominal,none,1301241,train
nominal/nominal_1301242.png,nominal,none,1301242,train
nominal/nominal_1301243.png,nominal,none,1301243,train
nominal/nominal_1301244.png,nominal,none,1301244,train
nominal/nominal_1301245.png,nominal,none,1301245,train
nominal/nominal_1301246.png,nominal,none,1301246,train
nominal/nominal_1301247.png,nominal,none,1301247,train
nominal/nominal_1301248.png,nominal,none,1301248,val
nominal/nominal_1301249.png,nominal,none,1301249,val
nominal/nominal_1301250.png,nominal,none,1301250,train
nominal/nominal_1301251.png,nominal,none,1301251,train
nominal/nominal_1301252.png,nominal,none,1301252,train
nominal/nominal_1301253.png,nominal,none,1301253,test
nominal/nominal_1301254.png,nominal,none,1301254,test
nominal/nominal_1301255.png,nominal,none,1301255,train
nominal/nominal_1301256.png,nominal,none,1301256,train
nominal/nominal_1301257.png,nominal,none,1301257,train
nominal/nominal_1301258.png,nominal,none,1301258,train
nominal/nominal_1301259.png,nominal,none,1301259,train
nominal/nominal_1301260.png,nominal,none,1301260,train
nominal/nominal_1301261.png,nominal,none,1301261,train
nominal/nominal_1301262.png,nominal,none,1301262,val
nominal/nominal_1301263.png,nominal,none,1301263,train
nominal/nominal_1301264.png,nominal,none,1301264,val
nominal/nominal_1301265.png,nominal,none,1301265,train
nominal/nominal_1301266.png,nominal,none,1301266,train
nominal/nominal_1301267.png,nominal,none,1301267,train
nominal/nominal_1301268.png,nominal,none,1301268,val
nominal/nominal_1301269.png,nominal,none,1301269,val
nominal/nominal_1301270.png,nominal,none,1301270,val
nominal/nominal_1301271.png,nominal,none,1301271,val
nominal/nominal_1301272.png,nominal,none,1301272,test
nominal/nominal_1301273.png,nominal,none,1301273,test
nominal/nominal_1301274.png,nominal,none,1301274,train
nominal/nominal_1301275.png,nominal,none,1301275,train
nominal/nominal_1301276.png,nominal,none,1301276,train
nominal/nominal_1301277.png,nominal,none,1301277,train
nominal/nominal_1301278.png,nominal,none,1301278,train
nominal/nominal_1301279.png,nominal,none,1301279,train
nominal/nominal_1301280.png,nominal,none,1301280,val
nominal/nominal_1301281.png,nominal,none,1301281,val
nominal/nominal_1301282.png,nominal,none,1301282,train
nominal/nominal_1301283.png,nominal,none,1301283,train
nominal/nominal_1301284.png,nominal,none,1301284,val
nominal/nominal_1301285.png,nominal,none,1301285,train
nominal/nominal_1301286.png,nominal,none,1301286,test
nominal/nominal_1301287.png,nominal,none,1301287,val
nominal/nominal_1301288.png,nominal,none,1301288,test
nominal/nominal_1301289.png,nominal,none,1301289,train
nominal/nominal_1301290.png,nominal,none,1301290,train
nominal/nominal_1301291.png,nominal,none,1301291,train
nominal/nominal_1301292.png,nominal,none,1301292,train
nominal/nominal_1301293.png,nominal,none,1301293,train
nominal/nominal_1301294.png,nominal,none,1301294,train
nominal/nominal_1301295.png,nominal,none,1301295,train
nominal/nominal_1301296.png,nominal,none,1301296,train
nominal/nominal_1301297.png,nominal,none,1301297,train
nominal/nominal_1301298.png,nominal,none,1301298,test
nominal/nominal_1301299.png,nominal,none,1301299,train
nominal/nominal_1301300.png,nominal,none,1301300,train
nominal/nominal_1301301.png,nominal,none,1301301,val
nominal/nominal_1301302.png,nominal,none,1301302,train
nominal/nominal_1301303.png,nominal,none,1301303,train
nominal/nominal_1301304.png,nominal,none,1301304,train
nominal/nominal_1301305.png,nominal,none,1301305,train
nominal/nominal_1301306.png,nominal,none,1301306,train
nominal/nominal_1301307.png,nominal,none,1301307,val
nominal/nominal_1301308.png,nominal,none,1301308,train
nominal/nominal_1301309.png,nominal,none,1301309,test
nominal/nominal_1301310.png,nominal,none,1301310,train
nominal/nominal_1301311.png,nominal,none,1301311,val
nominal/nominal_1301312.png,nominal,none,1301312,train
nominal/nominal_1301313.png,nominal,none,1301313,train
nominal/nominal_1301314.png,nominal,none,1301314,train
nominal/nominal_1301315.png,nominal,none,1301315,test
nominal/nominal_1301316.png,nominal,none,1301316,train
nominal/nominal_1301317.png,nominal,none,1301317,train
nominal/nominal_1301318.png,nominal,none,1301318,val
nominal/nominal_1301319.png,nominal,none,1301319,train
nominal/nominal_1301320.png,nominal,none,1301320,train
nominal/nominal_1301321.png,nominal,none,1301321,train
nominal/nominal_1301322.png,nominal,none,1301322,train
nominal/nominal_1301323.png,nominal,none,1301323,train
nominal/nominal_1301324.png,nominal,none,1301324,train
nominal/nominal_1301325.png,nominal,none,1301325,train
nominal/nominal_1301326.png,nominal,none,1301326,test
nominal/nominal_1301327.png,nominal,none,1301327,train
nominal/nominal_1301328.png,nominal,none,1301328,train
nominal/nominal_1301329.png,nominal,none,1301329,train
nominal/nominal_1301330.png,nominal,none,1301330,train
nominal/nominal_1301331.png,nominal,none,1301331,train
nominal/nominal_1301332.png,nominal,none,1301332,val
nominal/nominal_1301333.png,nominal,none,1301333,val
nominal/nominal_1301334.png,nominal,none,1301334,val
nominal/nominal_1301335.png,nominal,none,1301335,train
nominal/nominal_1301336.png,nominal,none,1301336,val
nominal/nominal_1301337.png,nominal,none,1301337,train
nominal/nominal_1301338.png,nominal,none,1301338,train
nominal/nominal_1301339.png,nominal,none,1301339,train
nominal/nominal_1301340.png,nominal,none,1301340,train
nominal/nominal_1301341.png,nominal,none,1301341,train
nominal/nominal_1301342.png,nominal,none,1301342,train
nominal/nominal_1301343.png,nominal,none,1301343,train
nominal/nominal_1301344.png,nominal,none,1301344,test
nominal/nominal_1301345.png,nominal,none,1301345,val
nominal/nominal_1301346.png,nominal,none,1301346,test
nominal/nominal_1301347.png,nominal,none,1301347,train
nominal/nominal_1301348.png,nominal,none,1301348,train
nominal/nominal_1301349.png,nominal,none,1301349,test
nominal/nominal_1301350.png,nominal,none,1301350,train
nominal/nominal_1301351.png,nominal,none,1301351,train
nominal/nominal_1301352.png,nominal,none,1301352,train
nominal/nominal_1301353.png,nominal,none,1301353,train
nominal/nominal_1301354.png,nominal,none,1301354,val
nominal/nominal_1301355.png,nominal,none,1301355,train
nominal/nominal_1301356.png,nominal,none,1301356,train
nominal/nominal_1301357.png,nominal,none,1301357,train
nominal/nominal_1301358.png,nominal,none,1301358,val
nominal/nominal_1301359.png,nominal,none,1301359,train
nominal/nominal_1301360.png,nominal,none,1301360,train
nominal/nominal_1301361.png,nominal,none,1301361,train
nominal/nominal_1301362.png,nominal,none,1301362,train
nominal/nominal_1301363.png,nominal,none,1301363,train
nominal/nominal_1301364.png,nominal,none,1301364,train
nominal/nominal_1301365.png,nominal,none,1301365,train
nominal/nominal_1301366.png,nominal,none,1301366,train
nominal/nominal_1301367.png,nominal,none,1301367,train
nominal/nominal_1301368.png,nominal,none,1301368,val
nominal/nominal_1301369.png,nominal,none,1301369,train
nominal/nominal_1301370.png,nominal,none,1301370,train
nominal/nominal_1301371.png,nominal,none,1301371,test
nominal/nominal_1301372.png,nominal,none,1301372,test
nominal/nominal_1301373.png,nominal,none,1301373,train
nominal/nominal_1301374.png,nominal,none,1301374,train
nominal/nominal_1301375.png,nominal,none,1301375,train
nominal/nominal_1301376.png,nominal,none,1301376,train
nominal/nominal_1301377.png,nominal,none,1301377,train
nominal/nominal_1301378.png,nominal,none,1301378,val
nominal/nominal_1301379.png,nominal,none,1301379,train
nominal/nominal_1301380.png,nominal,none,1301380,train
nominal/nominal_1301381.png,nominal,none,1301381,train
nominal/nominal_1301382.png,nominal,none,1301382,train
nominal/nominal_1301383.png,nominal,none,1301383,train
nominal/nominal_1301384.png,nominal,none,1301384,val
nominal/nominal_1301385.png,nominal,none,1301385,test
nominal/nominal_1301386.png,nominal,none,1301386,train
nominal/nominal_1301387.png,nominal,none,1301387,train
nominal/nominal_1301388.png,nominal,none,1301388,train
nominal/nominal_1301389.png,nominal,none,1301389,train
nominal/nominal_1301390.png,nominal,none,1301390,train
nominal/nominal_1301391.png,nominal,none,1301391,train
nominal/nominal_1301392.png,nominal,none,1301392,val
nominal/nominal_1301393.png,nominal,none,1301393,train
nominal/nominal_1301394.png,nominal,none,1301394,train
nominal/nominal_1301395.png,nominal,none,1301395,train
nominal/nominal_1301396.png,nominal,none,1301396,val
nominal/nominal_1301397.png,nominal,none,1301397,val
nominal/nominal_1301398.png,nominal,none,1301398,test
nominal/nominal_1301399.png,nominal,none,1301399,train
nominal/nominal_1301400.png,nominal,none,1301400,train
nominal/nominal_1301401.png,nominal,none,1301401,train
nominal/nominal_1301402.png,nominal,none,1301402,train
nominal/nominal_1301403.png,nominal,none,1301403,train
nominal/nominal_1301404.png,nominal,none,1301404,train
nominal/nominal_1301405.png,nominal,none,1301405,train
nominal/nominal_1301406.png,nominal,none,1301406,test
nominal/nominal_1301407.png,nominal,none,1301407,train
nominal/nominal_1301408.png,nominal,none,1301408,test
nominal/nominal_1301409.png,nominal,none,1301409,train
nominal/nominal_1301410.png,nominal,none,1301410,val
nominal/nominal_1301411.png,nominal,none,1301411,train
nominal/nominal_1301412.png,nominal,none,1301412,test
nominal/nominal_1301413.png,nominal,none,1301413,train
nominal/nominal_1301414.png,nominal,none,1301414,train
nominal/nominal_1301415.png,nominal,none,1301415,val
nominal/nominal_1301416.png,nominal,none,1301416,val
nominal/nominal_1301417.png,nominal,none,1301417,val
nominal/nominal_1301418.png,nominal,none,1301418,train
nominal/nominal_1301419.png,nominal,none,1301419,val
nominal/nominal_1301420.png,nominal,none,1301420,train
nominal/nominal_1301421.png,nominal,none,1301421,train
nominal/nominal_1301422.png,nominal,none,1301422,val
nominal/nominal_1301423.png,nominal,none,1301423,val
nominal/nominal_1301424.png,nominal,none,1301424,train
nominal/nominal_1301425.png,nominal,none,1301425,train
nominal/nominal_1301426.png,nominal,none,1301426,train
nominal/nominal_1301427.png,nominal,none,1301427,val
nominal/nominal_1301428.png,nominal,none,1301428,train
nominal/nominal_1301429.png,nominal,none,1301429,train
nominal/nominal_1301430.png,nominal,none,1301430,train
nominal/nominal_1301431.png,nominal,none,1301431,train
nominal/nominal_1301432.png,nominal,none,1301432,train
nominal/nominal_1301433.png,nominal,none,1301433,test
nominal/nominal_1301434.png,nominal,none,1301434,train
nominal/nominal_1301435.png,nominal,none,1301435,train
nominal/nominal_1301436.png,nominal,none,1301436,train
nominal/nominal_1301437.png,nominal,none,1301437,train
nominal/nominal_1301438.png,nominal,none,1301438,train
nominal/nominal_1301439.png,nominal,none,1301439,train
nominal/nominal_1301440.png,nominal,none,1301440,train
nominal/nominal_1301441.png,nominal,none,1301441,train
nominal/nominal_1301442.png,nominal,none,1301442,train
nominal/nominal_1301443.png,nominal,none,1301443,test
nominal/nominal_1301444.png,nominal,none,1301444,val
nominal/nominal_1301445.png,nominal,none,1301445,val
nominal/nominal_1301446.png,nominal,none,1301446,val
nominal/nominal_1301447.png,nominal,none,1301447,train
nominal/nominal_1301448.png,nominal,none,1301448,train
nominal/nominal_1301449.png,nominal,none,1301449,train
nominal/nominal_1301450.png,nominal,none,1301450,train
nominal/nominal_1301451.png,nominal,none,1301451,train
nominal/nominal_1301452.png,nominal,none,1301452,train
nominal/nominal_1301453.png,nominal,none,1301453,train
nominal/nominal_1301454.png,nominal,none,1301454,train
nominal/nominal_1301455.png,nominal,none,1301455,val
nominal/nominal_1301456.png,nominal,none,1301456,train
nominal/nominal_1301457.png,nominal,none,1301457,train
nominal/nominal_1301458.png,nominal,none,1301458,val
nominal/nominal_1301459.png,nominal,none,1301459,train
nominal/nominal_1301460.png,nominal,none,1301460,train
nominal/nominal_1301461.png,nominal,none,1301461,train
nominal/nominal_1301462.png,nominal,none,1301462,train
nominal/nominal_1301463.png,nominal,none,1301463,train
nominal/nominal_1301464.png,nominal,none,1301464,val
nominal/nominal_1301465.png,nominal,none,1301465,train
nominal/nominal_1301466.png,nominal,none,1301466,val
nominal/nominal_1301467.png,nominal,none,1301467,train
nominal/nominal_1301468.png,nominal,none,1301468,val
nominal/nominal_1301469.png,nominal,none,1301469,val
nominal/nominal_1301470.png,nominal,none,1301470,train
nominal/nominal_1301471.png,nominal,none,1301471,train
nominal/nominal_1301472.png,nominal,none,1301472,train
nominal/nominal_1301473.png,nominal,none,1301473,val
nominal/nominal_1301474.png,nominal,none,1301474,val
nominal/nominal_1301475.png,nominal,none,1301475,train
nominal/nominal_1301476.png,nominal,none,1301476,train
nominal/nominal_1301477.png,nominal,none,1301477,train
nominal/nominal_1301478.png,nominal,none,1301478,val
nominal/nominal_1301479.png,nominal,none,1301479,test
nominal/nominal_1301480.png,nominal,none,1301480,train
nominal/nominal_1301481.png,nominal,none,1301481,train
nominal/nominal_1301482.png,nominal,none,1301482,train
nominal/nominal_1301483.png,nominal,none,1301483,train
nominal/nominal_1301484.png,nominal,none,1301484,val
nominal/nominal_1301485.png,nominal,none,1301485,test
nominal/nominal_1301486.png,nominal,none,1301486,train
nominal/nominal_1301487.png,nominal,none,1301487,test
nominal/nominal_1301488.png,nominal,none,1301488,val
nominal/nominal_1301489.png,nominal,none,1301489,val
nominal/nominal_1301490.png,nominal,none,1301490,train
nominal/nominal_1301491.png,nominal,none,1301491,train
nominal/nominal_1301492.png,nominal,none,1301492,train
nominal/nominal_1301493.png,nominal,none,1301493,train
nominal/nominal_1301494.png,nominal,none,1301494,train
nominal/nominal_1301495.png,nominal,none,1301495,train
nominal/nominal_1301496.png,nominal,none,1301496,train
nominal/nominal_1301497.png,nominal,none,1301497,train
nominal/nominal_1301498.png,nominal,none,1301498,test
nominal/nominal_1301499.png,nominal,none,1301499,train
